# Blender 4.5.0
# www.blender.org
mtllib moonfloorock1.mtl
o rocks
v -4.156711 -1.936547 -0.760306
v -4.153999 -1.940830 -0.782974
v -4.130491 -1.924745 -0.761613
v -4.127680 -1.929268 -0.782606
v -4.137700 -1.953021 -0.755503
v -4.134462 -1.955911 -0.776903
v -4.110444 -1.940716 -0.755587
v -4.109787 -1.944751 -0.778105
v 3.672709 -8.014867 -0.371396
v 3.689208 -8.032563 -0.363383
v 3.689825 -7.992702 -0.366895
v 3.703927 -8.014234 -0.358430
v 3.665612 -8.014039 -0.347048
v 3.681722 -8.032176 -0.341188
v 3.681328 -7.994194 -0.341621
v 3.696393 -8.013513 -0.337008
v 3.820061 -1.542052 -0.120710
v 3.826034 -1.529129 -0.109931
v 3.811258 -1.529902 -0.132701
v 3.818490 -1.516853 -0.120754
v 3.804451 -1.541705 -0.110169
v 3.810993 -1.529895 -0.098830
v 3.793721 -1.530796 -0.121343
v 3.802042 -1.517556 -0.109600
v 2.496384 -7.774525 -0.531994
v 2.491957 -7.763727 -0.544118
v 2.508148 -7.766877 -0.526796
v 2.503808 -7.755485 -0.540393
v 2.502330 -7.782217 -0.546412
v 2.498510 -7.771113 -0.558330
v 2.515032 -7.774932 -0.542753
v 2.510695 -7.762920 -0.556598
v 0.169045 -0.877155 -0.291625
v 0.344472 -0.983433 -0.353216
v 0.125358 -0.895092 -0.649810
v 0.296470 -0.964078 -0.706838
v 0.213332 -0.535620 -0.341362
v 0.373963 -0.604809 -0.398684
v 0.166374 -0.514220 -0.681185
v 0.351742 -0.592661 -0.782859
v 0.182391 -0.893815 -0.287043
v 0.203261 -0.911142 -0.289308
v 0.226762 -0.932185 -0.290205
v 0.253323 -0.953332 -0.294065
v 0.281603 -0.974015 -0.300158
v 0.307414 -0.981193 -0.318362
v 0.329080 -0.983321 -0.337854
v 0.160308 -0.885634 -0.316812
v 0.149386 -0.895540 -0.354882
v 0.140465 -0.901678 -0.404521
v 0.136158 -0.901171 -0.461435
v 0.133855 -0.898286 -0.516691
v 0.131251 -0.896265 -0.567394
v 0.127152 -0.896539 -0.614374
v 0.127635 -0.926668 -0.676789
v 0.146688 -0.952161 -0.698372
v 0.177771 -0.959885 -0.704620
v 0.207204 -0.969993 -0.712925
v 0.236573 -0.965135 -0.708432
v 0.260997 -0.966205 -0.709066
v 0.281608 -0.965000 -0.707798
v 0.348371 -1.007291 -0.379679
v 0.346814 -1.021682 -0.428344
v 0.343889 -1.034924 -0.485601
v 0.339251 -1.044940 -0.549199
v 0.324127 -1.016000 -0.604055
v 0.312188 -0.993214 -0.647502
v 0.303346 -0.978045 -0.683913
v 0.169232 -0.844772 -0.283964
v 0.173630 -0.796894 -0.285351
v 0.178056 -0.745060 -0.285819
v 0.185104 -0.691644 -0.293971
v 0.190268 -0.637141 -0.296039
v 0.198382 -0.591485 -0.309454
v 0.206762 -0.556957 -0.326522
v 0.352687 -0.951738 -0.349752
v 0.357403 -0.898365 -0.355453
v 0.364484 -0.844873 -0.358189
v 0.377039 -0.790423 -0.354206
v 0.387912 -0.730028 -0.353653
v 0.381684 -0.676766 -0.373179
v 0.376988 -0.634426 -0.388380
v 0.225906 -0.521829 -0.329422
v 0.246391 -0.507654 -0.317063
v 0.273645 -0.495357 -0.306232
v 0.304183 -0.503098 -0.312500
v 0.328004 -0.535993 -0.340359
v 0.347567 -0.564082 -0.364156
v 0.363916 -0.586736 -0.383342
v 0.207453 -0.525528 -0.365546
v 0.198954 -0.510500 -0.399433
v 0.188564 -0.492396 -0.441521
v 0.182529 -0.493767 -0.495397
v 0.173591 -0.485855 -0.550573
v 0.164480 -0.478323 -0.608137
v 0.161890 -0.489160 -0.656642
v 0.382313 -0.591474 -0.424288
v 0.390540 -0.576488 -0.467060
v 0.380925 -0.582814 -0.523323
v 0.370777 -0.589992 -0.577917
v 0.365570 -0.590781 -0.633414
v 0.364885 -0.585168 -0.695005
v 0.363237 -0.580744 -0.756953
v 0.183564 -0.521621 -0.690477
v 0.206311 -0.534439 -0.699503
v 0.229983 -0.546420 -0.710365
v 0.254519 -0.555454 -0.725281
v 0.281300 -0.556572 -0.751010
v 0.311998 -0.554610 -0.784007
v 0.338099 -0.569876 -0.793761
v 0.121626 -0.863800 -0.661376
v 0.124481 -0.814045 -0.668642
v 0.128386 -0.758923 -0.675752
v 0.138685 -0.702354 -0.675088
v 0.146534 -0.647833 -0.677077
v 0.150781 -0.591945 -0.683923
v 0.155972 -0.539740 -0.688769
v 0.304712 -0.947173 -0.727961
v 0.317171 -0.919539 -0.759366
v 0.325268 -0.865674 -0.770642
v 0.329176 -0.803182 -0.766800
v 0.336029 -0.744817 -0.773094
v 0.342597 -0.687605 -0.778803
v 0.349009 -0.632926 -0.784672
v 0.175801 -0.914035 -0.321848
v 0.167808 -0.925053 -0.364538
v 0.159921 -0.932253 -0.413998
v 0.156598 -0.929026 -0.469845
v 0.149841 -0.932641 -0.522916
v 0.139460 -0.941367 -0.577584
v 0.131554 -0.942842 -0.631530
v 0.195112 -0.939640 -0.322020
v 0.187681 -0.953900 -0.368640
v 0.182229 -0.956297 -0.423410
v 0.178620 -0.951545 -0.479142
v 0.171972 -0.955738 -0.532072
v 0.161722 -0.966380 -0.588207
v 0.148074 -0.978277 -0.651835
v 0.219301 -0.960460 -0.327495
v 0.209717 -0.989347 -0.367823
v 0.205445 -0.982620 -0.430746
v 0.200831 -0.977407 -0.488420
v 0.194371 -0.981173 -0.543657
v 0.186185 -0.988953 -0.601490
v 0.174961 -1.000474 -0.667517
v 0.245771 -0.983678 -0.331932
v 0.237466 -1.017440 -0.373143
v 0.230751 -1.018187 -0.435995
v 0.226053 -1.001494 -0.499122
v 0.220322 -0.999283 -0.555930
v 0.212994 -1.008279 -0.615427
v 0.208722 -0.996483 -0.669058
v 0.274964 -1.015850 -0.332047
v 0.267778 -1.040782 -0.382872
v 0.260156 -1.034140 -0.448827
v 0.253473 -1.022321 -0.510926
v 0.247187 -1.017363 -0.568357
v 0.241694 -1.010059 -0.622589
v 0.238150 -0.989105 -0.667848
v 0.304573 -1.032121 -0.343282
v 0.296065 -1.037809 -0.402584
v 0.288365 -1.036158 -0.463591
v 0.283018 -1.050141 -0.523475
v 0.273916 -1.021183 -0.578961
v 0.267330 -1.002928 -0.626824
v 0.262813 -0.987841 -0.670781
v 0.329914 -1.031080 -0.361221
v 0.324478 -1.043372 -0.414356
v 0.317702 -1.046839 -0.474429
v 0.311818 -1.053408 -0.536462
v 0.299141 -1.020340 -0.590148
v 0.290479 -1.000602 -0.635260
v 0.284192 -0.984699 -0.674205
v 0.187732 -0.855613 -0.270117
v 0.207666 -0.876602 -0.257260
v 0.233086 -0.896019 -0.257321
v 0.260752 -0.907014 -0.275120
v 0.286812 -0.915227 -0.294965
v 0.311679 -0.926883 -0.309609
v 0.333301 -0.935686 -0.328434
v 0.193863 -0.806046 -0.270968
v 0.215051 -0.822275 -0.256182
v 0.240043 -0.843250 -0.243609
v 0.267552 -0.851120 -0.272802
v 0.293070 -0.861630 -0.291100
v 0.317882 -0.874476 -0.305848
v 0.340386 -0.887064 -0.325474
v 0.198932 -0.753932 -0.270602
v 0.221226 -0.766556 -0.256547
v 0.246890 -0.783362 -0.240501
v 0.275093 -0.796937 -0.261557
v 0.301575 -0.809514 -0.281403
v 0.326071 -0.821764 -0.301736
v 0.350040 -0.835965 -0.321168
v 0.204967 -0.699734 -0.275810
v 0.227085 -0.708968 -0.258182
v 0.253663 -0.721673 -0.255385
v 0.281978 -0.736205 -0.263806
v 0.310651 -0.751125 -0.274681
v 0.335595 -0.765280 -0.297578
v 0.360988 -0.779367 -0.317201
v 0.210399 -0.644467 -0.277470
v 0.233083 -0.649639 -0.258648
v 0.260036 -0.664310 -0.269335
v 0.287191 -0.677852 -0.279271
v 0.316457 -0.690268 -0.282890
v 0.342138 -0.705517 -0.302130
v 0.366661 -0.718853 -0.323643
v 0.216596 -0.593351 -0.286404
v 0.238832 -0.589904 -0.262467
v 0.266059 -0.605163 -0.273513
v 0.294001 -0.617466 -0.281861
v 0.322522 -0.630840 -0.291359
v 0.344055 -0.651309 -0.318963
v 0.364530 -0.666203 -0.343144
v 0.222928 -0.553342 -0.304966
v 0.244189 -0.545906 -0.288511
v 0.271329 -0.543218 -0.279198
v 0.300681 -0.555044 -0.287933
v 0.325253 -0.580704 -0.313587
v 0.344920 -0.605197 -0.340067
v 0.362757 -0.622972 -0.361776
v 0.223383 -0.502626 -0.363976
v 0.244399 -0.483215 -0.357353
v 0.271701 -0.470609 -0.353701
v 0.302834 -0.473057 -0.358709
v 0.330254 -0.498094 -0.377327
v 0.351918 -0.529033 -0.397845
v 0.370723 -0.556133 -0.413426
v 0.216805 -0.484978 -0.402626
v 0.239416 -0.464726 -0.403793
v 0.267089 -0.460684 -0.409827
v 0.294932 -0.481431 -0.424339
v 0.324716 -0.490124 -0.434726
v 0.356821 -0.497950 -0.443741
v 0.376939 -0.533936 -0.457964
v 0.208487 -0.467894 -0.449261
v 0.232040 -0.441835 -0.455125
v 0.260887 -0.465450 -0.470215
v 0.287983 -0.487529 -0.483465
v 0.316611 -0.496488 -0.494944
v 0.346937 -0.505835 -0.506125
v 0.365120 -0.544512 -0.516710
v 0.202949 -0.473089 -0.505332
v 0.225648 -0.447813 -0.516449
v 0.254432 -0.463746 -0.529027
v 0.281871 -0.488162 -0.540727
v 0.310472 -0.497580 -0.553429
v 0.337285 -0.516382 -0.565021
v 0.354131 -0.555509 -0.571441
v 0.195242 -0.466943 -0.561801
v 0.218771 -0.447277 -0.577486
v 0.247915 -0.463810 -0.589020
v 0.276479 -0.479572 -0.601417
v 0.305345 -0.493098 -0.614399
v 0.329499 -0.522303 -0.621573
v 0.349449 -0.554702 -0.627490
v 0.186947 -0.461439 -0.620194
v 0.215465 -0.477331 -0.627129
v 0.242197 -0.493525 -0.636381
v 0.268712 -0.500894 -0.651364
v 0.297981 -0.501647 -0.671318
v 0.325754 -0.518526 -0.683831
v 0.347359 -0.549635 -0.688403
v 0.187083 -0.493075 -0.659602
v 0.211826 -0.505988 -0.666888
v 0.236475 -0.519669 -0.676137
v 0.261402 -0.527386 -0.691223
v 0.289079 -0.526430 -0.715009
v 0.321186 -0.522453 -0.746059
v 0.345672 -0.546480 -0.752386
v 0.124896 -0.889608 -0.707477
v 0.129479 -0.833572 -0.718889
v 0.139249 -0.771494 -0.719648
v 0.153341 -0.712587 -0.710450
v 0.162201 -0.658035 -0.709679
v 0.167933 -0.603514 -0.713409
v 0.173026 -0.550425 -0.715187
v 0.145040 -0.912247 -0.735228
v 0.144041 -0.859156 -0.765031
v 0.157597 -0.788018 -0.757859
v 0.170769 -0.724224 -0.746433
v 0.179506 -0.665649 -0.745118
v 0.186725 -0.608743 -0.745000
v 0.197627 -0.567440 -0.725092
v 0.176383 -0.923607 -0.744364
v 0.175438 -0.875582 -0.781594
v 0.188184 -0.802468 -0.769290
v 0.197795 -0.738821 -0.762781
v 0.205428 -0.679159 -0.762910
v 0.212876 -0.622435 -0.760146
v 0.222505 -0.582012 -0.735151
v 0.206150 -0.939178 -0.757193
v 0.208758 -0.888780 -0.788520
v 0.219156 -0.815164 -0.771784
v 0.226956 -0.753359 -0.766562
v 0.233784 -0.695355 -0.766317
v 0.239955 -0.635717 -0.774127
v 0.247506 -0.591451 -0.751751
v 0.237669 -0.933910 -0.745407
v 0.241046 -0.893876 -0.782452
v 0.247383 -0.831931 -0.790245
v 0.254235 -0.768215 -0.784467
v 0.260501 -0.709284 -0.779258
v 0.267114 -0.651873 -0.781501
v 0.274434 -0.596608 -0.777745
v 0.263229 -0.934199 -0.739947
v 0.268830 -0.897556 -0.773335
v 0.276392 -0.847449 -0.800924
v 0.282315 -0.782928 -0.796273
v 0.287504 -0.722781 -0.789974
v 0.293651 -0.666014 -0.789092
v 0.303183 -0.604891 -0.799314
v 0.285281 -0.938463 -0.737016
v 0.293845 -0.906854 -0.769320
v 0.302653 -0.857309 -0.791050
v 0.307795 -0.794642 -0.788261
v 0.312831 -0.735323 -0.786740
v 0.319483 -0.678300 -0.791429
v 0.327436 -0.622123 -0.797137
v 0.157501 -0.841254 -0.318814
v 0.156938 -0.794114 -0.313903
v 0.159629 -0.740412 -0.312462
v 0.167376 -0.685343 -0.320683
v 0.172513 -0.628984 -0.323176
v 0.183662 -0.585543 -0.339722
v 0.195219 -0.553107 -0.356526
v 0.147492 -0.844444 -0.359949
v 0.147675 -0.793382 -0.360668
v 0.146797 -0.739123 -0.356130
v 0.151845 -0.681108 -0.358787
v 0.157650 -0.622555 -0.362801
v 0.171314 -0.578482 -0.378503
v 0.184254 -0.540789 -0.390506
v 0.137801 -0.849024 -0.407177
v 0.138282 -0.795597 -0.409276
v 0.137505 -0.740062 -0.408066
v 0.137614 -0.678360 -0.406649
v 0.143379 -0.615882 -0.410811
v 0.157061 -0.565924 -0.421900
v 0.170685 -0.521665 -0.431011
v 0.131018 -0.851705 -0.460663
v 0.130944 -0.798162 -0.462323
v 0.129340 -0.742008 -0.463370
v 0.125120 -0.677243 -0.463500
v 0.133053 -0.613742 -0.469114
v 0.143016 -0.554262 -0.475524
v 0.161455 -0.515565 -0.485129
v 0.131021 -0.848475 -0.515198
v 0.130391 -0.797614 -0.516838
v 0.128646 -0.743926 -0.520489
v 0.120570 -0.680472 -0.525770
v 0.115663 -0.605207 -0.531842
v 0.126528 -0.540778 -0.537976
v 0.149825 -0.505290 -0.543622
v 0.128452 -0.848558 -0.565049
v 0.126739 -0.799689 -0.568202
v 0.124752 -0.746583 -0.574680
v 0.116293 -0.683689 -0.586398
v 0.117625 -0.615324 -0.594424
v 0.124297 -0.548831 -0.601457
v 0.141567 -0.502234 -0.604620
v 0.124160 -0.852276 -0.613206
v 0.122334 -0.805077 -0.620031
v 0.123104 -0.751215 -0.627804
v 0.123489 -0.691688 -0.637776
v 0.133045 -0.634638 -0.639530
v 0.137728 -0.575022 -0.646753
v 0.143230 -0.516457 -0.655487
v 0.356817 -0.957225 -0.393957
v 0.360462 -0.974976 -0.439634
v 0.364596 -0.999609 -0.494723
v 0.352433 -0.989176 -0.556954
v 0.338640 -0.972049 -0.610342
v 0.329552 -0.966400 -0.660292
v 0.318788 -0.956731 -0.700297
v 0.361026 -0.901495 -0.403056
v 0.364570 -0.912269 -0.450342
v 0.369164 -0.929549 -0.503584
v 0.359571 -0.926494 -0.562180
v 0.346388 -0.915741 -0.613429
v 0.337862 -0.913977 -0.663513
v 0.330119 -0.917684 -0.715189
v 0.367328 -0.848383 -0.407745
v 0.370630 -0.855885 -0.456142
v 0.374935 -0.867198 -0.509480
v 0.366895 -0.867516 -0.567375
v 0.355141 -0.863058 -0.619765
v 0.346457 -0.862513 -0.670844
v 0.337601 -0.864057 -0.722005
v 0.379403 -0.796155 -0.406576
v 0.383633 -0.802649 -0.457282
v 0.387808 -0.809646 -0.514038
v 0.379169 -0.810746 -0.574749
v 0.365799 -0.808959 -0.628814
v 0.356039 -0.808769 -0.681020
v 0.345012 -0.807634 -0.729479
v 0.394723 -0.738195 -0.403840
v 0.400898 -0.743078 -0.457625
v 0.405452 -0.746173 -0.519221
v 0.394350 -0.748250 -0.583626
v 0.380622 -0.750253 -0.641589
v 0.367549 -0.751114 -0.693556
v 0.352194 -0.749663 -0.736000
v 0.394630 -0.680667 -0.412903
v 0.406194 -0.679423 -0.462125
v 0.410174 -0.678347 -0.523806
v 0.396219 -0.683389 -0.586526
v 0.389196 -0.685714 -0.649282
v 0.374213 -0.690128 -0.700123
v 0.360700 -0.690835 -0.746610
v 0.388864 -0.633372 -0.422940
v 0.402155 -0.622579 -0.466614
v 0.396136 -0.625192 -0.525371
v 0.384426 -0.631628 -0.582803
v 0.377606 -0.634134 -0.639941
v 0.375057 -0.631749 -0.701896
v 0.366342 -0.632711 -0.754261
v -0.708346 -0.530212 -0.682005
v -0.640870 -0.559858 -0.605009
v -0.788877 -0.586628 -0.659855
v -0.734302 -0.627699 -0.587008
v -0.671025 -0.595974 -0.746949
v -0.602272 -0.641477 -0.674392
v -0.757410 -0.657782 -0.720778
v -0.696575 -0.704541 -0.649048
v -0.693166 -0.519827 -0.666651
v -0.675502 -0.536576 -0.645458
v -0.657152 -0.548877 -0.624030
v -0.730214 -0.534013 -0.678273
v -0.760918 -0.543263 -0.672259
v -0.780776 -0.566917 -0.664866
v -0.790662 -0.592638 -0.639587
v -0.775250 -0.605172 -0.616131
v -0.759714 -0.618947 -0.588979
v -0.660044 -0.572939 -0.592581
v -0.689211 -0.594470 -0.590627
v -0.716309 -0.613305 -0.576663
v -0.699762 -0.529942 -0.702300
v -0.686341 -0.543293 -0.729236
v -0.672889 -0.568180 -0.752233
v -0.614077 -0.571422 -0.610581
v -0.605693 -0.599279 -0.635218
v -0.596721 -0.624534 -0.657280
v -0.646138 -0.604917 -0.743874
v -0.629598 -0.618743 -0.717550
v -0.614806 -0.631244 -0.693587
v -0.690302 -0.610633 -0.750104
v -0.716270 -0.629142 -0.741500
v -0.738202 -0.644147 -0.727718
v -0.618386 -0.660674 -0.668391
v -0.650324 -0.673977 -0.661405
v -0.674785 -0.691704 -0.654560
v -0.748811 -0.675382 -0.709369
v -0.729460 -0.685342 -0.687120
v -0.712586 -0.704903 -0.666464
v -0.792288 -0.601285 -0.674380
v -0.801745 -0.624792 -0.698472
v -0.778246 -0.646333 -0.714124
v -0.728143 -0.648901 -0.594122
v -0.717834 -0.674374 -0.609518
v -0.705970 -0.695861 -0.629960
v -0.720759 -0.527484 -0.653744
v -0.756233 -0.535594 -0.642432
v -0.775055 -0.567129 -0.638677
v -0.701355 -0.539991 -0.630456
v -0.733478 -0.551381 -0.615499
v -0.755639 -0.580656 -0.616214
v -0.681197 -0.552605 -0.606213
v -0.709408 -0.573992 -0.600153
v -0.739700 -0.592401 -0.586586
v -0.675094 -0.535148 -0.685554
v -0.652217 -0.542341 -0.663524
v -0.624526 -0.550758 -0.636910
v -0.659254 -0.551256 -0.708747
v -0.634372 -0.562778 -0.685622
v -0.611263 -0.577828 -0.659698
v -0.640083 -0.571995 -0.737199
v -0.630931 -0.592052 -0.702934
v -0.616002 -0.605954 -0.679564
v -0.666227 -0.631297 -0.745949
v -0.649212 -0.643662 -0.717672
v -0.632888 -0.655294 -0.693557
v -0.696015 -0.651205 -0.735339
v -0.672477 -0.671873 -0.717124
v -0.659078 -0.674450 -0.686323
v -0.723165 -0.667679 -0.723286
v -0.704301 -0.683742 -0.702606
v -0.686315 -0.689691 -0.678361
v -0.792387 -0.618074 -0.653143
v -0.797506 -0.647170 -0.673651
v -0.769647 -0.664111 -0.691857
v -0.791491 -0.636420 -0.621700
v -0.771805 -0.661434 -0.647350
v -0.755279 -0.684025 -0.669702
v -0.760324 -0.648503 -0.601830
v -0.745144 -0.670828 -0.625591
v -0.730124 -0.687473 -0.647863
v -0.729247 -0.540749 -0.703578
v -0.721258 -0.552135 -0.736105
v -0.706245 -0.585700 -0.743966
v -0.762042 -0.554130 -0.699485
v -0.749305 -0.579415 -0.720985
v -0.733144 -0.605519 -0.734972
v -0.781113 -0.579909 -0.688185
v -0.781167 -0.600551 -0.713887
v -0.760751 -0.625042 -0.728199
v -0.639144 -0.597492 -0.598783
v -0.670166 -0.618817 -0.592843
v -0.699496 -0.637507 -0.591017
v -0.630300 -0.622446 -0.622737
v -0.654256 -0.645892 -0.609674
v -0.687282 -0.662358 -0.607884
v -0.611526 -0.649255 -0.641334
v -0.647164 -0.666247 -0.635603
v -0.674326 -0.688707 -0.626616
v -1.371099 -7.672939 -0.432096
v -1.379127 -7.667580 -0.446013
v -1.360144 -7.694129 -0.436728
v -1.366789 -7.689005 -0.451222
v -1.400581 -7.682870 -0.429098
v -1.406718 -7.677857 -0.443836
v -1.388088 -7.705392 -0.434250
v -1.396587 -7.699759 -0.448957
v -6.454131 -0.562900 -0.981919
v -6.461964 -0.541583 -1.088322
v -6.531321 -0.602317 -0.998142
v -6.545953 -0.577645 -1.109325
v -6.519263 -0.524840 -0.926332
v -6.534622 -0.507301 -1.041345
v -6.605926 -0.562968 -0.951919
v -6.612514 -0.541319 -1.060246
v -6.435187 -0.552833 -1.036592
v -6.483629 -0.585739 -0.984699
v -6.539392 -0.593461 -1.058508
v -6.498065 -0.561062 -1.114315
v -6.479090 -0.544610 -0.949470
v -6.493436 -0.518938 -1.071755
v -6.526192 -0.507274 -0.980171
v -6.567262 -0.543431 -0.929731
v -6.585129 -0.516762 -1.059139
v -6.626820 -0.551485 -1.005975
v -6.575066 -0.587340 -0.967112
v -6.588266 -0.559851 -1.094066
v -6.480933 -0.578705 -1.053707
v -6.474610 -0.527099 -1.006557
v -6.586103 -0.525121 -0.987631
v -6.593266 -0.577940 -1.035783
v -6.523921 -0.566162 -0.951766
v -6.544497 -0.534616 -1.107473
v -5.030396 -0.053549 -0.732803
v -4.995759 0.029024 -0.809729
v -5.083332 -0.027268 -0.823251
v -5.046949 0.053181 -0.886311
v -5.049154 0.033797 -0.645381
v -5.015799 0.108235 -0.714362
v -5.105213 0.059389 -0.718942
v -5.064892 0.136178 -0.798383
v -5.019359 -0.042375 -0.749401
v -5.010470 -0.015022 -0.772363
v -4.999593 0.007636 -0.794810
v -5.041520 -0.066306 -0.751106
v -5.057721 -0.047977 -0.779184
v -5.072191 -0.036716 -0.804064
v -5.082502 -0.023121 -0.862477
v -5.066854 0.010431 -0.872457
v -5.055174 0.035638 -0.882580
v -4.997663 0.032662 -0.845332
v -5.012736 0.040893 -0.881255
v -5.033285 0.048927 -0.892109
v -5.034397 -0.035748 -0.707717
v -5.039415 -0.013283 -0.677302
v -5.044561 0.009065 -0.640771
v -4.995402 0.048581 -0.789009
v -4.999322 0.073941 -0.759807
v -5.005385 0.098458 -0.730365
v -5.040854 0.051495 -0.649061
v -5.030069 0.075170 -0.664937
v -5.019916 0.097948 -0.687882
v -5.063019 0.038056 -0.638817
v -5.081229 0.046008 -0.658390
v -5.099719 0.054676 -0.685366
v -5.025325 0.119049 -0.730874
v -5.039120 0.127972 -0.754523
v -5.053451 0.134472 -0.778987
v -5.100387 0.082303 -0.735626
v -5.096205 0.118571 -0.758663
v -5.077936 0.133029 -0.784025
v -5.093291 -0.014722 -0.804531
v -5.101534 0.010146 -0.773551
v -5.105786 0.037990 -0.741516
v -5.051448 0.077158 -0.888896
v -5.056573 0.099647 -0.854323
v -5.061691 0.122771 -0.824972
v -5.029944 -0.049579 -0.782155
v -5.046953 -0.036453 -0.808298
v -5.063968 -0.034221 -0.841002
v -5.020578 -0.018182 -0.803807
v -5.035245 -0.014853 -0.835600
v -5.052228 -0.008131 -0.867403
v -5.008836 0.004814 -0.828645
v -5.024508 0.012400 -0.857060
v -5.041107 0.021444 -0.878291
v -5.017966 -0.026650 -0.712835
v -5.007999 0.000611 -0.738694
v -5.000695 0.026793 -0.762583
v -5.023495 -0.000546 -0.679118
v -5.012875 0.026308 -0.706271
v -5.005030 0.051151 -0.733403
v -5.030266 0.027774 -0.651693
v -5.020288 0.052565 -0.679373
v -5.010839 0.075354 -0.704717
v -5.055110 0.066006 -0.652449
v -5.044108 0.092198 -0.671169
v -5.032843 0.117779 -0.695077
v -5.073346 0.076988 -0.668876
v -5.062060 0.107434 -0.690569
v -5.049187 0.126930 -0.722627
v -5.093156 0.088069 -0.694704
v -5.084257 0.124878 -0.716993
v -5.066578 0.138845 -0.750187
v -5.093631 0.004543 -0.841875
v -5.099127 0.034480 -0.805490
v -5.105748 0.063925 -0.770959
v -5.079181 0.033397 -0.863916
v -5.085263 0.061753 -0.829938
v -5.091203 0.089780 -0.796170
v -5.065480 0.058977 -0.878779
v -5.072188 0.086868 -0.852137
v -5.076343 0.109545 -0.816705
v -5.050051 -0.043894 -0.718697
v -5.055692 -0.017540 -0.687830
v -5.061543 0.008398 -0.656505
v -5.065578 -0.033611 -0.746999
v -5.074147 -0.014838 -0.710407
v -5.081736 0.012730 -0.672744
v -5.080479 -0.024313 -0.773384
v -5.091976 -0.006304 -0.740589
v -5.102966 0.020342 -0.700717
v -4.998847 0.064303 -0.825164
v -5.009841 0.078460 -0.872524
v -5.033213 0.082147 -0.887110
v -5.005088 0.092264 -0.791559
v -5.022569 0.100507 -0.820976
v -5.040314 0.105303 -0.845790
v -5.016955 0.108571 -0.759623
v -5.031502 0.116330 -0.784629
v -5.046202 0.124006 -0.810232
v -0.304747 0.119005 -0.494724
v -0.443773 0.078472 -0.569350
v -0.221470 0.189085 -0.591012
v -0.362394 0.148385 -0.670846
v -0.214807 -0.006334 -0.518961
v -0.353336 -0.048490 -0.596694
v -0.143122 0.062094 -0.616534
v -0.270642 0.021531 -0.691770
v -0.345004 0.116575 -0.497674
v -0.382696 0.102283 -0.524528
v -0.427353 0.090714 -0.545590
v -0.285389 0.148952 -0.500049
v -0.256117 0.180723 -0.524976
v -0.236694 0.182971 -0.565045
v -0.247514 0.200774 -0.612413
v -0.291721 0.183576 -0.635923
v -0.337474 0.176557 -0.663986
v -0.438970 0.096995 -0.592521
v -0.428423 0.122129 -0.624857
v -0.400660 0.143945 -0.657055
v -0.283837 0.092232 -0.491456
v -0.255457 0.054961 -0.490533
v -0.230346 0.018287 -0.503616
v -0.443607 0.045423 -0.572936
v -0.429156 -0.000132 -0.580029
v -0.400238 -0.044919 -0.589224
v -0.240135 -0.031429 -0.527157
v -0.283089 -0.053731 -0.548067
v -0.326700 -0.057703 -0.575756
v -0.184739 0.002671 -0.536381
v -0.146215 0.017600 -0.562747
v -0.134691 0.042663 -0.595215
v -0.337487 -0.040833 -0.622114
v -0.315828 -0.029425 -0.655675
v -0.289765 -0.008239 -0.686742
v -0.143403 0.048557 -0.643660
v -0.188568 0.036316 -0.666046
v -0.235184 0.027421 -0.681653
v -0.173536 0.186278 -0.598556
v -0.142764 0.141672 -0.608012
v -0.144562 0.092462 -0.613044
v -0.345134 0.121916 -0.684586
v -0.319265 0.084755 -0.695729
v -0.291838 0.044735 -0.709883
v -0.331495 0.147306 -0.521271
v -0.306152 0.169135 -0.551233
v -0.279482 0.204670 -0.580569
v -0.377922 0.137428 -0.542778
v -0.353355 0.162188 -0.573987
v -0.331363 0.201640 -0.608869
v -0.409360 0.118776 -0.570205
v -0.398748 0.147895 -0.599722
v -0.383545 0.185028 -0.638190
v -0.331433 0.076528 -0.488877
v -0.378145 0.062739 -0.512582
v -0.414435 0.050278 -0.542214
v -0.303912 0.030796 -0.485201
v -0.353516 0.016373 -0.515273
v -0.392417 0.007745 -0.548097
v -0.271407 -0.012223 -0.499370
v -0.318912 -0.023414 -0.529240
v -0.362551 -0.033137 -0.557175
v -0.199004 -0.036258 -0.552939
v -0.247488 -0.050657 -0.580114
v -0.295143 -0.055584 -0.606250
v -0.157795 -0.021030 -0.587019
v -0.214856 -0.032027 -0.615840
v -0.267996 -0.034704 -0.638852
v -0.149214 0.014497 -0.620743
v -0.186452 -0.005567 -0.651053
v -0.241172 -0.011799 -0.670602
v -0.213183 0.172297 -0.630275
v -0.174246 0.137235 -0.643342
v -0.160375 0.089707 -0.645658
v -0.260786 0.149862 -0.649154
v -0.224654 0.121121 -0.668881
v -0.195907 0.077278 -0.676149
v -0.301785 0.142072 -0.676765
v -0.273025 0.104907 -0.690800
v -0.245801 0.063708 -0.693919
v -0.245849 0.118585 -0.498378
v -0.218042 0.077691 -0.508671
v -0.196450 0.039959 -0.522743
v -0.208332 0.151410 -0.520337
v -0.187186 0.100466 -0.537504
v -0.149134 0.057811 -0.543584
v -0.182855 0.171243 -0.559105
v -0.160359 0.122568 -0.570501
v -0.138488 0.080332 -0.580192
v -0.440999 0.059296 -0.607926
v -0.413018 0.080974 -0.639409
v -0.378814 0.099998 -0.665048
v -0.425412 0.012979 -0.619167
v -0.396505 0.036875 -0.654999
v -0.354635 0.062514 -0.675990
v -0.384473 -0.023726 -0.626013
v -0.359259 -0.003687 -0.660349
v -0.327980 0.022913 -0.686262
v 5.207929 -7.265927 -0.077254
v 5.218195 -7.246048 -0.090991
v 5.179277 -7.256266 -0.049523
v 5.190973 -7.234721 -0.066794
v 5.237457 -7.263735 -0.048712
v 5.246641 -7.244413 -0.064092
v 5.212248 -7.254086 -0.021141
v 5.223262 -7.232762 -0.035945
v 5.212377 -7.258004 -0.095481
v 5.190409 -7.263298 -0.065099
v 5.176318 -7.244085 -0.058492
v 5.201927 -7.237457 -0.087721
v 5.224187 -7.267250 -0.063631
v 5.237131 -7.243927 -0.083218
v 5.247189 -7.254690 -0.056363
v 5.227909 -7.261625 -0.028781
v 5.238279 -7.237604 -0.050156
v 5.218291 -7.241810 -0.019013
v 5.193861 -7.255827 -0.031821
v 5.204901 -7.229529 -0.049892
v 5.194181 -7.251124 -0.077456
v 5.234821 -7.257535 -0.077709
v 5.240266 -7.248506 -0.033574
v 5.197535 -7.242974 -0.038709
v 5.207751 -7.264510 -0.045655
v 5.223073 -7.235014 -0.069242
v -6.644708 0.050777 -0.931542
v -6.653285 0.072165 -0.939044
v -6.639615 0.065738 -0.917203
v -6.647182 0.084388 -0.925189
v -6.628114 0.059578 -0.938699
v -6.635910 0.078829 -0.946985
v -6.622906 0.072179 -0.924919
v -6.631376 0.092030 -0.932119
v -2.253146 0.494852 -0.239772
v -2.259592 0.500642 -0.254404
v -2.260222 0.498230 -0.225708
v -2.266928 0.502632 -0.239965
v -2.249179 0.510444 -0.236560
v -2.256271 0.515530 -0.252399
v -2.257133 0.512100 -0.222426
v -2.263362 0.517509 -0.236925
v 0.568382 0.711390 -0.018421
v 0.568754 0.727392 -0.372906
v 0.974239 0.718525 -0.004100
v 0.967549 0.728493 -0.352308
v 0.616534 0.613768 -0.083921
v 0.636167 0.629611 -0.372963
v 0.975607 0.615896 -0.068238
v 1.011890 0.622997 -0.416571
v 0.555293 0.715694 -0.044014
v 0.546442 0.719733 -0.086182
v 0.545970 0.722177 -0.137528
v 0.541574 0.725635 -0.190463
v 0.536189 0.729449 -0.246014
v 0.529596 0.733646 -0.303598
v 0.545500 0.731887 -0.348959
v 0.601454 0.713962 -0.008692
v 0.652413 0.715599 -0.003707
v 0.708768 0.716852 -0.000586
v 0.767217 0.719127 0.006839
v 0.828831 0.721180 0.013187
v 0.886415 0.720562 0.008205
v 0.937555 0.719723 0.002532
v 0.985393 0.722820 -0.031493
v 0.994146 0.726934 -0.074614
v 0.992284 0.728220 -0.128280
v 0.981465 0.726852 -0.183030
v 0.977783 0.727448 -0.232534
v 0.980180 0.729826 -0.280704
v 0.978291 0.730776 -0.324845
v 0.597806 0.732579 -0.384269
v 0.650177 0.735598 -0.388804
v 0.711299 0.736875 -0.388437
v 0.774349 0.740233 -0.393202
v 0.841868 0.743669 -0.397899
v 0.903911 0.742056 -0.390201
v 0.942757 0.733821 -0.367181
v 0.550067 0.703679 -0.004854
v 0.541711 0.689917 -0.001256
v 0.533838 0.673876 0.001356
v 0.534299 0.656233 -0.003499
v 0.556158 0.640711 -0.025947
v 0.578012 0.628269 -0.047612
v 0.599628 0.619204 -0.068221
v 0.566924 0.717171 -0.381108
v 0.572008 0.702654 -0.385665
v 0.580052 0.687453 -0.387923
v 0.585182 0.672657 -0.392615
v 0.588152 0.658034 -0.399191
v 0.603157 0.645278 -0.393463
v 0.622206 0.635792 -0.381917
v 0.611733 0.613285 -0.111827
v 0.607740 0.613401 -0.150080
v 0.605279 0.614130 -0.192792
v 0.598996 0.613824 -0.238791
v 0.588668 0.612485 -0.290083
v 0.606812 0.619220 -0.327353
v 0.624119 0.625364 -0.354757
v 0.637245 0.608147 -0.068551
v 0.673749 0.600961 -0.048313
v 0.736021 0.606468 -0.058531
v 0.791576 0.609910 -0.063945
v 0.843382 0.612282 -0.066884
v 0.893032 0.613592 -0.067274
v 0.939220 0.614885 -0.067824
v 0.659958 0.627128 -0.384605
v 0.694948 0.623290 -0.402527
v 0.741991 0.619405 -0.421136
v 0.801848 0.613539 -0.448786
v 0.867310 0.614629 -0.446740
v 0.924216 0.618088 -0.434156
v 0.975139 0.620711 -0.424924
v 1.001701 0.610461 -0.086505
v 1.032077 0.604792 -0.122253
v 1.046381 0.603780 -0.175615
v 1.039140 0.608186 -0.234372
v 1.040337 0.610513 -0.291977
v 1.030742 0.615111 -0.342535
v 1.020312 0.619565 -0.385493
v 0.984387 0.708969 -0.000818
v 0.987561 0.694575 -0.007060
v 0.984330 0.679120 -0.019893
v 0.982578 0.664239 -0.030993
v 0.985193 0.649672 -0.037861
v 0.988620 0.635382 -0.043803
v 0.988054 0.622579 -0.052485
v 0.982922 0.721671 -0.367060
v 0.983914 0.707507 -0.371484
v 0.981808 0.692567 -0.373479
v 0.983690 0.678233 -0.378702
v 0.992778 0.663913 -0.390025
v 1.005629 0.648784 -0.404741
v 1.015272 0.633572 -0.416761
v 0.604749 0.719640 -0.047147
v 0.656852 0.721558 -0.045932
v 0.711673 0.722755 -0.044514
v 0.767391 0.724767 -0.039557
v 0.826297 0.727859 -0.031484
v 0.887893 0.730165 -0.024697
v 0.948156 0.730733 -0.020407
v 0.601661 0.723938 -0.089398
v 0.658451 0.725450 -0.091179
v 0.713032 0.726876 -0.089939
v 0.767945 0.728649 -0.086635
v 0.825040 0.731006 -0.082266
v 0.887410 0.734501 -0.074104
v 0.952769 0.735815 -0.066891
v 0.599034 0.727451 -0.136816
v 0.658860 0.728345 -0.138184
v 0.714269 0.729343 -0.137488
v 0.768869 0.730935 -0.135260
v 0.825969 0.734235 -0.131012
v 0.889137 0.738036 -0.125239
v 0.950896 0.737287 -0.122985
v 0.592908 0.731878 -0.186909
v 0.655362 0.732503 -0.185655
v 0.712664 0.733593 -0.184276
v 0.769436 0.734819 -0.182846
v 0.827960 0.737717 -0.180653
v 0.892894 0.741948 -0.177772
v 0.942215 0.735348 -0.179904
v 0.587114 0.736420 -0.240924
v 0.650595 0.737571 -0.236841
v 0.710505 0.738678 -0.234809
v 0.769738 0.740482 -0.233829
v 0.831473 0.743781 -0.233143
v 0.895782 0.745436 -0.232768
v 0.939562 0.735864 -0.231167
v 0.579558 0.741281 -0.298645
v 0.643637 0.743184 -0.293688
v 0.706958 0.744466 -0.291347
v 0.770078 0.746897 -0.291550
v 0.837073 0.751532 -0.293700
v 0.898233 0.747545 -0.288756
v 0.942905 0.738457 -0.281838
v 0.590938 0.738270 -0.345486
v 0.650673 0.739428 -0.341447
v 0.711256 0.740394 -0.339333
v 0.772200 0.743577 -0.342002
v 0.837696 0.747840 -0.346219
v 0.902546 0.748372 -0.345080
v 0.945845 0.739726 -0.331075
v 0.539083 0.703681 -0.050404
v 0.538403 0.704973 -0.098989
v 0.537556 0.706985 -0.147842
v 0.534692 0.709666 -0.197601
v 0.527046 0.713222 -0.249664
v 0.520466 0.717030 -0.304354
v 0.541040 0.716393 -0.346828
v 0.532849 0.689769 -0.054129
v 0.532658 0.690718 -0.105909
v 0.533926 0.692335 -0.155534
v 0.530929 0.694746 -0.204229
v 0.521169 0.697946 -0.255639
v 0.525841 0.700004 -0.306438
v 0.546015 0.700918 -0.349133
v 0.524542 0.674709 -0.054737
v 0.526281 0.676082 -0.109843
v 0.525606 0.677975 -0.160444
v 0.523952 0.680148 -0.210766
v 0.525130 0.682188 -0.261607
v 0.534410 0.684002 -0.309951
v 0.548937 0.685967 -0.354913
v 0.512565 0.657875 -0.052682
v 0.513082 0.660199 -0.110296
v 0.514909 0.662410 -0.164603
v 0.525219 0.664697 -0.217549
v 0.535716 0.666838 -0.266774
v 0.544914 0.668860 -0.313551
v 0.554322 0.670879 -0.360178
v 0.542608 0.643399 -0.075162
v 0.534095 0.645434 -0.123681
v 0.527416 0.647077 -0.173040
v 0.531424 0.649366 -0.224202
v 0.543693 0.652194 -0.272082
v 0.549758 0.654269 -0.319147
v 0.557696 0.655954 -0.366561
v 0.566422 0.631447 -0.092209
v 0.560830 0.633561 -0.137039
v 0.555015 0.634797 -0.182284
v 0.545596 0.635240 -0.230199
v 0.544616 0.636994 -0.280007
v 0.551309 0.639355 -0.327623
v 0.572493 0.642596 -0.365539
v 0.588387 0.621729 -0.105623
v 0.582785 0.622873 -0.145696
v 0.577711 0.623608 -0.188642
v 0.570955 0.623821 -0.234829
v 0.556547 0.622645 -0.286949
v 0.574597 0.627694 -0.327753
v 0.597269 0.632769 -0.357809
v 0.641740 0.605931 -0.107261
v 0.641049 0.605605 -0.149009
v 0.639185 0.605827 -0.193892
v 0.635329 0.605718 -0.241790
v 0.628777 0.604555 -0.294319
v 0.643683 0.612558 -0.332102
v 0.655996 0.619991 -0.360783
v 0.680078 0.598590 -0.095382
v 0.681445 0.597652 -0.142998
v 0.680680 0.597505 -0.192559
v 0.676994 0.596441 -0.245221
v 0.674910 0.596464 -0.301431
v 0.687228 0.606837 -0.340323
v 0.693869 0.615087 -0.373655
v 0.734876 0.596276 -0.089682
v 0.732763 0.588737 -0.133306
v 0.733122 0.588245 -0.189164
v 0.735634 0.592771 -0.245918
v 0.736612 0.594705 -0.302449
v 0.738045 0.598922 -0.355856
v 0.741566 0.609300 -0.391409
v 0.794374 0.600431 -0.094001
v 0.797534 0.590369 -0.132508
v 0.800076 0.585499 -0.186523
v 0.800943 0.589621 -0.246281
v 0.802288 0.591436 -0.306229
v 0.802664 0.597141 -0.360154
v 0.802623 0.604126 -0.408615
v 0.849575 0.603289 -0.096376
v 0.860418 0.592728 -0.132647
v 0.873033 0.583030 -0.183908
v 0.872968 0.586871 -0.246362
v 0.867173 0.595506 -0.300909
v 0.863700 0.602549 -0.349336
v 0.864012 0.608116 -0.397741
v 0.903761 0.604528 -0.095126
v 0.923042 0.594246 -0.130578
v 0.943381 0.585683 -0.181910
v 0.937389 0.591894 -0.243141
v 0.926909 0.599882 -0.296164
v 0.918961 0.607023 -0.341875
v 0.918032 0.612326 -0.387170
v 0.955741 0.606228 -0.092745
v 0.984158 0.597029 -0.126723
v 1.006549 0.591499 -0.178919
v 0.999734 0.596726 -0.240036
v 0.984349 0.604432 -0.293245
v 0.974946 0.610240 -0.340289
v 0.970065 0.615218 -0.383101
v 1.006573 0.711046 -0.037580
v 1.009463 0.696049 -0.047760
v 1.005009 0.680670 -0.060526
v 1.002786 0.666131 -0.070337
v 1.004331 0.652005 -0.077547
v 1.010143 0.637553 -0.081200
v 1.014493 0.622903 -0.083607
v 1.016389 0.713745 -0.083019
v 1.026340 0.698791 -0.091096
v 1.023556 0.682970 -0.101952
v 1.021132 0.668041 -0.110827
v 1.022686 0.653556 -0.117895
v 1.028355 0.638543 -0.122189
v 1.034047 0.622297 -0.123954
v 1.028367 0.717727 -0.131040
v 1.038906 0.701988 -0.139162
v 1.040011 0.685789 -0.147582
v 1.041756 0.670124 -0.154742
v 1.042346 0.654721 -0.162116
v 1.049037 0.638668 -0.167623
v 1.054900 0.621188 -0.171919
v 1.015312 0.716974 -0.186848
v 1.051226 0.705720 -0.191240
v 1.054931 0.688944 -0.198568
v 1.053923 0.672367 -0.205883
v 1.059285 0.656050 -0.212983
v 1.067485 0.638956 -0.220380
v 1.062686 0.622318 -0.227781
v 1.011168 0.717903 -0.237429
v 1.044068 0.706720 -0.245457
v 1.074443 0.692670 -0.255817
v 1.074144 0.674968 -0.262836
v 1.078993 0.657561 -0.270590
v 1.084465 0.639716 -0.279577
v 1.060349 0.625183 -0.283698
v 1.011732 0.720110 -0.286819
v 1.039537 0.708451 -0.297611
v 1.055643 0.693497 -0.307792
v 1.060421 0.676876 -0.315574
v 1.069442 0.659985 -0.324949
v 1.077928 0.642376 -0.335872
v 1.062005 0.627055 -0.339745
v 1.003883 0.721048 -0.331428
v 1.018297 0.708352 -0.340854
v 1.016289 0.692587 -0.343548
v 1.018545 0.677597 -0.349549
v 1.029092 0.662528 -0.360440
v 1.041433 0.646568 -0.373706
v 1.047677 0.630470 -0.385868
v 0.590588 0.704358 0.019070
v 0.579744 0.690667 0.034186
v 0.577025 0.673680 0.035895
v 0.573306 0.655207 0.036963
v 0.590653 0.638586 0.013388
v 0.607627 0.624806 -0.010706
v 0.624954 0.614698 -0.037404
v 0.645625 0.705457 0.028155
v 0.650788 0.689526 0.027453
v 0.652580 0.673544 0.026259
v 0.648899 0.656569 0.032039
v 0.647872 0.638232 0.033251
v 0.662133 0.624448 0.003994
v 0.670957 0.612180 -0.021351
v 0.710046 0.704611 0.020193
v 0.715129 0.689062 0.017992
v 0.717583 0.673952 0.017321
v 0.718279 0.658130 0.019767
v 0.719805 0.641229 0.020026
v 0.728718 0.628832 -0.010109
v 0.733881 0.617375 -0.034007
v 0.770016 0.704371 0.014461
v 0.773241 0.689123 0.010716
v 0.776280 0.674538 0.008727
v 0.779308 0.659425 0.010909
v 0.782621 0.643657 0.007827
v 0.785852 0.631694 -0.019577
v 0.788747 0.620602 -0.041488
v 0.826948 0.704512 0.011504
v 0.827940 0.689492 0.007568
v 0.831209 0.675204 0.005676
v 0.836342 0.660441 0.007490
v 0.840508 0.645022 0.004569
v 0.839010 0.633173 -0.022005
v 0.840101 0.622263 -0.043559
v 0.881336 0.704935 0.008803
v 0.881802 0.690386 0.006323
v 0.885906 0.676160 0.004938
v 0.893484 0.661329 0.007281
v 0.898057 0.645909 0.003216
v 0.891919 0.633918 -0.022686
v 0.889595 0.623441 -0.045101
v 0.933683 0.705980 0.006261
v 0.937597 0.692242 0.006101
v 0.944250 0.677760 0.005756
v 0.955671 0.662199 0.009456
v 0.956814 0.646467 -0.000325
v 0.946279 0.633985 -0.024521
v 0.938192 0.623895 -0.046584
v 0.609312 0.718826 -0.398697
v 0.655765 0.722955 -0.413768
v 0.711639 0.727717 -0.427792
v 0.777294 0.732240 -0.438960
v 0.850321 0.736418 -0.448507
v 0.908472 0.730577 -0.422167
v 0.949648 0.724543 -0.393884
v 0.616378 0.703978 -0.404951
v 0.665753 0.706176 -0.418507
v 0.719898 0.709331 -0.431848
v 0.781352 0.713824 -0.449196
v 0.850550 0.716397 -0.456002
v 0.904010 0.711896 -0.424959
v 0.946377 0.708705 -0.397373
v 0.624185 0.688738 -0.407068
v 0.673943 0.690136 -0.418759
v 0.725913 0.692395 -0.433048
v 0.785157 0.695313 -0.449877
v 0.853396 0.698018 -0.463716
v 0.903455 0.695032 -0.427463
v 0.945025 0.693366 -0.399766
v 0.628115 0.674113 -0.412394
v 0.677509 0.675354 -0.424338
v 0.730183 0.676633 -0.435984
v 0.788691 0.678117 -0.450503
v 0.855860 0.679785 -0.466285
v 0.906622 0.679259 -0.433756
v 0.947760 0.678759 -0.405563
v 0.632403 0.659659 -0.417264
v 0.681460 0.660715 -0.429282
v 0.735128 0.661504 -0.435509
v 0.791916 0.661940 -0.447596
v 0.857311 0.662347 -0.465970
v 0.914243 0.663388 -0.448395
v 0.955143 0.664116 -0.417045
v 0.640155 0.646215 -0.415504
v 0.686126 0.646568 -0.429446
v 0.738581 0.646854 -0.437001
v 0.795261 0.646163 -0.451755
v 0.861099 0.645270 -0.470283
v 0.922854 0.646427 -0.461868
v 0.969337 0.648255 -0.435455
v 0.653395 0.635777 -0.401705
v 0.691695 0.633967 -0.420371
v 0.739445 0.631312 -0.441840
v 0.798526 0.630276 -0.452328
v 0.864372 0.628983 -0.465076
v 0.923876 0.630953 -0.455008
v 0.980109 0.631979 -0.446364
v 2.323817 0.706611 0.101928
v 2.305848 0.716070 0.106897
v 2.331143 0.716866 0.119166
v 2.311904 0.724237 0.124094
v 2.326826 0.725516 0.093504
v 2.309322 0.732451 0.097118
v 2.334506 0.734161 0.108685
v 2.316175 0.742028 0.113232
v 4.785560 0.973921 0.071226
v 4.770014 0.940876 -0.009984
v 4.787239 0.858188 0.106323
v 4.768379 0.807660 0.025424
v 4.750508 1.002878 0.106296
v 4.731619 0.964060 0.032912
v 4.748454 0.885999 0.141420
v 4.728376 0.842312 0.066008
v 4.778141 0.958076 0.034706
v 4.788658 0.920202 0.089287
v 4.776583 0.840411 0.067594
v 4.769345 0.874722 0.006662
v 4.769069 0.992116 0.089321
v 4.749674 0.954000 0.011161
v 4.738013 0.996366 0.070174
v 4.749618 0.945053 0.122847
v 4.727841 0.904162 0.047528
v 4.737206 0.861262 0.106820
v 4.767734 0.871505 0.125228
v 4.748645 0.833463 0.048484
v 4.776928 0.899795 0.051497
v 4.759624 0.968947 0.052872
v 4.739186 0.925881 0.087481
v 4.757756 0.841027 0.088821
v 4.768861 0.934153 0.108622
v 4.749510 0.892183 0.032017
v 1.543172 -7.168665 -0.576880
v 1.555414 -7.155660 -0.591196
v 1.544157 -7.149791 -0.567055
v 1.551783 -7.134689 -0.581455
v 1.574445 -7.168967 -0.571710
v 1.584278 -7.158279 -0.584448
v 1.574229 -7.152522 -0.560034
v 1.584770 -7.140475 -0.575040
v -2.537158 1.242324 -0.183043
v -2.541250 1.252475 -0.171527
v -2.547665 1.236560 -0.184920
v -2.551809 1.247897 -0.173825
v -2.535710 1.230962 -0.170535
v -2.538995 1.242406 -0.157538
v -2.546452 1.223559 -0.172898
v -2.549926 1.236324 -0.161534
v 3.126802 1.361252 0.080668
v 3.116479 1.351099 0.086904
v 3.112228 1.368662 0.095230
v 3.100801 1.356631 0.099461
v 3.106584 1.362150 0.065401
v 3.096285 1.351395 0.074205
v 3.087521 1.369113 0.079749
v 3.079999 1.357108 0.086736
v -1.790253 -6.887763 -0.467289
v -1.785578 -6.896917 -0.377961
v -1.797593 -6.792725 -0.459830
v -1.790459 -6.794699 -0.369768
v -1.889446 -6.890671 -0.462828
v -1.891220 -6.901668 -0.377515
v -1.899255 -6.796905 -0.459707
v -1.900324 -6.801363 -0.368434
v -1.785099 -6.894629 -0.423810
v -1.786870 -6.838728 -0.469825
v -1.782011 -6.780687 -0.416398
v -1.783769 -6.846617 -0.370459
v -1.841001 -6.900309 -0.476593
v -1.838796 -6.902982 -0.374865
v -1.903216 -6.909691 -0.422617
v -1.915786 -6.845333 -0.479120
v -1.898699 -6.853184 -0.370384
v -1.913914 -6.787283 -0.414396
v -1.848038 -6.788917 -0.464370
v -1.845626 -6.796118 -0.367079
v -1.754492 -6.840855 -0.420849
v -1.838182 -6.927685 -0.424997
v -1.921942 -6.850614 -0.418399
v -1.847781 -6.777770 -0.414993
v -1.845353 -6.839882 -0.496746
v -1.841719 -6.851392 -0.352383
v 4.552689 1.698539 0.132856
v 4.540547 1.698077 0.143911
v 4.543653 1.711460 0.125246
v 4.532897 1.711320 0.137323
v 4.543303 1.686981 0.123831
v 4.532725 1.686528 0.135686
v 4.535195 1.700091 0.113569
v 4.524423 1.699376 0.128221
v -4.264371 1.716413 -0.416065
v -4.271534 1.717058 -0.391662
v -4.284306 1.722159 -0.425550
v -4.292540 1.723020 -0.400120
v -4.268734 1.693453 -0.417638
v -4.276284 1.694061 -0.393948
v -4.289273 1.697710 -0.427777
v -4.297730 1.697896 -0.401623
v -3.002377 1.943616 -0.143492
v -2.987781 1.962967 -0.148304
v -3.021266 1.957907 -0.152477
v -3.004807 1.976370 -0.157777
v -3.006289 1.956126 -0.124456
v -2.991381 1.973456 -0.130328
v -3.023993 1.969304 -0.133096
v -3.008891 1.989583 -0.138059
v -3.105707 2.153409 -0.047588
v -3.083370 2.025445 -0.099987
v -3.220250 2.102098 -0.016418
v -3.197836 1.969154 -0.059036
v -3.160716 2.195818 -0.156053
v -3.132723 2.066715 -0.211463
v -3.277903 2.147540 -0.117886
v -3.245877 2.022897 -0.164900
v -3.091995 2.126524 -0.055061
v -3.083061 2.088414 -0.069773
v -3.081298 2.051875 -0.086543
v -3.122158 2.155486 -0.021427
v -3.161115 2.139512 -0.007435
v -3.197078 2.116622 -0.013213
v -3.222717 2.071419 -0.009046
v -3.221937 2.021169 -0.007830
v -3.209088 1.984435 -0.034597
v -3.098409 2.002642 -0.088416
v -3.132850 1.986340 -0.076350
v -3.168581 1.972265 -0.064971
v -3.110037 2.174700 -0.068095
v -3.126093 2.189313 -0.101245
v -3.143875 2.199762 -0.134134
v -3.079244 2.025539 -0.127476
v -3.080337 2.030379 -0.170733
v -3.105458 2.049094 -0.203675
v -3.147388 2.190053 -0.185731
v -3.141171 2.141349 -0.196852
v -3.130379 2.100704 -0.218754
v -3.188759 2.195381 -0.151386
v -3.231038 2.197861 -0.145611
v -3.264671 2.173669 -0.130504
v -3.159150 2.051691 -0.211583
v -3.196283 2.031843 -0.208856
v -3.230607 2.021210 -0.188630
v -3.283353 2.121229 -0.132596
v -3.291335 2.081738 -0.154598
v -3.263650 2.045100 -0.161255
v -3.248825 2.119949 -0.018172
v -3.270629 2.136599 -0.050987
v -3.287570 2.150676 -0.088331
v -3.219833 1.950970 -0.078978
v -3.238818 1.966986 -0.117332
v -3.243910 2.000757 -0.147271
v -3.109484 2.113115 -0.026227
v -3.149172 2.096560 -0.015593
v -3.186605 2.080645 -0.009821
v -3.093244 2.068688 -0.037308
v -3.136286 2.050853 -0.023785
v -3.178740 2.029686 -0.003698
v -3.097787 2.030879 -0.063755
v -3.133146 2.013894 -0.050641
v -3.170516 2.000926 -0.040394
v -3.091429 2.145122 -0.085178
v -3.084184 2.104737 -0.101103
v -3.073634 2.064568 -0.117265
v -3.105683 2.161613 -0.119063
v -3.081006 2.126690 -0.141044
v -3.076269 2.077070 -0.158356
v -3.119703 2.181026 -0.156678
v -3.110197 2.137447 -0.175000
v -3.101088 2.092867 -0.192569
v -3.188653 2.185584 -0.189955
v -3.178867 2.133977 -0.200574
v -3.170606 2.090289 -0.212852
v -3.230775 2.166662 -0.174922
v -3.217695 2.116889 -0.186489
v -3.210970 2.073173 -0.209887
v -3.262432 2.141562 -0.155228
v -3.265564 2.102234 -0.181224
v -3.248103 2.057586 -0.191274
v -3.251808 2.078279 -0.030056
v -3.270723 2.092763 -0.064318
v -3.299479 2.109184 -0.099019
v -3.249771 2.031457 -0.040266
v -3.280237 2.042466 -0.075295
v -3.289863 2.062585 -0.117764
v -3.245068 1.978080 -0.055057
v -3.261859 1.998722 -0.097075
v -3.263040 2.027720 -0.131509
v -3.141179 2.179768 -0.048894
v -3.159032 2.193562 -0.084831
v -3.177111 2.196189 -0.119147
v -3.179698 2.165487 -0.034079
v -3.198365 2.181638 -0.070415
v -3.217013 2.196747 -0.107700
v -3.219216 2.148566 -0.021495
v -3.235464 2.160421 -0.059860
v -3.263627 2.187697 -0.093099
v -3.107934 1.999820 -0.121861
v -3.144000 1.983850 -0.109741
v -3.180827 1.953408 -0.096414
v -3.111130 1.995664 -0.167190
v -3.158761 1.986642 -0.148081
v -3.201241 1.962583 -0.135922
v -3.135504 2.017594 -0.202294
v -3.177846 1.998823 -0.189402
v -3.216173 1.991583 -0.168223
v 4.889771 2.441518 0.237626
v 4.916613 2.460868 0.185660
v 4.880348 2.388851 0.224813
v 4.897143 2.401495 0.172324
v 4.821090 2.460770 0.235565
v 4.842690 2.471851 0.175812
v 4.818925 2.402959 0.213799
v 4.833805 2.415342 0.163676
v 4.910571 2.454915 0.217906
v 4.891172 2.412781 0.239258
v 4.895870 2.385932 0.198167
v 4.917631 2.428892 0.172464
v 4.859438 2.452721 0.241378
v 4.880733 2.473634 0.176655
v 4.827399 2.473051 0.204574
v 4.804795 2.428424 0.231273
v 4.827429 2.447827 0.155519
v 4.817731 2.404439 0.185995
v 4.843647 2.383225 0.226219
v 4.865235 2.403734 0.159791
v 4.922991 2.416357 0.211264
v 4.871331 2.471512 0.213552
v 4.805160 2.440243 0.191941
v 4.852651 2.383023 0.188269
v 4.847938 2.416880 0.247620
v 4.875553 2.439559 0.158485
v -5.318657 -6.709085 -0.578287
v -5.338291 -6.716878 -0.574634
v -5.322395 -6.694442 -0.566530
v -5.341676 -6.700326 -0.562746
v -5.324647 -6.699705 -0.595357
v -5.346379 -6.706865 -0.594470
v -5.328277 -6.684001 -0.583272
v -5.348179 -6.690617 -0.579870
v -5.099738 -6.605208 -0.549118
v -5.090893 -6.598599 -0.568210
v -5.110749 -6.610499 -0.566772
v -5.101387 -6.602504 -0.586233
v -5.104739 -6.587409 -0.547946
v -5.096498 -6.580281 -0.564917
v -5.114866 -6.590487 -0.563479
v -5.106724 -6.583338 -0.582982
v -5.512428 -6.578492 -0.617636
v -5.476671 -6.598610 -0.594802
v -5.482472 -6.546958 -0.641039
v -5.444378 -6.568414 -0.615660
v -5.517741 -6.547431 -0.584453
v -5.483281 -6.566609 -0.562400
v -5.489722 -6.512281 -0.604167
v -5.449501 -6.533531 -0.578501
v -5.497395 -6.595942 -0.607919
v -5.501732 -6.564866 -0.635811
v -5.460582 -6.557879 -0.632003
v -5.457628 -6.588038 -0.605796
v -5.526195 -6.564497 -0.601253
v -5.478860 -6.592587 -0.569579
v -5.503390 -6.556951 -0.569230
v -5.514433 -6.519165 -0.591136
v -5.466619 -6.550935 -0.567678
v -5.469157 -6.520841 -0.591075
v -5.486167 -6.528964 -0.623263
v -5.444069 -6.551025 -0.597498
v -5.478369 -6.579025 -0.622486
v -5.503457 -6.578441 -0.585667
v -5.487480 -6.535548 -0.575828
v -5.463582 -6.537614 -0.612062
v -5.507020 -6.543982 -0.614672
v -5.458001 -6.571244 -0.583375
v -1.221314 -8.769717 -0.404161
v -1.231784 -8.764720 -0.419827
v -1.248531 -8.770736 -0.396873
v -1.258912 -8.765711 -0.412340
v -1.217300 -8.761789 -0.392949
v -1.228359 -8.756668 -0.409017
v -1.244973 -8.762926 -0.386905
v -1.257035 -8.757465 -0.401479
v 2.856483 -8.731841 -0.253968
v 2.993212 -8.779654 -0.268229
v 2.850054 -8.769733 -0.405726
v 2.979189 -8.833703 -0.418673
v 2.899253 -8.572465 -0.303579
v 3.044335 -8.619746 -0.306245
v 2.885422 -8.624804 -0.450308
v 3.018459 -8.671683 -0.463596
v 2.885630 -8.748392 -0.246517
v 2.926075 -8.764190 -0.248003
v 2.966235 -8.778483 -0.251781
v 2.831563 -8.752890 -0.274894
v 2.835230 -8.762564 -0.329398
v 2.841499 -8.768504 -0.374786
v 2.865026 -8.800272 -0.418398
v 2.907017 -8.811431 -0.417950
v 2.945913 -8.823003 -0.418131
v 2.996622 -8.803084 -0.294127
v 2.994632 -8.823342 -0.336983
v 2.987074 -8.831908 -0.382935
v 2.859681 -8.692711 -0.256588
v 2.870833 -8.645085 -0.269281
v 2.881178 -8.594124 -0.280784
v 3.014261 -8.752250 -0.263395
v 3.032246 -8.705420 -0.271746
v 3.045935 -8.654819 -0.286073
v 2.930960 -8.571468 -0.298688
v 2.975127 -8.574553 -0.294036
v 3.014202 -8.599842 -0.300819
v 2.892263 -8.576058 -0.338680
v 2.885510 -8.585356 -0.382546
v 2.877835 -8.594447 -0.429880
v 3.049853 -8.624448 -0.343826
v 3.047916 -8.636635 -0.393025
v 3.031482 -8.656628 -0.434378
v 2.912569 -8.628193 -0.463213
v 2.950377 -8.642960 -0.464605
v 2.988953 -8.656698 -0.468220
v 2.845633 -8.741646 -0.424778
v 2.856734 -8.697716 -0.437941
v 2.867933 -8.653635 -0.451093
v 2.994912 -8.806137 -0.438152
v 3.010170 -8.760561 -0.456301
v 3.021945 -8.710380 -0.469707
v 2.865539 -8.789618 -0.268135
v 2.861016 -8.803594 -0.322562
v 2.862691 -8.807980 -0.373670
v 2.913811 -8.806633 -0.271809
v 2.910706 -8.810304 -0.328089
v 2.907058 -8.817374 -0.374638
v 2.960810 -8.823093 -0.275000
v 2.954126 -8.835445 -0.327936
v 2.947259 -8.834864 -0.376921
v 2.898436 -8.702209 -0.244914
v 2.938625 -8.718199 -0.241834
v 2.982078 -8.735742 -0.239343
v 2.910909 -8.656767 -0.260275
v 2.950735 -8.670694 -0.258083
v 2.996373 -8.685138 -0.251153
v 2.921372 -8.605298 -0.268022
v 2.963367 -8.621829 -0.270133
v 3.011024 -8.632472 -0.264730
v 2.930585 -8.575318 -0.344708
v 2.972736 -8.576313 -0.344952
v 3.021689 -8.584790 -0.345791
v 2.923432 -8.568915 -0.392337
v 2.968859 -8.583724 -0.395147
v 3.006336 -8.612211 -0.393261
v 2.920118 -8.599173 -0.431927
v 2.960321 -8.609659 -0.437395
v 2.995116 -8.633174 -0.431498
v 2.867557 -8.768992 -0.454347
v 2.877913 -8.718349 -0.475352
v 2.898966 -8.669808 -0.471073
v 2.913936 -8.780974 -0.450759
v 2.926381 -8.732550 -0.464671
v 2.938732 -8.684907 -0.475483
v 2.954927 -8.791450 -0.447018
v 2.966330 -8.745668 -0.459984
v 2.980870 -8.700374 -0.481363
v 2.827971 -8.699528 -0.287862
v 2.851632 -8.651853 -0.309659
v 2.864599 -8.604745 -0.323994
v 2.827884 -8.714174 -0.340832
v 2.839734 -8.663261 -0.355722
v 2.854462 -8.613887 -0.370635
v 2.837609 -8.725378 -0.386028
v 2.839658 -8.679386 -0.402834
v 2.850715 -8.629921 -0.418217
v 3.022486 -8.769330 -0.305209
v 3.020871 -8.786636 -0.350304
v 3.012181 -8.797127 -0.396414
v 3.039893 -8.723726 -0.316917
v 3.046429 -8.742752 -0.365381
v 3.034209 -8.755594 -0.415972
v 3.043332 -8.676396 -0.333753
v 3.045384 -8.688927 -0.379139
v 3.048404 -8.703083 -0.432186
v 3.951192 3.444442 0.258257
v 3.953473 3.451197 0.223494
v 3.931173 3.460058 0.256924
v 3.935378 3.463173 0.222862
v 3.966812 3.462829 0.262665
v 3.967328 3.465551 0.229327
v 3.947838 3.474196 0.259749
v 3.950114 3.477131 0.229827
v 0.725278 3.390211 0.475937
v 0.742065 3.483960 0.387970
v 0.722810 3.486136 0.570132
v 0.732518 3.568620 0.474419
v 0.839105 3.386106 0.493144
v 0.839301 3.483567 0.397047
v 0.824066 3.485799 0.585890
v 0.831460 3.569115 0.489316
v 0.719491 3.401731 0.445937
v 0.724082 3.431568 0.416103
v 0.731056 3.460914 0.392772
v 0.720217 3.409343 0.501418
v 0.711366 3.430846 0.534689
v 0.714049 3.461841 0.560026
v 0.710104 3.511840 0.564020
v 0.712522 3.540103 0.532593
v 0.721911 3.559911 0.498969
v 0.735157 3.505466 0.399242
v 0.727716 3.534169 0.418524
v 0.727148 3.558173 0.448137
v 0.745002 3.368287 0.479229
v 0.781014 3.365078 0.484700
v 0.815653 3.372621 0.489808
v 0.760708 3.483678 0.371618
v 0.791841 3.483406 0.361638
v 0.824414 3.483339 0.370345
v 0.847961 3.400966 0.465187
v 0.843696 3.434929 0.438231
v 0.842403 3.461774 0.413793
v 0.841692 3.403472 0.521715
v 0.835372 3.435332 0.547746
v 0.830011 3.463203 0.570916
v 0.849042 3.507915 0.405768
v 0.842110 3.531589 0.438278
v 0.840407 3.557553 0.465290
v 0.834899 3.510230 0.578753
v 0.839343 3.538617 0.550552
v 0.841494 3.565404 0.518952
v 0.742604 3.486203 0.584851
v 0.770835 3.486310 0.606848
v 0.803122 3.486061 0.599479
v 0.749007 3.591249 0.476572
v 0.781823 3.590951 0.481520
v 0.810887 3.579017 0.486072
v 0.709785 3.430716 0.473011
v 0.696958 3.454551 0.505372
v 0.701262 3.485840 0.534568
v 0.701422 3.453189 0.436166
v 0.693512 3.485141 0.469763
v 0.702350 3.514555 0.503181
v 0.716226 3.484382 0.413399
v 0.706789 3.514211 0.438353
v 0.710690 3.539059 0.471563
v 0.751604 3.394568 0.441484
v 0.755129 3.423846 0.412482
v 0.757729 3.450447 0.382090
v 0.784507 3.390066 0.444630
v 0.787250 3.420194 0.413460
v 0.790113 3.448150 0.380824
v 0.820058 3.386906 0.448754
v 0.822614 3.417263 0.415725
v 0.822173 3.449620 0.390084
v 0.863066 3.422298 0.496224
v 0.856140 3.456783 0.463968
v 0.853203 3.483951 0.436875
v 0.856495 3.455318 0.527912
v 0.867921 3.484550 0.496045
v 0.861303 3.513477 0.461880
v 0.847314 3.485309 0.553325
v 0.856636 3.514587 0.527035
v 0.858665 3.543172 0.493794
v 0.737765 3.522615 0.582671
v 0.771784 3.525722 0.596860
v 0.804737 3.518630 0.582149
v 0.741546 3.550333 0.548222
v 0.775577 3.550154 0.553280
v 0.809899 3.550804 0.559287
v 0.746927 3.572384 0.513637
v 0.778578 3.573457 0.518902
v 0.810403 3.572456 0.523320
v 0.742514 3.389058 0.519655
v 0.777084 3.375469 0.530849
v 0.811246 3.393378 0.527994
v 0.737314 3.415333 0.556299
v 0.774422 3.414253 0.562986
v 0.807158 3.425594 0.554778
v 0.741430 3.452934 0.574701
v 0.771910 3.448242 0.593251
v 0.803829 3.454018 0.580153
v 0.758904 3.515878 0.385211
v 0.755260 3.545171 0.409943
v 0.753428 3.570823 0.440731
v 0.789918 3.517379 0.385020
v 0.787493 3.545671 0.414101
v 0.784960 3.573076 0.444425
v 0.821586 3.516855 0.391032
v 0.818798 3.543683 0.420978
v 0.814491 3.566154 0.451910
v 4.994055 3.591043 0.200429
v 5.013654 3.596274 0.198270
v 4.996270 3.591151 0.229581
v 5.015011 3.595642 0.225737
v 4.998899 3.565361 0.200732
v 5.017766 3.571226 0.198303
v 5.000716 3.565557 0.229194
v 5.019670 3.571504 0.226145
v -3.469011 -5.927348 -0.431883
v -3.472570 -5.990838 -0.424104
v -3.457397 -5.929897 -0.368092
v -3.455799 -5.990317 -0.362194
v -3.514233 -5.926357 -0.406649
v -3.515629 -5.986752 -0.402769
v -3.499524 -5.922664 -0.343924
v -3.502042 -5.987040 -0.339173
v -3.466795 -5.961457 -0.439579
v -3.458904 -5.923944 -0.399395
v -3.452573 -5.958333 -0.362574
v -3.460618 -5.996458 -0.395582
v -3.493549 -5.922849 -0.423061
v -3.496981 -5.998661 -0.422335
v -3.523564 -5.956673 -0.410513
v -3.513102 -5.915150 -0.373386
v -3.515192 -5.994481 -0.369110
v -3.505192 -5.953549 -0.328815
v -3.474374 -5.916087 -0.347256
v -3.476882 -5.996812 -0.341875
v -3.454325 -5.960158 -0.400135
v -3.497489 -5.959284 -0.431922
v -3.519727 -5.954743 -0.368536
v -3.474364 -5.955890 -0.339589
v -3.484264 -5.913728 -0.387476
v -3.487177 -6.000969 -0.382474
v -5.245536 -5.888047 -0.621521
v -5.241716 -5.876685 -0.635114
v -5.246732 -5.895791 -0.641621
v -5.243568 -5.884566 -0.653732
v -5.264635 -5.885064 -0.621764
v -5.259414 -5.873884 -0.636933
v -5.263831 -5.892432 -0.643182
v -5.261690 -5.881094 -0.659421
v 3.698608 -5.873653 -0.380449
v 3.677851 -5.869880 -0.372325
v 3.697252 -5.861619 -0.394163
v 3.677988 -5.857616 -0.386778
v 3.688949 -5.881472 -0.397124
v 3.669077 -5.878303 -0.389779
v 3.688535 -5.869599 -0.409243
v 3.668214 -5.865732 -0.403835
v 1.928409 4.336034 0.536741
v 1.953640 4.311158 0.519097
v 1.915674 4.296324 0.549832
v 1.945764 4.270530 0.534902
v 1.903083 4.330746 0.506857
v 1.932605 4.305972 0.491098
v 1.888193 4.288922 0.522551
v 1.919467 4.263835 0.503483
v 1.945499 4.327277 0.528736
v 1.921127 4.319996 0.550613
v 1.930140 4.283026 0.544522
v 1.954063 4.291545 0.527086
v 1.914839 4.337915 0.522251
v 1.947950 4.310384 0.502188
v 1.917773 4.319972 0.495782
v 1.890509 4.311837 0.513456
v 1.926948 4.282834 0.491648
v 1.903185 4.275585 0.512771
v 1.897410 4.290758 0.541299
v 1.932652 4.267015 0.519179
v 1.940670 4.305357 0.540478
v 1.933164 4.328419 0.510357
v 1.907230 4.296807 0.500513
v 1.914951 4.273652 0.531017
v 1.900986 4.319656 0.534745
v 1.942979 4.285951 0.509132
v 6.165509 -8.548801 0.335897
v 6.172125 -8.549571 0.251329
v 6.196070 -8.500988 0.339709
v 6.206109 -8.499539 0.255562
v 6.266800 -8.567703 0.349068
v 6.275266 -8.564371 0.261584
v 6.304502 -8.513977 0.354737
v 6.305766 -8.516200 0.265602
v 6.158643 -8.551679 0.294197
v 6.164957 -8.522963 0.348375
v 6.200155 -8.499481 0.298278
v 6.183980 -8.523384 0.248040
v 6.208641 -8.562961 0.350712
v 6.224746 -8.557250 0.256350
v 6.275983 -8.570421 0.303745
v 6.287066 -8.541699 0.353683
v 6.299183 -8.541178 0.257882
v 6.302685 -8.515793 0.306621
v 6.248667 -8.502207 0.355400
v 6.260524 -8.504158 0.254299
v 6.173855 -8.523021 0.295806
v 6.215704 -8.562501 0.298819
v 6.305150 -8.543288 0.306498
v 6.254149 -8.504264 0.302717
v 6.228958 -8.532751 0.349868
v 6.242589 -8.532299 0.247481
v -4.533529 -5.542781 -0.582337
v -4.551793 -5.541628 -0.597229
v -4.551732 -5.546898 -0.568148
v -4.569373 -5.546749 -0.583019
v -4.537573 -5.521766 -0.578303
v -4.555555 -5.519018 -0.595732
v -4.555129 -5.526920 -0.564192
v -4.573754 -5.525572 -0.578953
v -5.262754 -5.373548 -0.677877
v -5.259238 -5.381073 -0.697468
v -5.254468 -5.355931 -0.685205
v -5.251166 -5.364028 -0.705350
v -5.238251 -5.379131 -0.671564
v -5.235886 -5.385868 -0.692354
v -5.229983 -5.361337 -0.680005
v -5.227435 -5.369273 -0.699644
v -5.273513 5.101151 0.500251
v -5.275262 5.085101 0.513905
v -5.255920 5.106558 0.504023
v -5.259660 5.088521 0.520078
v -5.279305 5.119341 0.510977
v -5.282533 5.102700 0.525632
v -5.263964 5.125812 0.516928
v -5.265632 5.108472 0.532900
v -2.011682 5.218649 0.400643
v -2.016447 5.195225 0.397652
v -1.998493 5.212872 0.389994
v -2.003742 5.190638 0.386740
v -2.003243 5.209386 0.415234
v -2.008752 5.187016 0.413450
v -1.991309 5.205047 0.404938
v -1.996281 5.184152 0.402081
v 3.339622 -5.116517 -0.390116
v 3.336767 -5.118232 -0.366552
v 3.347385 -5.128002 -0.389337
v 3.344612 -5.128976 -0.367749
v 3.354096 -5.109979 -0.384795
v 3.350581 -5.112094 -0.360608
v 3.359972 -5.122254 -0.383630
v 3.356763 -5.123561 -0.363181
v 2.583873 -5.182115 -0.392033
v 2.581780 -5.186811 -0.469923
v 2.548663 -5.114593 -0.389147
v 2.541059 -5.112844 -0.477720
v 2.672218 -5.160784 -0.394375
v 2.680975 -5.164978 -0.469550
v 2.648859 -5.095599 -0.391884
v 2.646795 -5.100176 -0.466495
v 2.571433 -5.199587 -0.429196
v 2.554920 -5.152676 -0.380738
v 2.529563 -5.107978 -0.431043
v 2.549777 -5.155502 -0.484258
v 2.634328 -5.182260 -0.379926
v 2.634279 -5.182007 -0.476595
v 2.688052 -5.167125 -0.429282
v 2.675496 -5.126549 -0.381450
v 2.670937 -5.129074 -0.474425
v 2.657964 -5.084435 -0.430916
v 2.593669 -5.089093 -0.373111
v 2.598364 -5.099699 -0.478484
v 2.532609 -5.158329 -0.430114
v 2.639520 -5.194088 -0.429001
v 2.678015 -5.126806 -0.430059
v 2.594713 -5.091402 -0.431063
v 2.615603 -5.139363 -0.371189
v 2.616397 -5.141020 -0.481874
v -5.878469 5.345632 0.649054
v -5.888403 5.339804 0.662439
v -5.876227 5.320713 0.644489
v -5.885225 5.311862 0.657959
v -5.865203 5.344973 0.656998
v -5.872540 5.338925 0.670509
v -5.859848 5.319367 0.652248
v -5.869948 5.312489 0.666580
v -0.629399 5.388406 0.644155
v -0.654341 5.393469 0.647885
v -0.638478 5.372522 0.631159
v -0.662814 5.378302 0.633803
v -0.627473 5.373591 0.664924
v -0.655599 5.379905 0.664504
v -0.639055 5.357544 0.647578
v -0.664338 5.364148 0.651271
v -5.660412 -5.141267 -0.739800
v -5.654411 -5.123451 -0.769025
v -5.639612 -5.110350 -0.726913
v -5.636015 -5.097934 -0.756651
v -5.632533 -5.160843 -0.746861
v -5.629736 -5.144856 -0.773243
v -5.613896 -5.134446 -0.734385
v -5.610636 -5.117708 -0.762735
v -5.661026 -5.132295 -0.755882
v -5.652262 -5.125086 -0.730414
v -5.638656 -5.096176 -0.740419
v -5.647744 -5.105192 -0.765531
v -5.647360 -5.156064 -0.742111
v -5.644742 -5.136712 -0.779064
v -5.630110 -5.160403 -0.762811
v -5.622225 -5.150212 -0.739524
v -5.617638 -5.132455 -0.771700
v -5.608102 -5.125589 -0.747859
v -5.624956 -5.121924 -0.727456
v -5.621886 -5.103096 -0.761070
v -5.654270 -5.111025 -0.747454
v -5.646939 -5.148147 -0.760144
v -5.612478 -5.148451 -0.756613
v -5.619287 -5.106054 -0.741955
v -5.636365 -5.140228 -0.732606
v -5.632258 -5.117707 -0.770855
v -1.078862 5.500137 0.567577
v -1.079534 5.503549 0.603742
v -1.094624 5.520066 0.560562
v -1.094161 5.522859 0.601362
v -1.106742 5.485582 0.568225
v -1.105291 5.491253 0.610314
v -1.125985 5.507780 0.563243
v -1.121914 5.510867 0.604724
v -1.074333 5.501074 0.586325
v -1.085344 5.509864 0.562720
v -1.093651 5.523586 0.580885
v -1.084282 5.513730 0.605227
v -1.090604 5.492294 0.565984
v -1.089472 5.495988 0.611863
v -1.106797 5.486247 0.591103
v -1.117171 5.496389 0.564818
v -1.115611 5.500711 0.610346
v -1.130708 5.510596 0.585299
v -1.110307 5.514565 0.560630
v -1.108859 5.517663 0.604400
v -1.083989 5.512125 0.583659
v -1.088926 5.492847 0.588885
v -1.118483 5.497717 0.588380
v -1.111864 5.518773 0.582639
v -1.100499 5.503234 0.561056
v -1.099615 5.507511 0.609634
v 3.879982 -4.998031 -0.261363
v 3.885118 -5.015213 -0.283119
v 3.859658 -4.986456 -0.276630
v 3.865508 -5.003587 -0.298517
v 3.897010 -4.980806 -0.272900
v 3.902922 -4.997450 -0.294184
v 3.878232 -4.970855 -0.287669
v 3.883251 -4.985201 -0.312801
v 3.882774 -5.009851 -0.269263
v 3.867338 -4.992393 -0.265129
v 3.859705 -4.995667 -0.288124
v 3.873440 -5.014371 -0.292419
v 3.891149 -4.988281 -0.260939
v 3.896998 -5.009766 -0.289398
v 3.903634 -4.988303 -0.282838
v 3.888591 -4.972424 -0.279438
v 3.893796 -4.991680 -0.303142
v 3.880235 -4.973839 -0.302036
v 3.864936 -4.972996 -0.281323
v 3.873034 -4.995295 -0.307127
v 3.868535 -5.005002 -0.277424
v 3.896982 -5.000963 -0.273351
v 3.894954 -4.978561 -0.293858
v 3.865883 -4.982962 -0.297779
v 3.877677 -4.979205 -0.269185
v 3.885658 -5.005828 -0.303102
v 0.213882 5.752090 0.805760
v 0.223892 5.742693 0.820679
v 0.215905 5.782420 0.812304
v 0.227292 5.772397 0.828030
v 0.202730 5.748202 0.820515
v 0.212814 5.737319 0.835598
v 0.204470 5.777173 0.827574
v 0.214858 5.768050 0.844450
v 5.725073 5.889823 0.602237
v 5.643057 5.893868 0.576226
v 5.756256 5.903972 0.540643
v 5.679523 5.904246 0.519183
v 5.724966 5.830196 0.581450
v 5.643668 5.828839 0.559819
v 5.760201 5.841851 0.523838
v 5.680438 5.847188 0.501257
v 5.683024 5.892993 0.591024
v 5.745957 5.900771 0.573427
v 5.720019 5.914593 0.523472
v 5.653277 5.906818 0.544844
v 5.727811 5.857144 0.596250
v 5.626959 5.860328 0.573288
v 5.682292 5.816803 0.578601
v 5.750693 5.828550 0.554955
v 5.655651 5.832975 0.525151
v 5.724509 5.837563 0.500805
v 5.766288 5.874071 0.529816
v 5.673344 5.879414 0.498669
v 5.700161 5.909707 0.560952
v 5.682143 5.858441 0.586451
v 5.703723 5.825485 0.538770
v 5.722675 5.877449 0.511593
v 5.750488 5.865202 0.565047
v 5.650462 5.870397 0.533829
v 3.923975 6.136580 0.679554
v 3.937995 6.141293 0.663241
v 3.932095 6.117563 0.681565
v 3.944767 6.120840 0.663982
v 3.900232 6.132656 0.670339
v 3.916012 6.135198 0.652103
v 3.911715 6.112965 0.670224
v 3.924247 6.115453 0.653557
v -3.855941 -4.840484 -0.579515
v -3.854307 -4.840885 -0.551083
v -3.860123 -4.827960 -0.580577
v -3.860167 -4.827727 -0.552498
v -3.881364 -4.844652 -0.582631
v -3.880475 -4.843652 -0.551016
v -3.883808 -4.830724 -0.579950
v -3.885983 -4.829790 -0.551220
v -2.896220 -4.757330 -0.467382
v -2.908170 -4.754066 -0.453671
v -2.907529 -4.774579 -0.474455
v -2.920867 -4.770659 -0.460032
v -2.881616 -4.773215 -0.456638
v -2.898993 -4.769215 -0.443499
v -2.898159 -4.789313 -0.463258
v -2.910593 -4.787464 -0.448900
v 0.923247 6.204511 0.911233
v 0.913972 6.216611 0.934229
v 0.950068 6.216867 0.913643
v 0.940221 6.228867 0.934118
v 0.912292 6.226619 0.895969
v 0.902541 6.239987 0.920182
v 0.940863 6.238934 0.899487
v 0.931747 6.251107 0.922245
v 0.916867 6.206941 0.923774
v 0.939454 6.205932 0.911237
v 0.951400 6.221371 0.927121
v 0.928117 6.221797 0.939198
v 0.917047 6.213965 0.902635
v 0.901556 6.228055 0.931199
v 0.903003 6.234480 0.906111
v 0.926908 6.233713 0.894954
v 0.915986 6.248962 0.922058
v 0.939131 6.250693 0.909066
v 0.946977 6.227685 0.905901
v 0.938933 6.243014 0.932173
v 0.934364 6.212506 0.926325
v 0.906638 6.218628 0.914968
v 0.920175 6.244227 0.906516
v 0.945288 6.235699 0.918264
v 0.933954 6.218899 0.900460
v 0.921874 6.235650 0.930962
v -1.129325 6.204218 0.625613
v -1.150959 6.204096 0.647040
v -1.148606 6.221505 0.611849
v -1.169974 6.220540 0.635919
v -1.148897 6.188384 0.614240
v -1.168865 6.186398 0.636801
v -1.166444 6.203237 0.603194
v -1.185021 6.203157 0.623584
v -1.136151 6.204277 0.639791
v -1.137011 6.213419 0.618417
v -1.159677 6.224067 0.624128
v -1.160233 6.213215 0.644301
v -1.136855 6.194787 0.618935
v -1.159654 6.192764 0.648699
v -1.158031 6.180449 0.624999
v -1.157659 6.194655 0.605929
v -1.183247 6.192801 0.631337
v -1.178993 6.203106 0.611070
v -1.158234 6.213452 0.602798
v -1.182775 6.213254 0.630598
v -1.146099 6.215766 0.633185
v -1.146154 6.193050 0.633026
v -1.170745 6.192460 0.616541
v -1.173497 6.215787 0.614822
v -1.145031 6.203709 0.608941
v -1.171591 6.203605 0.638791
v -3.944793 6.322476 0.688905
v -3.947526 6.287365 0.710360
v -3.981852 6.330574 0.687755
v -3.982007 6.290188 0.709989
v -3.943973 6.288312 0.664481
v -3.946839 6.251407 0.688133
v -3.979605 6.291189 0.665608
v -3.983240 6.254573 0.686955
v -3.944134 6.306507 0.701155
v -3.961658 6.336244 0.688481
v -3.983099 6.310354 0.700317
v -3.964603 6.288679 0.713316
v -3.941526 6.308503 0.675508
v -3.945765 6.268378 0.700681
v -3.943986 6.268105 0.675528
v -3.962497 6.289927 0.660646
v -3.965114 6.252185 0.687533
v -3.984226 6.271006 0.673946
v -3.981913 6.310769 0.674865
v -3.985945 6.269800 0.700561
v -3.963205 6.314132 0.704578
v -3.935670 6.286978 0.688856
v -3.963957 6.265457 0.672014
v -3.987374 6.291241 0.687181
v -3.961888 6.315061 0.671798
v -3.965185 6.265085 0.703112
v 1.805007 -4.381079 -0.400319
v 1.797001 -4.377053 -0.418386
v 1.799985 -4.360996 -0.393195
v 1.792261 -4.356529 -0.411019
v 1.820269 -4.372239 -0.407121
v 1.812142 -4.367545 -0.425123
v 1.814835 -4.351813 -0.400070
v 1.807165 -4.345991 -0.418639
v -3.000681 6.339648 0.581463
v -3.016747 6.325976 0.567195
v -2.998044 6.327210 0.597823
v -3.014600 6.312154 0.586156
v -3.030317 6.348664 0.589461
v -3.048626 6.333704 0.577038
v -3.027701 6.334391 0.606921
v -3.050542 6.318310 0.595998
v -5.506338 6.427320 0.899382
v -5.499253 6.418458 0.916138
v -5.486671 6.435276 0.894218
v -5.478317 6.426110 0.912966
v -5.515635 6.443966 0.909526
v -5.504751 6.434326 0.925947
v -5.493609 6.450764 0.906551
v -5.486484 6.442199 0.923199
v -3.984567 -4.286255 -0.737325
v -3.958197 -4.186586 -0.602715
v -4.145528 -4.329072 -0.660655
v -4.123687 -4.232386 -0.538882
v -3.900005 -4.402561 -0.643205
v -3.859300 -4.301099 -0.507952
v -4.059650 -4.424081 -0.579865
v -4.038772 -4.342202 -0.462294
v -3.974585 -4.256596 -0.716262
v -3.961860 -4.217819 -0.685829
v -3.955246 -4.189924 -0.641335
v -4.028924 -4.292335 -0.750517
v -4.083923 -4.306962 -0.724334
v -4.124072 -4.320320 -0.689146
v -4.160183 -4.305465 -0.639312
v -4.172334 -4.270848 -0.604094
v -4.143728 -4.248032 -0.565515
v -3.996624 -4.184809 -0.586927
v -4.047761 -4.190510 -0.566545
v -4.093148 -4.212342 -0.549760
v -3.953244 -4.314275 -0.741168
v -3.934932 -4.348354 -0.697933
v -3.916549 -4.377825 -0.666711
v -3.930156 -4.203444 -0.581126
v -3.898785 -4.232668 -0.553468
v -3.877669 -4.270176 -0.528818
v -3.868598 -4.392054 -0.617787
v -3.834981 -4.367150 -0.574673
v -3.841177 -4.328763 -0.532565
v -3.929332 -4.426044 -0.633088
v -3.980420 -4.437894 -0.613204
v -4.029290 -4.438272 -0.593332
v -3.893571 -4.311673 -0.482877
v -3.950332 -4.324450 -0.469777
v -4.000549 -4.336346 -0.454629
v -4.062844 -4.422896 -0.547060
v -4.064948 -4.413957 -0.495220
v -4.049198 -4.370668 -0.474986
v -4.137141 -4.358008 -0.646116
v -4.121337 -4.394597 -0.624787
v -4.086521 -4.414804 -0.598226
v -4.108312 -4.255951 -0.515554
v -4.084680 -4.287062 -0.492829
v -4.063088 -4.317733 -0.466293
v -4.028960 -4.253617 -0.713704
v -4.082121 -4.267602 -0.691859
v -4.136092 -4.280807 -0.671634
v -4.020394 -4.219540 -0.674625
v -4.072616 -4.237092 -0.650456
v -4.128801 -4.248131 -0.631396
v -4.011442 -4.184682 -0.633525
v -4.064836 -4.204285 -0.610823
v -4.112862 -4.222632 -0.590162
v -3.916797 -4.275696 -0.724791
v -3.912851 -4.242817 -0.671815
v -3.910061 -4.214272 -0.624470
v -3.883549 -4.318701 -0.692962
v -3.866475 -4.279222 -0.647270
v -3.869625 -4.246384 -0.596055
v -3.861553 -4.359134 -0.655488
v -3.819125 -4.325310 -0.614319
v -3.822928 -4.285275 -0.562177
v -3.904290 -4.419095 -0.590340
v -3.883696 -4.392843 -0.543881
v -3.886294 -4.352904 -0.505723
v -3.959179 -4.434813 -0.568429
v -3.947602 -4.404482 -0.523012
v -3.944557 -4.365051 -0.487997
v -4.015546 -4.440187 -0.549429
v -4.006496 -4.415884 -0.503182
v -3.999373 -4.373758 -0.476604
v -4.155028 -4.339106 -0.611079
v -4.137997 -4.376515 -0.585225
v -4.102660 -4.403909 -0.560781
v -4.164240 -4.309093 -0.571590
v -4.134927 -4.346667 -0.543190
v -4.100584 -4.379570 -0.519754
v -4.135081 -4.281826 -0.538086
v -4.115250 -4.314197 -0.509898
v -4.092283 -4.349110 -0.480771
v -4.006292 -4.336805 -0.731300
v -3.982385 -4.367612 -0.690441
v -3.959718 -4.397599 -0.662487
v -4.062334 -4.351584 -0.713851
v -4.032895 -4.387119 -0.680992
v -4.005865 -4.417083 -0.648869
v -4.103768 -4.358721 -0.677661
v -4.082619 -4.395678 -0.655866
v -4.054759 -4.425240 -0.627674
v -3.974261 -4.212170 -0.554556
v -4.021047 -4.217839 -0.533120
v -4.070482 -4.230073 -0.513859
v -3.944458 -4.236635 -0.524598
v -3.993843 -4.243871 -0.497765
v -4.044945 -4.264370 -0.489341
v -3.922342 -4.273157 -0.501865
v -3.971113 -4.285365 -0.482704
v -4.020004 -4.297850 -0.464965
v 4.104227 6.866450 0.833062
v 4.100858 6.866410 0.811769
v 4.113737 6.850105 0.829845
v 4.111842 6.850347 0.808130
v 4.088732 6.855109 0.835965
v 4.084694 6.855773 0.813806
v 4.099230 6.837990 0.833715
v 4.096157 6.839852 0.812139
v -1.953949 7.029252 0.578253
v -1.984262 7.031123 0.585547
v -1.943370 7.019275 0.597414
v -1.977304 7.020844 0.605286
v -1.947325 7.050575 0.585221
v -1.981209 7.054411 0.592125
v -1.938197 7.041713 0.604550
v -1.970410 7.044212 0.613446
v -2.415521 7.159649 0.598928
v -2.411119 7.152627 0.577736
v -2.393252 7.155333 0.604422
v -2.387460 7.149381 0.583712
v -2.422555 7.144483 0.607167
v -2.419807 7.136593 0.584722
v -2.399536 7.141444 0.612582
v -2.395268 7.134659 0.592329
v 0.204479 -3.531194 -0.744795
v 0.189427 -3.534614 -0.754930
v 0.204140 -3.509521 -0.751521
v 0.186787 -3.514301 -0.760872
v 0.213868 -3.536915 -0.759692
v 0.198621 -3.540648 -0.767700
v 0.213945 -3.517259 -0.766034
v 0.198172 -3.521894 -0.774192
v -4.525774 7.541936 0.905820
v -4.546546 7.554747 0.906447
v -4.517118 7.566900 0.908988
v -4.538081 7.577650 0.911874
v -4.526824 7.549185 0.879818
v -4.548304 7.558924 0.881061
v -4.517645 7.571521 0.884038
v -4.537900 7.581141 0.886437
v 1.198010 -3.473477 -0.630429
v 1.189550 -3.467655 -0.683935
v 1.139212 -3.484531 -0.624734
v 1.130289 -3.479955 -0.681811
v 1.186372 -3.430518 -0.619667
v 1.178712 -3.423858 -0.679029
v 1.127503 -3.443254 -0.618436
v 1.119655 -3.437750 -0.670666
v 1.200797 -3.473553 -0.658891
v 1.169131 -3.479298 -0.627261
v 1.136345 -3.480563 -0.652547
v 1.161883 -3.476771 -0.688669
v 1.197475 -3.452426 -0.621454
v 1.187051 -3.446348 -0.684657
v 1.184562 -3.424954 -0.648832
v 1.154253 -3.432120 -0.609919
v 1.146532 -3.429665 -0.676143
v 1.112597 -3.435812 -0.642258
v 1.130814 -3.463877 -0.618738
v 1.121352 -3.458066 -0.678481
v 1.166084 -3.479021 -0.655759
v 1.191270 -3.449469 -0.653733
v 1.149268 -3.428370 -0.645287
v 1.125620 -3.461120 -0.648029
v 1.162577 -3.458484 -0.619520
v 1.153693 -3.452062 -0.683426
v -3.046036 7.820788 0.699460
v -3.052767 7.812492 0.715821
v -3.048524 7.851159 0.702744
v -3.056120 7.841261 0.719896
v -3.057291 7.817296 0.688608
v -3.064284 7.808562 0.704966
v -3.060475 7.844704 0.692571
v -3.067948 7.837650 0.708567
v 2.695652 7.861441 1.349701
v 2.756710 7.907806 1.319555
v 2.706647 7.752935 1.266078
v 2.769823 7.796713 1.239469
v 2.670021 7.937874 1.243249
v 2.733632 7.981888 1.216470
v 2.679041 7.821343 1.153662
v 2.744804 7.872714 1.131839
v 2.709120 7.873716 1.358267
v 2.728678 7.890265 1.361223
v 2.746721 7.902609 1.342237
v 2.693106 7.827494 1.350499
v 2.697049 7.793218 1.321968
v 2.702103 7.767418 1.291095
v 2.721455 7.738438 1.264344
v 2.746140 7.728603 1.258847
v 2.764102 7.762557 1.247370
v 2.767099 7.885392 1.312524
v 2.772792 7.850909 1.289578
v 2.772968 7.818490 1.261904
v 2.683035 7.881931 1.343109
v 2.668729 7.911481 1.318744
v 2.668415 7.928618 1.274127
v 2.758077 7.937808 1.307121
v 2.753387 7.969346 1.277285
v 2.742702 7.981626 1.241428
v 2.678736 7.965256 1.235697
v 2.696715 7.991338 1.225647
v 2.718717 7.997576 1.218018
v 2.666412 7.916351 1.220486
v 2.665100 7.883889 1.191023
v 2.669524 7.847309 1.164778
v 2.738821 7.970729 1.189587
v 2.745132 7.947248 1.153781
v 2.746896 7.906322 1.132975
v 2.690361 7.827330 1.128680
v 2.711520 7.843845 1.121563
v 2.731281 7.860252 1.122216
v 2.697268 7.751342 1.241276
v 2.685864 7.761857 1.204405
v 2.680782 7.793803 1.173276
v 2.768992 7.808794 1.210344
v 2.762308 7.830533 1.177755
v 2.754047 7.853413 1.148138
v 2.713977 7.833669 1.353957
v 2.717145 7.790473 1.336071
v 2.720876 7.762575 1.299813
v 2.735609 7.847344 1.355807
v 2.741531 7.801210 1.335497
v 2.745574 7.758010 1.302222
v 2.756498 7.864509 1.342320
v 2.761306 7.825172 1.315851
v 2.763239 7.789206 1.284685
v 2.699008 7.909908 1.349813
v 2.720253 7.938268 1.360886
v 2.741576 7.942945 1.331940
v 2.688376 7.940756 1.319528
v 2.710625 7.965669 1.315006
v 2.735092 7.982237 1.302922
v 2.682807 7.959827 1.277197
v 2.702717 7.983711 1.269922
v 2.725255 8.000520 1.260059
v 2.677165 7.944506 1.198233
v 2.696870 7.966449 1.185862
v 2.719266 7.978244 1.179130
v 2.678950 7.908857 1.166970
v 2.699254 7.931064 1.149810
v 2.723075 7.944356 1.145724
v 2.684942 7.869498 1.143845
v 2.705741 7.885279 1.135444
v 2.726097 7.899782 1.130919
v 2.715198 7.740313 1.223591
v 2.705966 7.758508 1.183338
v 2.698946 7.792315 1.152157
v 2.738916 7.740711 1.210415
v 2.729280 7.771418 1.169934
v 2.719950 7.800392 1.129482
v 2.756742 7.775868 1.206127
v 2.749315 7.799152 1.169343
v 2.740834 7.824899 1.134694
v 2.678583 7.843855 1.323758
v 2.666341 7.868505 1.292764
v 2.665570 7.891576 1.252984
v 2.683892 7.810052 1.293826
v 2.670887 7.829289 1.262744
v 2.663555 7.855785 1.225542
v 2.688801 7.779531 1.266507
v 2.676674 7.793519 1.233823
v 2.668262 7.818377 1.197761
v 2.772677 7.916419 1.285573
v 2.774908 7.877965 1.256680
v 2.775042 7.842330 1.229632
v 2.768300 7.948671 1.249712
v 2.770838 7.905981 1.219295
v 2.768473 7.865735 1.195086
v 2.753183 7.959573 1.214758
v 2.762529 7.933847 1.179852
v 2.758981 7.888771 1.164166
v 1.526041 8.003686 1.057932
v 1.516459 7.967142 1.091567
v 1.569574 8.014199 1.086170
v 1.563199 7.978122 1.119880
v 1.496738 8.032308 1.089830
v 1.482688 7.995385 1.126369
v 1.542250 8.042649 1.117348
v 1.533679 8.007689 1.159001
v 1.519372 7.980987 1.067428
v 1.554215 8.010172 1.062052
v 1.578205 7.994099 1.101653
v 1.542223 7.964579 1.105913
v 1.506251 8.021489 1.064895
v 1.494858 7.975970 1.108845
v 1.473989 8.018610 1.108132
v 1.516613 8.047504 1.103409
v 1.499969 7.999969 1.155885
v 1.541867 8.035123 1.149567
v 1.563197 8.034175 1.100640
v 1.555343 7.987913 1.148631
v 1.554166 7.981468 1.077444
v 1.491639 7.996412 1.081666
v 1.505923 8.028685 1.130866
v 1.568228 8.014835 1.128124
v 1.537669 8.036684 1.074871
v 1.521454 7.974297 1.134572
v 5.482655 8.137542 0.870991
v 5.497464 8.146568 0.858929
v 5.459306 8.144007 0.864563
v 5.473500 8.153481 0.852371
v 5.485037 8.151187 0.884038
v 5.498280 8.160614 0.870216
v 5.461718 8.157832 0.875345
v 5.475554 8.166246 0.864082
v -3.512349 -3.233014 -0.654868
v -3.498723 -3.188789 -0.590479
v -3.556370 -3.174364 -0.691087
v -3.539112 -3.137662 -0.626404
v -3.599140 -3.244023 -0.620108
v -3.583169 -3.208514 -0.543492
v -3.636773 -3.191273 -0.655255
v -3.619267 -3.151459 -0.594954
v -3.503628 -3.210220 -0.620925
v -3.531160 -3.204328 -0.679145
v -3.540373 -3.143761 -0.668233
v -3.502897 -3.153470 -0.604024
v -3.556423 -3.248095 -0.638921
v -3.535647 -3.197795 -0.568122
v -3.595320 -3.233617 -0.581010
v -3.634816 -3.226825 -0.642688
v -3.605587 -3.175999 -0.568366
v -3.643709 -3.166780 -0.626046
v -3.605855 -3.181328 -0.685414
v -3.580334 -3.134828 -0.608446
v -3.513899 -3.179195 -0.644540
v -3.539495 -3.230157 -0.596309
v -3.631365 -3.202467 -0.599000
v -3.604895 -3.140269 -0.656805
v -3.583443 -3.220680 -0.670275
v -3.553970 -3.159538 -0.576520
v -4.040823 -2.895486 -0.708930
v -3.970320 -2.869659 -0.677324
v -4.024611 -2.878681 -0.792323
v -3.937374 -2.848901 -0.765802
v -4.094849 -2.848454 -0.689369
v -4.018593 -2.820409 -0.661568
v -4.069596 -2.828940 -0.769715
v -4.000901 -2.798690 -0.742078
v -4.004467 -2.887534 -0.689298
v -4.035610 -2.895792 -0.753493
v -3.979177 -2.867192 -0.787731
v -3.945098 -2.862180 -0.715812
v -4.077901 -2.879821 -0.693144
v -3.991688 -2.844508 -0.663447
v -4.061962 -2.830957 -0.664991
v -4.087760 -2.836942 -0.732900
v -4.007954 -2.803344 -0.697534
v -4.039316 -2.808055 -0.762224
v -4.051967 -2.852905 -0.787790
v -3.968816 -2.819546 -0.754700
v -3.988373 -2.882688 -0.736227
v -4.033895 -2.863466 -0.667368
v -4.056839 -2.812388 -0.712958
v -4.010176 -2.835113 -0.777682
v -4.069474 -2.867665 -0.745577
v -3.977226 -2.831117 -0.705934
v -6.143809 8.752950 1.153057
v -6.163425 8.741469 1.071106
v -6.124965 8.778527 1.093753
v -6.142981 8.771974 1.008605
v -6.123994 8.711555 1.139624
v -6.141923 8.704836 1.055007
v -6.102707 8.741835 1.077704
v -6.123635 8.730939 0.999783
v -6.155399 8.747968 1.117294
v -6.134256 8.774438 1.138487
v -6.133260 8.788740 1.046435
v -6.153183 8.756496 1.040340
v -6.134342 8.731826 1.155973
v -6.157257 8.716354 1.059163
v -6.133605 8.703667 1.096890
v -6.109161 8.723375 1.116247
v -6.132609 8.707336 1.007259
v -6.109235 8.734678 1.026995
v -6.111308 8.765179 1.088503
v -6.132416 8.753066 0.979522
v -6.148384 8.772314 1.088163
v -6.147072 8.721861 1.114864
v -6.120191 8.714419 1.062109
v -6.120247 8.760833 1.035102
v -6.120500 8.749929 1.133385
v -6.147405 8.732729 1.010775
v 1.161554 -8.246062 -0.498150
v 1.181423 -8.242445 -0.523802
v 1.175173 -8.266254 -0.491021
v 1.192609 -8.264886 -0.515529
v 1.138101 -8.257205 -0.513569
v 1.156741 -8.255774 -0.539580
v 1.154758 -8.275307 -0.507618
v 1.170673 -8.275521 -0.530190
v 1.171412 -8.242245 -0.509560
v 1.168822 -8.255065 -0.490255
v 1.187155 -8.266347 -0.501406
v 1.191941 -8.253112 -0.520361
v 1.147063 -8.249701 -0.504024
v 1.169151 -8.246813 -0.535714
v 1.141500 -8.255049 -0.530151
v 1.142791 -8.268514 -0.509311
v 1.163744 -8.267025 -0.537923
v 1.161783 -8.277409 -0.518889
v 1.163662 -8.273794 -0.495995
v 1.185590 -8.272751 -0.525243
v 1.182784 -8.252745 -0.503069
v 1.155879 -8.245816 -0.519985
v 1.149011 -8.269931 -0.526555
v 1.174875 -8.273990 -0.510067
v 1.153548 -8.262077 -0.497294
v 1.179556 -8.260215 -0.532743
v -0.427800 8.960682 0.877747
v -0.437095 8.961567 0.895007
v -0.432233 8.983310 0.873114
v -0.440478 8.986101 0.889900
v -0.438601 8.953083 0.865073
v -0.446571 8.955438 0.881077
v -0.441737 8.976123 0.860768
v -0.451537 8.977850 0.876554
v -4.228216 8.995144 0.849740
v -4.228453 8.996019 0.879685
v -4.235920 8.970621 0.847527
v -4.236106 8.968082 0.876821
v -4.210347 8.985429 0.844226
v -4.210417 8.982503 0.878977
v -4.220297 8.956878 0.844784
v -4.220088 8.955594 0.874850
vn 0.0600 0.9067 0.4175
vn -0.7496 -0.0205 -0.6616
vn -0.8683 0.2054 0.4514
vn -0.0447 -0.8936 -0.4466
vn -0.1896 -0.6711 0.7168
vn 0.7791 0.0073 0.6269
vn 0.8476 -0.2128 -0.4861
vn 0.1941 0.6439 -0.7401
vn -0.5753 -0.0776 -0.8143
vn 0.9679 -0.0478 -0.2469
vn 0.2149 -0.8451 -0.4896
vn -0.9510 -0.0193 0.3085
vn 0.5834 0.0083 0.8121
vn -0.1774 0.8083 0.5614
vn 0.2118 0.8035 -0.5563
vn -0.1590 -0.8063 0.5698
vn 0.5274 -0.7985 -0.2902
vn 0.4541 0.8353 -0.3100
vn 0.9313 0.0363 0.3624
vn -0.4040 -0.8452 0.3500
vn -0.5155 0.7791 0.3568
vn -0.9443 -0.0816 -0.3189
vn 0.0162 -0.0123 -0.9998
vn 0.0103 -0.0327 0.9994
vn -0.5861 -0.4375 0.6820
vn 0.0560 0.9802 0.1898
vn -0.9292 0.3672 -0.0425
vn -0.1089 -0.9771 -0.1830
vn -0.4028 -0.1877 -0.8958
vn 0.9088 -0.4145 0.0485
vn 0.3355 0.1479 0.9304
vn 0.5353 0.4144 -0.7360
vn -0.7808 -0.5724 0.2503
vn -0.6183 -0.6324 0.4667
vn -0.7273 -0.5500 0.4104
vn -0.7771 -0.6218 0.0978
vn -0.7740 -0.5784 0.2575
vn -0.7703 -0.6360 0.0456
vn -0.7479 -0.6633 0.0266
vn -0.8128 -0.5607 0.1580
vn -0.7217 -0.6889 0.0677
vn -0.8603 -0.4747 0.1861
vn -0.6841 -0.7035 0.1926
vn -0.9325 -0.3462 0.1024
vn -0.6644 -0.7134 0.2229
vn -0.5246 -0.6576 0.5407
vn -0.7094 -0.6326 0.3107
vn -0.7747 -0.6323 0.0100
vn -0.7291 -0.6829 0.0457
vn -0.6212 -0.7687 0.1523
vn -0.7496 -0.6600 -0.0507
vn -0.5398 -0.8131 0.2181
vn -0.4999 -0.6002 0.6244
vn -0.6192 -0.7225 0.3075
vn -0.6668 -0.7448 -0.0269
vn -0.6369 -0.7704 -0.0287
vn -0.5359 -0.8383 0.1004
vn -0.3726 -0.8575 -0.3548
vn -0.2946 -0.9555 0.0156
vn -0.2714 -0.6523 0.7077
vn -0.2532 -0.9545 0.1575
vn -0.3178 -0.9432 -0.0971
vn -0.5970 -0.8020 0.0206
vn -0.4067 -0.9103 -0.0769
vn 0.0839 -0.8880 -0.4520
vn 0.0385 -0.9581 -0.2839
vn 0.1831 -0.7832 0.5942
vn -0.0230 -0.9989 0.0416
vn -0.2521 -0.9663 0.0518
vn -0.3909 -0.9199 -0.0314
vn -0.1750 -0.9194 -0.3521
vn 0.1322 -0.8829 -0.4506
vn 0.0547 -0.9264 -0.3726
vn 0.5587 -0.7325 0.3889
vn 0.3141 -0.9444 0.0966
vn 0.1337 -0.9821 0.1328
vn 0.0355 -0.9814 -0.1885
vn -0.1004 -0.8996 -0.4251
vn 0.0177 -0.9061 -0.4226
vn 0.0087 -0.9185 -0.3953
vn -0.8917 -0.2755 0.3592
vn -0.6106 -0.5001 0.6140
vn -0.7998 -0.2542 0.5438
vn -0.9143 -0.3058 0.2656
vn -0.9358 -0.3223 0.1430
vn -0.9350 -0.3518 0.0453
vn -0.9609 -0.2724 0.0486
vn -0.9825 -0.1602 0.0949
vn -0.9909 -0.1088 0.0790
vn -0.9946 -0.0974 0.0353
vn -0.9523 -0.2719 -0.1383
vn -0.3760 -0.7313 -0.5691
vn 0.1066 -0.8019 -0.5878
vn 0.0021 -0.7955 -0.6060
vn 0.0733 -0.8935 -0.4430
vn 0.0706 -0.8079 -0.5850
vn 0.3368 -0.8176 -0.4670
vn 0.4612 -0.7834 -0.4166
vn 0.4875 -0.7289 -0.4807
vn 0.5849 -0.7562 -0.2933
vn 0.6792 -0.7291 0.0842
vn 0.8393 -0.5354 0.0941
vn 0.9134 -0.3499 0.2079
vn 0.8386 -0.2573 0.4802
vn 0.6380 -0.2867 0.7147
vn 0.5000 -0.3522 0.7912
vn 0.1036 -0.4382 0.8929
vn -0.1638 -0.5025 0.8489
vn -0.3344 -0.5902 0.7348
vn -0.4958 -0.5906 0.6367
vn -0.5934 -0.0575 0.8029
vn -0.4883 0.0482 0.8714
vn -0.5453 0.0661 0.8356
vn -0.4503 -0.2695 0.8512
vn 0.1536 -0.1481 0.9770
vn 0.0488 -0.4554 0.8889
vn 0.5828 -0.2029 0.7869
vn 0.3993 -0.3292 0.8557
vn 0.5066 -0.1568 0.8478
vn 0.4631 -0.1743 0.8690
vn 0.5265 -0.1398 0.8386
vn 0.5438 -0.1394 0.8276
vn 0.7435 -0.1485 0.6521
vn -0.4502 0.1067 0.8865
vn -0.5400 0.0823 0.8376
vn 0.0507 0.0522 0.9973
vn 0.5487 -0.1392 0.8243
vn 0.5453 -0.2054 0.8127
vn 0.5529 -0.1722 0.8153
vn 0.7525 -0.1938 0.6294
vn -0.2878 0.1131 0.9510
vn -0.6102 0.1219 0.7828
vn 0.1404 0.1778 0.9740
vn 0.3822 0.1137 0.9171
vn 0.5239 -0.0365 0.8510
vn 0.6166 -0.0830 0.7829
vn 0.7433 -0.1190 0.6582
vn -0.1410 0.0564 0.9884
vn -0.6428 0.1265 0.7555
vn 0.3404 0.0579 0.9385
vn 0.2984 0.1290 0.9457
vn 0.4682 0.1337 0.8734
vn 0.6807 0.1122 0.7239
vn 0.7650 0.1221 0.6324
vn -0.2256 0.2442 0.9431
vn -0.7074 0.3198 0.6304
vn 0.3483 0.0420 0.9364
vn 0.3919 0.0861 0.9160
vn 0.6108 0.1523 0.7770
vn 0.8041 0.1670 0.5705
vn 0.8389 0.2190 0.4983
vn -0.4919 0.5112 0.7048
vn -0.6896 0.4455 0.5710
vn 0.0565 0.3821 0.9224
vn 0.5863 0.1773 0.7905
vn 0.7997 0.1842 0.5715
vn 0.8504 0.2126 0.4812
vn 0.8660 0.2274 0.4454
vn -0.8027 -0.0030 0.5963
vn 0.6785 -0.1345 0.7222
vn 0.8813 -0.1567 0.4458
vn 0.9395 -0.0979 0.3283
vn 0.9506 -0.1870 0.2479
vn 0.9402 -0.2114 0.2671
vn 0.9363 0.0433 0.3485
vn 0.9195 0.1917 0.3431
vn 0.9114 0.2111 0.3533
vn 0.9098 0.1863 0.3709
vn 0.8802 0.2142 0.4236
vn 0.8629 0.2468 0.4410
vn 0.8597 0.2628 0.4380
vn 0.5894 0.5343 0.6059
vn -0.0963 0.7186 0.6887
vn -0.5694 0.6009 0.5609
vn -0.7295 0.5180 0.4466
vn -0.7789 0.4556 0.4310
vn -0.8095 0.4639 0.3598
vn -0.7572 0.3701 0.5382
vn -0.7296 0.1813 0.6594
vn -0.7296 0.1450 0.6683
vn -0.7010 0.1154 0.7038
vn -0.7443 0.0517 0.6659
vn -0.5491 0.7256 0.4147
vn -0.6718 0.6367 0.3785
vn -0.7254 0.5698 0.3862
vn -0.1164 0.9158 0.3845
vn -0.3894 0.8495 0.3560
vn 0.4672 0.8532 0.2318
vn 0.2782 0.9584 0.0638
vn 0.7798 0.6031 0.1680
vn 0.4509 0.8870 -0.0993
vn 0.8310 0.4360 0.3455
vn 0.3511 0.9345 0.0588
vn 0.9167 0.3990 0.0226
vn 0.6137 0.7745 0.1535
vn -0.7067 0.6785 0.2003
vn -0.1231 0.9888 0.0844
vn 0.5784 0.8087 -0.1066
vn 0.4413 0.8922 -0.0963
vn 0.2594 0.9612 -0.0939
vn 0.6126 0.7667 -0.1918
vn -0.6956 0.7116 0.0984
vn -0.1309 0.9912 0.0174
vn 0.5588 0.8276 -0.0536
vn 0.4740 0.8804 -0.0161
vn 0.4225 0.9057 -0.0356
vn 0.8739 0.4230 -0.2394
vn 0.7557 0.6314 -0.1738
vn -0.5986 0.7867 0.1510
vn -0.0354 0.9913 -0.1270
vn 0.4074 0.8704 -0.2763
vn 0.3351 0.9182 -0.2112
vn 0.4988 0.8489 -0.1747
vn 0.8802 0.4418 -0.1734
vn 0.7911 0.6026 -0.1051
vn -0.2002 0.9315 -0.3037
vn 0.2814 0.7834 -0.5542
vn 0.1523 0.8378 -0.5243
vn -0.0692 0.9076 -0.4140
vn 0.1342 0.9397 -0.3146
vn 0.8773 0.4784 -0.0376
vn 0.5838 0.8000 -0.1382
vn 0.1252 0.7514 -0.6479
vn 0.2025 0.7567 -0.6215
vn 0.0427 0.8021 -0.5957
vn -0.2479 0.8112 -0.5295
vn -0.3317 0.8545 -0.3997
vn 0.8547 0.5191 -0.0062
vn 0.1368 0.9160 -0.3772
vn -0.7774 0.4893 0.3953
vn 0.8899 0.2895 0.3525
vn 0.9258 0.1924 0.3254
vn 0.9589 0.2836 0.0094
vn 0.9080 0.3674 -0.2013
vn 0.9099 0.3860 -0.1522
vn 0.9354 0.3508 -0.0449
vn 0.9414 0.3372 0.0015
vn 0.7199 0.6358 -0.2785
vn 0.9269 0.2818 -0.2481
vn 0.4066 0.4111 -0.8159
vn -0.2127 0.6451 -0.7339
vn -0.5565 0.6227 -0.5500
vn -0.3608 0.6767 -0.6417
vn -0.0701 0.6982 -0.7125
vn 0.0797 0.6900 -0.7194
vn -0.0681 0.6723 -0.7372
vn -0.3740 0.5709 -0.7309
vn -0.4579 0.7314 -0.5053
vn -0.6563 0.7532 0.0437
vn -0.6068 0.7743 0.1795
vn -0.6770 0.7234 0.1352
vn -0.7392 0.6234 0.2547
vn -0.7347 0.5313 0.4218
vn -0.9618 -0.1430 -0.2334
vn -0.7230 -0.0225 -0.6905
vn -0.6806 -0.4613 -0.5692
vn -0.9586 0.1063 -0.2641
vn -0.6231 0.1941 -0.7577
vn -0.9062 0.1906 -0.3775
vn -0.6868 0.1864 -0.7025
vn -0.8810 0.1915 -0.4326
vn -0.7237 0.1176 -0.6800
vn -0.8827 0.1083 -0.4573
vn -0.5788 0.3145 -0.7524
vn -0.8168 0.1161 -0.5651
vn -0.1912 0.4508 -0.8719
vn -0.3636 -0.1631 -0.9172
vn -0.4631 -0.5820 -0.6684
vn -0.1679 0.1433 -0.9753
vn -0.2645 0.1058 -0.9586
vn -0.3657 0.0354 -0.9301
vn -0.3549 0.3094 -0.8822
vn -0.1824 0.5544 -0.8120
vn -0.1489 -0.2489 -0.9570
vn -0.1280 -0.6900 -0.7124
vn -0.2563 0.1658 -0.9523
vn -0.2876 0.0963 -0.9529
vn -0.2728 -0.0111 -0.9620
vn -0.3246 0.1574 -0.9327
vn -0.4239 0.5361 -0.7300
vn 0.1271 -0.4545 -0.8816
vn 0.2355 -0.7189 -0.6539
vn -0.3509 0.0920 -0.9319
vn -0.4108 0.1275 -0.9028
vn -0.3809 0.0597 -0.9227
vn -0.3289 -0.0126 -0.9443
vn -0.5436 0.3533 -0.7613
vn 0.0747 -0.5703 -0.8180
vn 0.0289 -0.7057 -0.7079
vn 0.0074 -0.1459 -0.9893
vn -0.0189 0.0774 -0.9968
vn -0.1252 0.0470 -0.9910
vn -0.2050 -0.0441 -0.9778
vn -0.2501 0.1056 -0.9624
vn 0.0704 -0.5184 -0.8522
vn -0.0282 -0.7210 -0.6923
vn 0.4265 -0.2366 -0.8730
vn 0.4997 -0.0307 -0.8657
vn 0.3206 -0.0423 -0.9463
vn 0.1849 -0.0905 -0.9786
vn 0.2490 -0.0767 -0.9655
vn -0.9998 -0.0177 -0.0085
vn -0.9939 0.0568 -0.0942
vn -0.9694 0.1242 -0.2118
vn -0.9188 0.1132 -0.3782
vn -0.9052 0.0800 -0.4174
vn -0.8988 0.0372 -0.4367
vn -0.4424 0.3790 -0.8128
vn -0.7665 0.2841 -0.5760
vn 0.7699 0.0631 -0.6351
vn 0.6870 -0.0967 -0.7202
vn 0.6754 -0.1486 -0.7223
vn 0.7314 -0.1364 -0.6681
vn 0.8177 -0.0894 -0.5686
vn 0.7915 -0.1964 -0.5788
vn 0.5450 -0.5308 -0.6490
vn 0.3698 -0.7256 -0.5803
vn 0.2192 -0.8023 -0.5552
vn -0.0866 -0.8288 -0.5528
vn -0.6204 -0.6345 -0.4609
vn -0.9561 -0.0199 0.2924
vn -0.9807 -0.0161 0.1949
vn -0.9750 -0.0069 0.2221
vn -0.9279 -0.0081 0.3727
vn -0.9711 0.0552 0.2320
vn -0.8745 0.1299 0.4674
vn -0.8900 0.1132 0.4417
vn -0.8497 0.2300 0.4745
vn -0.9425 0.0890 0.3220
vn -0.8181 0.4156 0.3974
vn -0.9082 0.2473 0.3376
vn -0.7961 0.4672 0.3847
vn -0.8434 0.3956 0.3635
vn -0.9862 -0.0035 0.1655
vn -0.9876 -0.0195 0.1556
vn -0.9830 -0.0077 0.1835
vn -0.9660 0.0525 0.2533
vn -0.9387 0.2262 0.2600
vn -0.7909 0.4390 0.4263
vn -0.8873 0.3187 0.3333
vn -0.9974 -0.0129 0.0708
vn -0.9964 -0.0480 0.0695
vn -0.9959 -0.0452 0.0790
vn -0.9915 0.0330 0.1261
vn -0.9648 0.1482 0.2173
vn -0.8102 0.4744 0.3442
vn -0.9059 0.3138 0.2843
vn -0.9991 -0.0326 0.0257
vn -0.9990 -0.0226 0.0385
vn -0.9963 -0.0677 0.0522
vn -0.9948 -0.0526 0.0877
vn -0.9895 0.0628 0.1301
vn -0.7754 0.5937 0.2152
vn -0.9148 0.3796 0.1382
vn -0.9964 -0.0425 0.0735
vn -0.9964 -0.0281 0.0802
vn -0.9956 -0.0696 0.0629
vn -0.9851 0.0261 -0.1701
vn -0.9991 -0.0169 -0.0388
vn -0.9701 0.2118 -0.1188
vn -0.7349 0.6590 0.1602
vn -0.9974 -0.0387 0.0602
vn -0.9999 -0.0094 0.0069
vn -0.9962 0.0050 -0.0872
vn -0.9440 0.0620 -0.3240
vn -0.9612 0.0562 -0.2701
vn -0.9406 0.0443 -0.3365
vn -0.8708 0.3320 -0.3627
vn -0.8423 0.5387 0.0169
vn 0.9872 -0.1041 0.1206
vn 0.9924 -0.0724 0.0994
vn 0.9927 -0.0874 0.0836
vn 0.9846 -0.1318 0.1146
vn 0.9955 -0.0865 -0.0378
vn 0.9411 -0.2016 -0.2714
vn 0.9651 -0.2611 -0.0193
vn 0.9185 -0.2678 -0.2910
vn 0.9669 -0.1316 -0.2188
vn 0.8590 -0.4223 -0.2894
vn 0.9618 -0.1616 -0.2208
vn 0.7247 -0.5517 -0.4127
vn 0.9662 -0.1938 -0.1700
vn 0.9811 -0.1648 0.1014
vn 0.9817 -0.1715 0.0827
vn 0.9871 -0.1594 -0.0152
vn 0.9636 -0.1896 -0.1887
vn 0.9578 -0.2052 -0.2010
vn 0.9225 -0.3075 -0.2335
vn 0.9678 -0.1924 -0.1624
vn 0.9623 -0.2517 0.1036
vn 0.9648 -0.2455 0.0942
vn 0.9690 -0.2467 -0.0125
vn 0.9508 -0.2459 -0.1885
vn 0.9473 -0.2463 -0.2047
vn 0.9626 -0.1697 -0.2111
vn 0.9549 -0.2201 -0.1995
vn 0.9802 -0.1621 0.1140
vn 0.9861 -0.0880 0.1407
vn 0.9850 -0.1672 -0.0432
vn 0.9688 -0.1510 -0.1967
vn 0.9586 -0.1960 -0.2067
vn 0.9401 -0.1498 -0.3063
vn 0.9436 -0.1780 -0.2793
vn 0.9630 0.0922 0.2533
vn 0.9870 0.0187 0.1594
vn 0.9812 0.0774 -0.1769
vn 0.9924 0.0684 -0.1020
vn 0.9868 0.0129 -0.1617
vn 0.9152 -0.1653 -0.3676
vn 0.9551 -0.0878 -0.2831
vn 0.9357 0.1593 0.3148
vn 0.9759 0.1917 0.1042
vn 0.9465 0.2741 -0.1700
vn 0.9415 0.2933 -0.1662
vn 0.9666 0.2464 -0.0709
vn 0.9878 0.0966 -0.1220
vn 0.9192 -0.1423 -0.3671
vn 0.9431 -0.0574 -0.3276
vn -0.1605 0.9694 0.1856
vn -0.2284 0.5887 0.7754
vn -0.0013 0.8368 0.5475
vn -0.7475 0.4827 0.4563
vn -0.5157 0.7993 0.3085
vn -0.1073 0.5409 0.8342
vn -0.0237 0.7198 0.6938
vn -0.5437 0.4763 0.6911
vn -0.1630 0.9597 -0.2291
vn 0.1529 0.9872 -0.0442
vn -0.2733 0.9352 -0.2250
vn -0.5943 0.7859 -0.1711
vn -0.9465 0.3226 -0.0065
vn -0.8561 0.5165 -0.0149
vn -0.9083 0.2213 0.3551
vn -0.5769 -0.0096 0.8167
vn -0.3330 0.4870 0.8074
vn -0.1729 -0.2909 0.9410
vn 0.0465 -0.0364 0.9983
vn 0.0888 0.1985 0.9761
vn 0.1354 0.3501 0.9269
vn 0.1797 0.9051 0.3854
vn 0.2227 0.6608 0.7168
vn 0.2981 0.9106 0.2863
vn 0.4117 0.9080 -0.0777
vn 0.5735 0.7628 -0.2986
vn 0.3977 0.8978 -0.1893
vn 0.5761 0.8143 0.0715
vn 0.7157 0.5657 -0.4095
vn 0.8878 0.3057 -0.3441
vn 0.7390 0.4283 -0.5201
vn 0.8747 0.2744 -0.3996
vn 0.0020 0.9750 -0.2224
vn 0.7553 0.2805 0.5923
vn 0.9069 0.3227 -0.2709
vn 0.9494 -0.0505 0.3101
vn 0.8882 -0.3156 -0.3339
vn 0.8114 -0.1076 -0.5745
vn 0.8146 -0.1163 -0.5682
vn 0.5797 -0.0838 -0.8105
vn 0.1152 -0.0052 -0.9933
vn 0.1031 0.3641 -0.9256
vn 0.1786 0.7798 -0.6000
vn 0.2996 -0.3720 -0.8786
vn 0.3538 -0.7450 -0.5656
vn -0.0305 -0.5185 -0.8545
vn 0.6068 -0.5369 -0.5861
vn 0.5120 -0.8089 -0.2890
vn -0.0005 -0.8522 -0.5233
vn -0.0971 -0.6487 -0.7548
vn 0.3490 -0.8779 -0.3279
vn -0.0826 -0.0365 -0.9959
vn 0.5081 -0.6777 -0.5316
vn 0.5140 -0.8576 -0.0199
vn 0.5283 -0.8453 -0.0800
vn 0.1168 -0.9876 0.1051
vn -0.2286 -0.9642 -0.1341
vn -0.2603 -0.9093 -0.3248
vn -0.3442 -0.8007 -0.4902
vn -0.4032 -0.4918 -0.7717
vn -0.2388 -0.2519 -0.9378
vn -0.2830 -0.2028 -0.9374
vn -0.9835 -0.0198 0.1800
vn -0.6816 -0.6940 0.2321
vn -0.8856 -0.2272 0.4051
vn -0.6431 -0.7296 -0.2326
vn -0.8739 -0.4716 0.1179
vn -0.4736 -0.5403 0.6955
vn -0.4922 -0.8704 0.0118
vn -0.4311 -0.7819 0.4503
vn -0.9610 0.2743 -0.0350
vn -0.6201 -0.4383 -0.6506
vn -0.9404 0.0064 -0.3401
vn -0.4475 -0.8588 0.2494
vn -0.1975 -0.8274 0.5258
vn -0.1621 -0.6723 0.7223
vn -0.1103 -0.4963 0.8611
vn -0.7414 0.2908 0.6048
vn -0.4076 0.8309 -0.3789
vn -0.5208 0.3433 -0.7817
vn -0.5958 0.5971 -0.5371
vn -0.2738 0.1324 -0.9526
vn -0.3648 0.5134 -0.7768
vn -0.8378 0.4209 -0.3477
vn -0.3682 -0.0410 -0.9288
vn -0.6591 0.3474 -0.6670
vn -0.3719 0.0802 -0.9248
vn 0.2753 -0.2113 0.9378
vn 0.6119 -0.3319 0.7179
vn 0.4738 -0.2068 0.8560
vn 0.2569 -0.5073 0.8226
vn 0.5061 -0.4356 0.7444
vn 0.5435 -0.6859 0.4839
vn 0.6788 -0.4922 0.5450
vn 0.2033 -0.3633 0.9092
vn 0.4422 -0.7032 0.5567
vn 0.5589 -0.8190 -0.1297
vn 0.9967 0.0541 0.0611
vn 0.5023 0.6123 0.6106
vn 0.5834 -0.1093 -0.8048
vn 0.1036 0.8978 -0.4280
vn -0.5816 0.1364 0.8020
vn -0.5055 -0.6029 -0.6172
vn -0.0910 -0.8975 0.4316
vn 0.8789 -0.3865 0.2796
vn -0.8633 0.4142 -0.2882
vn 0.8807 -0.2277 0.4154
vn 0.4471 -0.8597 -0.2469
vn 0.9964 -0.0272 -0.0798
vn 0.0352 -0.9859 0.1635
vn 0.4065 -0.8509 0.3327
vn -0.0562 -0.9696 -0.2380
vn 0.3954 -0.2165 -0.8926
vn 0.7444 0.2210 -0.6301
vn 0.5383 0.8294 0.1493
vn 0.6551 0.1201 0.7460
vn 0.2859 0.9000 -0.3290
vn 0.0120 0.9941 -0.1081
vn 0.0639 0.9797 0.1900
vn 0.1889 0.4362 0.8798
vn -0.3145 0.1615 0.9354
vn -0.4588 0.8529 0.2492
vn -0.4106 0.8674 -0.2811
vn -0.9959 0.0153 0.0887
vn -0.7560 -0.1859 0.6276
vn -0.5552 -0.8145 -0.1684
vn -0.2532 -0.8758 0.4110
vn -0.8976 0.1855 -0.4000
vn -0.6775 -0.2276 -0.6994
vn -0.1730 -0.6318 -0.7556
vn 0.1578 -0.6608 0.7338
vn -0.1448 0.5680 -0.8102
vn 0.2779 -0.8787 -0.3882
vn 0.7173 -0.6165 -0.3246
vn 0.4913 -0.7730 -0.4015
vn 0.0958 -0.9371 -0.3357
vn 0.5927 -0.6925 -0.4113
vn 0.7602 -0.5628 -0.3246
vn 0.3268 -0.5482 -0.7698
vn 0.5956 -0.6029 -0.5309
vn -0.0489 -0.9976 0.0494
vn 0.8686 -0.4954 0.0059
vn 0.4838 -0.7845 0.3879
vn -0.4637 -0.8672 -0.1817
vn -0.4566 -0.8868 -0.0716
vn -0.7204 -0.6864 -0.0997
vn -0.5213 -0.5569 -0.6466
vn -0.4126 -0.1750 -0.8940
vn 0.1949 -0.4931 -0.8479
vn -0.3608 -0.2021 -0.9105
vn 0.0845 -0.0955 -0.9918
vn 0.6576 -0.2762 -0.7009
vn 0.9244 -0.2509 -0.2872
vn 0.9878 -0.1448 -0.0575
vn 0.9341 -0.3552 -0.0367
vn 0.9245 -0.3768 -0.0579
vn 0.8216 -0.4401 0.3624
vn 0.9619 -0.0775 0.2622
vn 0.8268 -0.3597 0.4324
vn 0.9736 -0.1797 0.1409
vn 0.9772 -0.0428 0.2078
vn 0.9126 0.0333 0.4074
vn 0.7554 0.0200 0.6550
vn 0.9491 0.0595 0.3092
vn 0.2510 -0.7513 0.6104
vn 0.9807 -0.1240 0.1508
vn 0.9983 0.0402 0.0431
vn 0.9821 0.1733 0.0741
vn 0.9169 0.3824 0.1140
vn 0.7931 0.5634 0.2313
vn 0.7545 0.3862 0.5307
vn 0.6246 0.3118 0.7159
vn 0.4873 0.2562 0.8348
vn 0.2412 -0.0736 0.9677
vn 0.0443 -0.3944 0.9179
vn 0.1909 -0.7798 0.5962
vn 0.0537 0.6232 0.7802
vn -0.4880 0.5072 0.7103
vn -0.1109 0.5055 0.8557
vn 0.2785 0.8261 0.4898
vn -0.2631 0.7142 0.6487
vn -0.7829 0.4227 0.4565
vn 0.1612 0.9399 0.3010
vn -0.5413 0.7344 0.4094
vn -0.2555 -0.0582 0.9650
vn 0.5642 0.8240 0.0527
vn 0.5088 0.8608 -0.0074
vn -0.0903 0.9905 0.1035
vn 0.3366 0.9374 -0.0892
vn -0.5733 0.7916 -0.2116
vn -0.8662 0.4974 -0.0474
vn -0.9727 0.2107 0.0969
vn -0.9887 0.1339 0.0668
vn -0.8886 0.1146 0.4441
vn -0.7316 0.0812 0.6769
vn -0.9449 -0.0643 -0.3210
vn -0.9194 0.2112 -0.3318
vn -0.8137 0.0611 -0.5780
vn -0.9742 0.0477 -0.2205
vn -0.9030 0.2651 -0.3380
vn -0.7132 0.0789 -0.6965
vn -0.8120 0.4345 -0.3898
vn -0.8013 0.4117 -0.4340
vn -0.8967 -0.4426 -0.0101
vn -0.9626 -0.2706 -0.0141
vn -0.9862 0.1052 -0.1281
vn -0.9961 -0.0879 0.0051
vn -0.1442 0.9456 -0.2915
vn -0.2641 0.8126 -0.5195
vn -0.3398 0.7635 -0.5492
vn -0.3407 0.3391 -0.8769
vn -0.3402 -0.0159 -0.9402
vn -0.4076 -0.7872 0.4628
vn -0.6733 -0.6737 0.3047
vn -0.7327 -0.6623 0.1565
vn -0.3834 -0.7582 0.5274
vn -0.6982 -0.4738 0.5367
vn -0.8291 -0.5476 0.1131
vn -0.7572 -0.6436 0.1115
vn -0.9052 -0.3299 0.2678
vn -0.5201 -0.5607 0.6444
vn 0.9540 0.2817 -0.1027
vn 0.6850 0.6983 -0.2079
vn 0.8495 0.5170 -0.1051
vn 0.7485 0.4612 -0.4765
vn 0.3057 0.8525 -0.4240
vn 0.6335 0.7602 -0.1441
vn 0.7488 0.6566 -0.0903
vn 0.4963 0.8245 -0.2718
vn 0.2118 0.5392 -0.8151
vn -0.3142 0.7554 0.5750
vn -0.4200 0.7905 0.4459
vn -0.5693 0.6514 0.5016
vn -0.3597 0.7956 0.4875
vn -0.2065 0.9755 0.0757
vn -0.6814 0.6775 0.2770
vn -0.6741 0.6317 0.3828
vn -0.5812 0.7889 -0.1995
vn -0.0967 0.2860 0.9534
vn -0.3581 0.3883 0.8491
vn -0.1076 0.5287 0.8420
vn 0.0876 0.7997 0.5940
vn -0.0544 0.9771 0.2058
vn 0.2953 0.9025 0.3134
vn 0.2088 0.9203 -0.3309
vn 0.1865 0.7785 -0.5992
vn -0.0121 0.6796 -0.7335
vn -0.3323 0.3147 -0.8891
vn -0.6807 0.3237 -0.6572
vn -0.9036 0.3513 -0.2449
vn -0.9181 0.3940 -0.0425
vn -0.6816 0.3158 0.6601
vn -0.9405 0.1545 0.3027
vn -0.6172 0.3126 0.7221
vn -0.2476 0.0029 0.9689
vn -0.4342 -0.4177 0.7981
vn -0.1514 -0.2301 0.9613
vn -0.5496 -0.0922 0.8303
vn -0.5180 -0.4365 0.7356
vn -0.3032 -0.6471 0.6995
vn 0.0415 -0.5207 0.8528
vn -0.3442 -0.7146 0.6090
vn 0.0580 0.1162 0.9915
vn -0.6056 -0.2126 0.7668
vn -0.8321 -0.5032 0.2334
vn -0.5588 -0.8288 0.0291
vn -0.2080 -0.9654 -0.1575
vn -0.2140 -0.9623 0.1678
vn 0.0005 -0.9160 0.4012
vn 0.2515 -0.7430 0.6202
vn 0.3998 -0.2047 0.8935
vn 0.4073 -0.4010 0.8205
vn 0.2524 -0.0148 0.9675
vn 0.4269 -0.8282 0.3631
vn 0.2765 -0.9089 -0.3121
vn 0.7023 -0.7114 0.0260
vn 0.2358 -0.9712 -0.0327
vn 0.1627 -0.8824 -0.4415
vn 0.4919 -0.5755 -0.6533
vn 0.8384 -0.3990 -0.3714
vn 0.2708 -0.6367 -0.7220
vn 0.5744 -0.3560 0.7371
vn 0.0415 -0.9635 -0.2644
vn -0.2309 -0.8695 -0.4367
vn -0.1838 -0.7831 -0.5941
vn -0.0495 -0.5389 -0.8409
vn 0.2055 -0.3302 -0.9213
vn 0.3347 -0.2523 -0.9079
vn 0.4784 -0.2053 -0.8538
vn 0.8380 -0.0836 -0.5392
vn 0.9677 0.0987 -0.2319
vn 0.9907 -0.1150 -0.0731
vn 0.8461 -0.3431 0.4080
vn 0.2004 0.7070 -0.6783
vn 0.2159 0.4752 -0.8530
vn 0.1984 0.5993 -0.7756
vn 0.5256 0.4129 -0.7438
vn 0.4527 0.0899 -0.8871
vn 0.1651 0.3923 -0.9049
vn 0.1949 0.4845 -0.8528
vn 0.3223 0.0291 -0.9462
vn 0.2166 0.9720 0.0905
vn 0.5029 0.8589 -0.0964
vn 0.9583 0.1539 -0.2410
vn 0.9503 0.2841 -0.1275
vn 0.7482 0.1941 -0.6345
vn -0.0440 -0.1863 -0.9815
vn -0.2582 0.1330 -0.9569
vn -0.2735 0.1793 -0.9450
vn 0.2994 0.1875 0.9355
vn 0.6323 0.1766 0.7543
vn 0.5076 0.4094 0.7581
vn 0.5014 -0.0452 0.8641
vn 0.5348 0.0799 0.8412
vn 0.5421 0.6358 0.5494
vn 0.9425 0.2627 0.2067
vn 0.8134 0.1968 0.5475
vn 0.7295 0.1010 0.6765
vn -0.9191 -0.0124 -0.3937
vn -0.5660 -0.1832 -0.8038
vn -0.7785 -0.4010 -0.4828
vn -0.4997 -0.0286 -0.8657
vn -0.7271 -0.0101 -0.6864
vn -0.4560 -0.6629 -0.5938
vn -0.4506 -0.0835 -0.8888
vn -0.4054 -0.5017 -0.7642
vn -0.9318 -0.2022 0.3014
vn -0.3927 -0.2955 -0.8709
vn -0.2001 -0.9188 -0.3402
vn -0.7512 -0.2010 -0.6288
vn -0.0486 -0.4325 -0.9003
vn -0.5340 -0.8005 -0.2722
vn -0.9394 0.3374 -0.0613
vn -0.5218 0.8149 -0.2523
vn -0.3734 0.6257 -0.6848
vn 0.3372 0.4268 -0.8391
vn 0.5912 -0.6236 -0.5115
vn 0.1992 -0.9739 -0.1085
vn 0.9027 0.3848 -0.1924
vn 0.9451 -0.3268 0.0094
vn 0.5107 -0.8492 0.1343
vn 0.8221 0.1029 0.5600
vn 0.3130 -0.7306 0.6069
vn 0.6158 0.7812 0.1026
vn 0.1840 0.9194 0.3475
vn -0.0020 0.4321 0.9018
vn -0.2860 -0.3818 0.8788
vn -0.8468 -0.4113 0.3374
vn -0.5472 0.6205 0.5617
vn -0.6062 -0.2931 0.7393
vn -0.2504 0.9498 0.1876
vn -0.1450 -0.9642 0.2219
vn 0.2130 0.9462 -0.2437
vn 0.6215 0.3446 -0.7036
vn -0.1083 -0.2691 0.9570
vn -0.9037 0.0122 -0.4280
vn -0.3365 -0.9417 0.0058
vn 0.6254 -0.6274 -0.4640
vn 0.1225 0.2995 -0.9462
vn 0.8975 0.0093 0.4410
vn -0.6010 0.6404 0.4782
vn 0.4885 -0.8694 -0.0745
vn -0.9532 -0.2946 -0.0679
vn -0.1072 -0.4221 -0.9002
vn 0.9496 0.2969 0.1004
vn -0.5179 0.8491 0.1043
vn 0.0814 0.3901 0.9172
vn -0.1839 -0.6233 0.7601
vn 0.1608 0.6211 -0.7670
vn -0.0585 0.9905 0.1245
vn -0.0257 0.9967 0.0767
vn -0.0475 0.9947 0.0907
vn -0.0347 0.9935 0.1083
vn -0.0323 0.9934 0.1098
vn -0.0445 0.9968 0.0668
vn -0.0303 0.9970 0.0706
vn -0.0539 0.9936 0.0994
vn -0.0577 0.9961 0.0664
vn -0.0570 0.9927 0.1067
vn -0.0383 0.9968 0.0699
vn -0.0128 0.9826 0.1851
vn 0.1078 0.9913 0.0751
vn -0.0530 0.9954 0.0801
vn -0.0176 0.9971 0.0742
vn -0.0459 0.9970 0.0626
vn -0.0242 0.9972 0.0702
vn -0.0620 0.9960 0.0641
vn -0.0138 0.9983 0.0561
vn 0.1101 0.9939 -0.0082
vn -0.0168 0.9954 0.0945
vn -0.0675 0.9935 0.0913
vn -0.0234 0.9950 0.0970
vn -0.0396 0.9945 0.0967
vn -0.0622 0.9940 0.0902
vn 0.0406 0.9962 0.0767
vn 0.1626 0.9867 -0.0018
vn -0.0215 0.9948 0.0992
vn -0.0833 0.9922 0.0928
vn -0.0277 0.9943 0.1031
vn -0.0420 0.9931 0.1092
vn -0.0481 0.9928 0.1097
vn 0.0934 0.9939 0.0587
vn -0.0227 0.9997 0.0110
vn -0.0945 0.9955 0.0059
vn -0.0282 0.9996 0.0100
vn -0.0534 0.9984 0.0203
vn -0.0229 0.9995 0.0239
vn 0.2136 0.9759 0.0441
vn 0.1265 0.9914 0.0344
vn -0.0848 0.9867 -0.1387
vn -0.0218 0.9960 -0.0865
vn -0.0322 0.9965 -0.0771
vn -0.0629 0.9957 -0.0686
vn 0.1241 0.9892 -0.0779
vn -0.0305 0.9963 -0.0802
vn 0.2504 0.9656 -0.0694
vn -0.1502 0.9601 0.2360
vn -0.3443 0.9221 0.1768
vn -0.0236 0.9717 0.2352
vn -0.0926 0.9718 0.2170
vn -0.0556 0.9449 0.3226
vn -0.0434 0.8360 0.5471
vn 0.0042 0.6108 0.7918
vn 0.1023 0.6283 0.7712
vn 0.0676 0.6115 0.7883
vn 0.2991 0.7295 0.6151
vn 0.0984 0.9559 0.2767
vn 0.4047 0.8819 0.2418
vn 0.3909 0.9161 0.0895
vn 0.2410 0.9697 -0.0391
vn 0.2470 0.9686 0.0276
vn 0.2141 0.9763 0.0306
vn 0.2933 0.9524 -0.0828
vn 0.2934 0.9416 -0.1656
vn 0.2905 0.9373 -0.1924
vn 0.1693 0.9610 -0.2185
vn 0.0056 0.9915 -0.1300
vn -0.0687 0.9893 -0.1290
vn -0.0614 0.9843 -0.1657
vn -0.0851 0.9476 -0.3080
vn -0.2114 0.8378 -0.5033
vn -0.4274 0.7593 -0.4907
vn -0.5997 0.6660 -0.4436
vn -0.6104 0.7882 -0.0791
vn -0.5771 0.8061 0.1310
vn -0.6100 0.7859 0.1016
vn -0.5600 0.8254 0.0713
vn -0.5437 0.8356 0.0782
vn -0.9094 0.4153 0.0242
vn -0.8975 0.4337 0.0801
vn -0.8142 0.5650 0.1336
vn -0.9385 0.3420 0.0479
vn -0.9242 0.3819 0.0029
vn -0.9527 0.2856 0.1036
vn -0.9346 0.3533 0.0418
vn -0.9140 0.3740 0.1575
vn -0.9462 0.3014 0.1181
vn -0.9716 0.1472 -0.1852
vn -0.9979 0.0395 0.0522
vn -0.8625 0.0237 -0.5056
vn -0.9077 -0.3173 -0.2745
vn -0.8534 0.5070 0.1213
vn -0.8479 0.5302 0.0017
vn -0.8497 0.5257 0.0396
vn -0.9830 0.1834 0.0071
vn -0.9246 -0.3584 -0.1293
vn -0.8699 -0.1187 -0.4788
vn -0.8570 -0.4401 -0.2682
vn -0.9873 -0.1585 0.0060
vn -0.9562 -0.2265 0.1854
vn -0.9961 -0.0854 -0.0223
vn -0.9652 -0.2268 -0.1301
vn -0.8670 -0.4533 -0.2069
vn -0.8818 -0.1199 -0.4562
vn -0.9008 -0.3835 -0.2036
vn -0.4405 -0.8972 0.0320
vn -0.5080 -0.8612 0.0153
vn -0.6418 -0.7655 -0.0461
vn -0.8291 -0.5473 -0.1148
vn -0.9556 -0.2592 -0.1400
vn -0.8855 -0.0899 -0.4558
vn -0.9786 -0.1281 -0.1610
vn -0.4027 -0.9148 0.0310
vn -0.4108 -0.9115 0.0221
vn -0.4397 -0.8977 0.0263
vn -0.6098 -0.7924 -0.0175
vn -0.9209 -0.3892 -0.0224
vn -0.8086 -0.2955 -0.5088
vn -0.8231 -0.5027 -0.2642
vn -0.3612 -0.9319 0.0328
vn -0.3886 -0.9209 0.0300
vn -0.3759 -0.9258 0.0399
vn -0.3814 -0.9225 0.0586
vn -0.5607 -0.8269 -0.0428
vn -0.4367 -0.7911 -0.4282
vn -0.3301 -0.8936 -0.3042
vn -0.5402 0.7549 0.3720
vn -0.6264 0.2805 -0.7273
vn -0.5982 -0.0486 -0.7998
vn -0.5687 -0.0562 -0.8206
vn -0.5760 0.1534 -0.8029
vn -0.5336 -0.2425 -0.8102
vn -0.3005 -0.7875 -0.5381
vn -0.2343 -0.9091 -0.3444
vn -0.2168 -0.9084 -0.3576
vn -0.2121 -0.9162 -0.3401
vn -0.2212 -0.9257 -0.3068
vn -0.2584 -0.9615 -0.0937
vn -0.2668 -0.9620 0.0578
vn -0.2776 -0.9605 0.0187
vn -0.2890 -0.9571 0.0178
vn -0.2871 -0.9571 0.0402
vn -0.2815 -0.9589 0.0361
vn -0.3144 -0.9476 0.0574
vn -0.3653 -0.9251 0.1035
vn -0.3943 -0.9023 0.1744
vn -0.7583 -0.5214 0.3913
vn -0.8575 0.1662 0.4869
vn -0.7587 0.4761 0.4447
vn -0.2218 -0.9748 0.0245
vn -0.1835 -0.9830 0.0097
vn -0.1167 -0.9907 0.0693
vn -0.2128 -0.9771 0.0092
vn -0.1691 -0.9856 0.0024
vn -0.2182 -0.9758 0.0134
vn -0.1325 -0.9910 0.0203
vn -0.2038 -0.9719 -0.1178
vn -0.2167 -0.9756 0.0365
vn -0.2010 -0.9298 -0.3083
vn -0.1204 -0.9811 -0.1514
vn -0.2175 -0.9228 -0.3180
vn -0.1683 -0.9515 -0.2576
vn -0.0500 -0.9954 0.0816
vn 0.0094 -0.9697 0.2441
vn -0.0974 -0.9948 -0.0289
vn -0.0623 -0.9973 -0.0401
vn -0.0632 -0.9950 -0.0777
vn -0.2256 -0.9328 -0.2812
vn -0.1279 -0.9725 -0.1946
vn 0.0627 -0.9603 0.2718
vn 0.0244 -0.9855 0.1682
vn -0.0299 -0.9994 0.0194
vn -0.0297 -0.9975 -0.0639
vn 0.0164 -0.9973 -0.0712
vn -0.1623 -0.9452 -0.2833
vn 0.0172 -0.9908 -0.1345
vn 0.0365 -0.9559 0.2915
vn 0.0132 -0.9744 0.2246
vn 0.0254 -0.9934 -0.1119
vn 0.0061 -0.9985 0.0549
vn 0.0633 -0.9880 -0.1410
vn 0.0976 -0.9872 -0.1264
vn 0.0946 -0.9882 -0.1207
vn 0.0183 -0.9527 0.3035
vn 0.0239 -0.9723 0.2325
vn 0.0774 -0.9884 -0.1306
vn 0.0576 -0.9979 0.0312
vn 0.0816 -0.9834 -0.1622
vn 0.0785 -0.9869 -0.1411
vn 0.0818 -0.9901 -0.1137
vn 0.0293 -0.9490 0.3138
vn 0.0818 -0.9720 0.2202
vn 0.1676 -0.9788 -0.1175
vn 0.1895 -0.9818 0.0129
vn 0.0929 -0.9843 -0.1503
vn 0.0743 -0.9882 -0.1339
vn 0.0730 -0.9899 -0.1213
vn -0.2482 -0.9671 0.0565
vn -0.2181 -0.9158 -0.3373
vn -0.2544 -0.9101 -0.3271
vn -0.2434 -0.8977 -0.3672
vn -0.2290 -0.8971 -0.3779
vn -0.0466 -0.9814 -0.1864
vn 0.0870 -0.9116 -0.4017
vn 0.1086 -0.9416 -0.3187
vn 0.4876 -0.6286 -0.6059
vn 0.2550 -0.9394 -0.2292
vn 0.2314 -0.9615 -0.1479
vn 0.3717 -0.9251 -0.0774
vn 0.4158 -0.9058 -0.0814
vn 0.6338 -0.7664 0.1050
vn 0.6809 -0.6453 0.3464
vn 0.2927 -0.8633 0.4112
vn 0.0360 -0.9330 0.3581
vn 0.0268 -0.9310 0.3640
vn 0.0243 -0.9325 0.3602
vn 0.0470 -0.9354 0.3506
vn 0.0744 -0.9266 0.3687
vn 0.0840 -0.9383 0.3355
vn -0.0394 -0.9747 0.2200
vn 0.9042 -0.2490 0.3469
vn 0.7229 0.6572 0.2135
vn 0.8380 0.4047 0.3659
vn 0.8234 -0.4392 0.3593
vn 0.9470 0.0205 0.3206
vn 0.8806 -0.2474 0.4042
vn 0.8882 -0.3346 0.3149
vn 0.8964 0.0476 0.4406
vn 0.9008 -0.2099 0.3802
vn 0.8560 0.1678 0.4889
vn 0.9089 0.0570 0.4130
vn 0.7954 -0.2289 0.5612
vn 0.8827 0.2384 0.4049
vn 0.6317 0.7726 0.0643
vn 0.9376 0.3015 0.1733
vn 0.9464 -0.0748 0.3143
vn 0.9387 -0.0910 0.3326
vn 0.9361 0.0862 0.3410
vn 0.9188 0.0708 0.3884
vn 0.9035 0.2412 0.3542
vn 0.3199 0.9474 -0.0088
vn 0.7775 0.6195 0.1082
vn 0.9790 0.0913 0.1822
vn 0.9542 -0.0164 0.2988
vn 0.9191 0.2261 0.3226
vn 0.9390 -0.1605 0.3041
vn 0.9635 -0.0048 0.2677
vn 0.3007 0.9535 0.0190
vn 0.4299 0.9017 0.0464
vn 0.8886 0.4537 0.0672
vn 0.9902 0.1366 0.0285
vn 0.9596 0.2743 0.0633
vn 0.7639 -0.6435 0.0482
vn 0.9535 -0.3008 -0.0219
vn 0.3403 0.9403 0.0020
vn 0.4869 0.8627 -0.1364
vn 0.7276 0.5678 -0.3849
vn 0.7463 0.5164 -0.4201
vn 0.7471 0.5761 -0.3316
vn 0.5668 -0.8225 -0.0474
vn 0.9176 -0.0745 -0.3905
vn 0.4228 0.8886 -0.1777
vn 0.6684 0.4771 -0.5706
vn 0.6418 0.2165 -0.7357
vn 0.4609 0.7280 -0.5076
vn 0.5391 0.5507 -0.6373
vn 0.6250 0.6150 -0.4808
vn 0.6230 -0.7300 -0.2810
vn 0.5431 0.2431 0.8037
vn 0.6418 -0.3436 0.6856
vn 0.7229 -0.4562 0.5189
vn 0.8281 -0.2744 0.4889
vn 0.7743 -0.2023 0.5996
vn 0.6822 -0.2699 0.6796
vn 0.4428 -0.7026 0.5570
vn 0.8123 -0.2059 -0.5457
vn 0.6819 0.1508 -0.7157
vn 0.4455 0.7427 -0.4999
vn 0.4122 0.7564 -0.5080
vn 0.5197 0.5433 -0.6594
vn 0.6030 0.1914 -0.7744
vn 0.6247 0.1334 -0.7694
vn 0.5207 0.6927 -0.4990
vn 0.2609 0.9648 0.0340
vn 0.2669 0.9637 -0.0058
vn -0.1161 0.8509 0.5123
vn 0.0745 -0.0147 0.9971
vn -0.0388 0.5455 0.8372
vn -0.2559 0.4437 0.8589
vn 0.1344 0.1190 0.9838
vn -0.2879 0.1500 0.9459
vn 0.0533 0.1100 0.9925
vn -0.2180 -0.8658 0.4505
vn -0.3339 -0.4153 0.8462
vn -0.2248 -0.9315 0.2861
vn -0.0731 -0.4758 0.8765
vn -0.2267 -0.9529 0.2017
vn 0.0094 -0.9076 0.4198
vn 0.0486 0.4515 0.8910
vn 0.1241 -0.0686 0.9899
vn 0.1496 0.0996 0.9837
vn 0.1351 0.0643 0.9888
vn 0.1742 -0.5215 0.8353
vn -0.0000 -0.9106 0.4134
vn 0.1357 -0.8911 0.4330
vn 0.0437 0.1067 0.9933
vn 0.0941 -0.1645 0.9819
vn 0.0991 0.0234 0.9948
vn 0.1135 0.0063 0.9935
vn 0.1147 -0.6176 0.7781
vn 0.1340 -0.8921 0.4314
vn 0.0798 -0.8979 0.4329
vn 0.0523 -0.1775 0.9827
vn 0.0473 -0.1824 0.9821
vn 0.0383 0.0085 0.9992
vn 0.0334 -0.0213 0.9992
vn 0.0352 -0.6211 0.7830
vn 0.0766 -0.8923 0.4450
vn 0.0350 -0.9033 0.4275
vn 0.0542 -0.0860 0.9948
vn 0.0235 -0.1251 0.9919
vn 0.0020 0.0316 0.9995
vn -0.0061 -0.0471 0.9989
vn 0.0190 -0.9085 0.4174
vn 0.0131 -0.6503 0.7595
vn 0.0238 -0.9088 0.4166
vn 0.0956 0.1049 0.9899
vn 0.0911 -0.0072 0.9958
vn 0.1693 0.1427 0.9752
vn 0.4129 -0.0610 0.9087
vn 0.1528 -0.8820 0.4459
vn 0.4333 -0.6557 0.6183
vn 0.0235 -0.9152 0.4023
vn 0.0446 -0.9024 0.4286
vn -0.2233 0.5797 -0.7836
vn -0.3473 0.0772 -0.9346
vn -0.2948 0.4538 -0.8409
vn -0.1984 0.6580 -0.7264
vn -0.2453 0.0123 -0.9694
vn -0.1636 0.7834 -0.5996
vn -0.2392 0.0605 -0.9691
vn 0.1479 0.7411 -0.6550
vn -0.1998 0.2190 -0.9551
vn 0.5076 0.0770 -0.8582
vn 0.1882 0.3480 -0.9184
vn 0.4215 0.5798 -0.6973
vn 0.5657 0.0640 -0.8221
vn -0.3266 0.0985 -0.9400
vn -0.2438 0.0998 -0.9647
vn -0.2581 0.0521 -0.9647
vn -0.2060 0.0156 -0.9784
vn 0.5315 0.2634 -0.8051
vn 0.1902 0.2752 -0.9424
vn 0.5575 0.2404 -0.7946
vn -0.3146 0.2411 -0.9181
vn -0.2369 0.2639 -0.9350
vn -0.2128 0.0232 -0.9768
vn -0.2174 -0.1025 -0.9707
vn 0.1733 0.0817 -0.9815
vn 0.4911 0.5480 -0.6771
vn 0.4340 0.5456 -0.7169
vn -0.3411 -0.0747 -0.9371
vn -0.2164 0.0755 -0.9734
vn -0.1768 -0.0252 -0.9839
vn -0.2376 -0.0081 -0.9713
vn 0.0542 0.1683 -0.9842
vn 0.3752 0.7519 -0.5421
vn 0.2932 0.6842 -0.6677
vn -0.2899 -0.6099 -0.7375
vn -0.2187 -0.3740 -0.9013
vn -0.2450 0.1288 -0.9609
vn -0.2411 0.1052 -0.9648
vn -0.0131 0.0031 -0.9999
vn 0.3350 0.1913 -0.9226
vn -0.2405 -0.8707 -0.4290
vn -0.2646 -0.7252 -0.6356
vn -0.3470 -0.3384 -0.8747
vn -0.2034 -0.1388 -0.9692
vn 0.0263 -0.5394 -0.8416
vn 0.3198 0.7118 -0.6254
vn 0.2385 -0.5870 -0.7737
vn 0.5223 0.5751 -0.6296
vn 0.4353 -0.1531 -0.8872
vn 0.1639 -0.9392 -0.3018
vn -0.1467 -0.7318 -0.6655
vn 0.6368 -0.4277 0.6416
vn -0.8530 -0.5155 -0.0809
vn 0.1877 -0.9245 -0.3316
vn 0.4161 0.0545 -0.9077
vn -0.6169 0.4130 -0.6700
vn 0.8518 0.5232 0.0244
vn -0.4448 -0.0523 0.8941
vn 0.9715 0.0703 0.2262
vn 0.7455 0.5527 -0.3726
vn 0.8349 0.5438 -0.0855
vn 0.7826 -0.4532 0.4267
vn 0.9782 -0.0683 -0.1963
vn 0.7529 -0.6516 0.0928
vn 0.2230 -0.2511 -0.9419
vn 0.2403 0.2089 -0.9480
vn 0.2443 0.8279 -0.5049
vn 0.7183 0.6867 0.1119
vn -0.4316 0.5428 -0.7205
vn -0.7207 0.5358 -0.4400
vn -0.5364 0.7953 -0.2823
vn -0.1375 0.7825 0.6073
vn -0.2812 0.2800 0.9179
vn -0.9710 0.0804 0.2250
vn -0.9534 -0.0710 -0.2932
vn -0.7304 -0.4496 0.5142
vn -0.2503 -0.1082 0.9621
vn -0.0315 -0.9069 0.4202
vn 0.4207 -0.3934 0.8175
vn -0.8171 -0.5728 -0.0642
vn -0.6684 -0.7260 -0.1617
vn 0.1254 -0.8997 -0.4181
vn 0.7157 0.2085 0.6665
vn -0.7391 -0.1882 -0.6468
vn -0.7902 0.1990 0.5796
vn -0.2644 -0.1239 -0.9564
vn -0.7259 -0.6874 -0.0224
vn 0.3540 -0.9012 0.2500
vn 0.7809 -0.2892 -0.5537
vn 0.3065 0.0297 0.9514
vn -0.4214 0.8653 -0.2715
vn 0.7570 0.6533 0.0152
vn 0.6390 0.2381 -0.7314
vn -0.8058 0.5821 -0.1089
vn 0.2713 0.9607 0.0586
vn 0.8360 -0.5368 0.1136
vn -0.6595 -0.2272 0.7165
vn -0.2425 -0.9684 -0.0574
vn -0.4047 -0.2128 -0.8894
vn 0.3798 0.2311 0.8957
vn 0.3626 0.6805 0.6368
vn 0.4928 -0.8368 0.2387
vn 0.9763 0.1111 -0.1857
vn 0.1701 0.1814 -0.9686
vn -0.3178 -0.7859 -0.5305
vn -0.6082 0.7543 -0.2474
vn -0.1820 -0.2981 0.9370
vn 0.6865 0.0595 -0.7247
vn 0.7560 -0.6536 -0.0356
vn 0.6934 -0.4481 -0.5642
vn 0.4371 0.6696 -0.6005
vn 0.9964 -0.0684 -0.0509
vn 0.4594 0.5645 0.6858
vn 0.6700 -0.0927 0.7365
vn 0.6395 -0.6244 0.4485
vn 0.1256 -0.9918 -0.0253
vn -0.0177 -0.6499 -0.7598
vn 0.0967 -0.7224 0.6846
vn -0.4956 -0.5956 0.6322
vn -0.6935 -0.7132 -0.1022
vn -0.5168 -0.5972 -0.6135
vn -0.9922 -0.1044 0.0682
vn -0.7546 -0.0464 -0.6545
vn -0.4985 0.4390 0.7475
vn -0.7195 0.6941 0.0244
vn -0.5326 0.6664 -0.5219
vn -0.0484 0.9975 0.0509
vn 0.5700 0.8212 -0.0269
vn -0.0335 0.8159 -0.5772
vn -0.0693 0.6401 0.7652
vn 0.0267 0.0893 -0.9956
vn -0.0261 -0.0550 0.9981
vn -0.6279 -0.0900 0.7730
vn 0.4116 0.8472 -0.3361
vn 0.1645 -0.0678 0.9840
vn 0.9864 -0.0258 0.1623
vn 0.3785 -0.8189 -0.4314
vn -0.9941 0.0175 -0.1068
vn -0.1625 0.0634 -0.9847
vn -0.3580 0.8000 0.4815
vn -0.3874 -0.8375 0.3853
vn 0.8569 0.4221 -0.2958
vn -0.5864 0.7120 0.3862
vn 0.4648 0.4228 0.7779
vn 0.2459 -0.6685 0.7019
vn 0.6283 -0.6938 -0.3521
vn -0.8289 -0.4508 0.3312
vn -0.4190 -0.4486 -0.7895
vn -0.1882 0.6810 -0.7076
vn -0.7252 -0.3610 -0.5863
vn 0.9045 -0.1470 -0.4003
vn 0.1694 -0.9768 -0.1312
vn -0.0242 -0.4401 0.8976
vn 0.7298 0.3441 0.5908
vn -0.8884 0.1520 0.4332
vn 0.0600 0.4494 -0.8913
vn 0.2092 -0.0904 0.9737
vn 0.7280 -0.1706 0.6640
vn 0.6115 0.0333 0.7906
vn 0.0802 0.1007 0.9917
vn 0.4139 -0.2889 0.8633
vn 0.7011 -0.4543 0.5495
vn 0.4068 -0.6235 0.6677
vn 0.4504 -0.5537 0.7004
vn 0.7758 0.4652 0.4264
vn 0.9101 0.1918 0.3674
vn -0.0376 0.2790 0.9596
vn 0.4673 0.4937 0.7334
vn -0.1104 0.1387 0.9842
vn -0.1958 0.0736 0.9779
vn -0.3558 0.0963 0.9296
vn 0.2793 -0.2918 0.9148
vn -0.0578 -0.7065 0.7054
vn 0.1501 -0.7894 0.5952
vn 0.3877 -0.7705 0.5060
vn 0.4552 -0.8262 0.3320
vn 0.6820 -0.6926 0.2348
vn 0.8941 -0.4078 0.1851
vn 0.9468 -0.1752 0.2699
vn 0.9655 0.0957 0.2420
vn 0.9213 0.3795 0.0844
vn 0.9058 0.3760 -0.1953
vn 0.7928 0.5981 -0.1170
vn 0.9821 0.1639 0.0933
vn 0.9544 0.0964 -0.2826
vn 0.6981 0.4493 -0.5575
vn 0.7301 0.6240 -0.2784
vn 0.7277 0.1929 -0.6582
vn 0.6460 0.7197 0.2544
vn 0.9984 0.0155 0.0550
vn 0.8915 -0.4523 0.0260
vn 0.5366 -0.1390 -0.8323
vn 0.2094 -0.1002 -0.9727
vn 0.2763 0.1685 -0.9462
vn 0.3088 0.3757 -0.8738
vn 0.3378 0.7053 -0.6233
vn 0.0609 0.9838 -0.1687
vn 0.2795 0.9568 -0.0797
vn 0.5278 0.8479 0.0503
vn -0.1772 0.1990 -0.9638
vn -0.5036 0.4003 -0.7656
vn -0.2470 0.6492 -0.7194
vn -0.1450 0.1392 -0.9796
vn -0.3696 0.2490 -0.8952
vn -0.7084 0.3561 -0.6094
vn -0.6088 -0.1558 -0.7779
vn -0.5542 0.2303 -0.7999
vn -0.0925 0.9751 -0.2015
vn 0.0178 -0.1692 -0.9854
vn -0.3249 0.1261 -0.9373
vn -0.5442 -0.4854 -0.6843
vn -0.7432 -0.4940 -0.4512
vn -0.7654 -0.4559 -0.4542
vn -0.9152 -0.0802 -0.3949
vn -0.8902 0.2965 -0.3458
vn -0.8717 0.3709 -0.3203
vn -0.7481 0.5773 -0.3272
vn -0.3402 0.8876 -0.3105
vn -0.7077 -0.0805 0.7019
vn -0.9174 -0.2596 0.3017
vn -0.7512 -0.2688 0.6029
vn -0.8673 -0.0926 0.4891
vn -0.9502 -0.3107 -0.0222
vn -0.9023 -0.4304 -0.0244
vn -0.6511 -0.5602 0.5120
vn -0.8454 -0.4599 -0.2717
vn -0.5139 0.1672 0.8414
vn -0.7025 0.3833 0.5996
vn -0.9959 -0.0172 0.0883
vn -0.8690 0.4577 0.1882
vn -0.7158 -0.5229 -0.4629
vn -0.6067 -0.7298 -0.3151
vn -0.2283 -0.9415 0.2477
vn -0.4340 -0.3412 0.8338
vn 0.1637 0.8691 0.4667
vn -0.2078 0.8776 0.4320
vn -0.1602 0.7456 0.6468
vn -0.0475 0.9953 0.0839
vn 0.0059 0.9665 0.2565
vn -0.3406 0.7587 0.5553
vn -0.2368 0.5881 0.7733
vn -0.1109 0.9681 0.2247
vn -0.5143 0.8180 0.2578
vn 0.5223 -0.8522 -0.0306
vn 0.2522 -0.9031 -0.3476
vn 0.4038 -0.8502 -0.3378
vn 0.3436 -0.9389 0.0185
vn 0.4552 -0.8824 -0.1191
vn 0.1768 -0.5494 -0.8166
vn -0.3418 -0.7478 -0.5692
vn 0.0109 -0.7695 -0.6386
vn -0.0248 -0.8653 -0.5006
vn -0.1594 -0.3360 -0.9283
vn 0.8523 -0.3402 -0.3972
vn 0.3983 0.3233 0.8584
vn 0.9094 -0.2976 0.2905
vn 0.6442 0.5531 0.5282
vn 0.4432 -0.3002 0.8446
vn 0.4736 -0.8795 -0.0472
vn 0.4707 -0.5788 -0.6659
vn 0.7558 -0.0872 -0.6489
vn 0.7305 0.6253 -0.2745
vn 0.1391 0.9208 0.3644
vn 0.1034 0.5311 0.8409
vn -0.2221 0.8580 -0.4631
vn -0.4403 0.8972 0.0338
vn -0.4545 0.6340 0.6257
vn -0.9543 0.1551 -0.2555
vn -0.8500 -0.1569 0.5028
vn -0.4304 -0.3914 -0.8133
vn -0.7466 -0.5675 -0.3471
vn -0.7366 -0.6425 0.2112
vn 0.3134 -0.8004 0.5110
vn -0.1788 -0.9321 -0.3149
vn -0.3014 -0.8415 0.4483
vn 0.0182 -0.4746 -0.8800
vn -0.1403 -0.2381 0.9610
vn 0.1860 0.1693 -0.9678
vn 0.1986 0.8583 -0.4732
vn -0.4681 0.2603 -0.8445
vn 0.6118 0.3441 0.7123
vn -0.2355 -0.9381 0.2539
vn 0.8412 -0.5388 0.0448
vn 0.4970 0.0244 -0.8674
vn -0.8083 0.5887 -0.0098
vn 0.2649 0.9407 -0.2119
vn -0.4491 0.0187 0.8933
vn -0.6091 -0.3192 -0.7260
vn -0.5076 -0.8606 -0.0418
vn 0.9693 -0.2324 -0.0810
vn 0.2325 -0.5556 0.7983
vn -0.1084 0.4533 0.8848
vn 0.4909 0.8662 0.0931
vn -0.9521 0.2791 0.1252
vn 0.1082 -0.4205 -0.9008
vn -0.2365 0.6205 -0.7477
vn -0.7099 -0.5207 -0.4743
vn 0.1448 -0.6532 -0.7432
vn -0.3601 -0.9059 -0.2229
vn 0.0316 0.2899 -0.9565
vn -0.4755 -0.1952 -0.8578
vn 0.8921 -0.2317 -0.3879
vn 0.6121 -0.7738 -0.1628
vn 0.1702 -0.9846 0.0407
vn -0.6527 -0.5899 0.4754
vn -0.9900 -0.1368 -0.0339
vn -0.0284 -0.1221 0.9921
vn -0.5411 0.0032 0.8409
vn -0.8684 0.1667 0.4669
vn -0.1188 0.5602 0.8198
vn -0.6903 0.6970 0.1942
vn 0.7403 0.4695 0.4811
vn 0.3657 0.9131 0.1805
vn -0.0319 0.9800 -0.1965
vn 0.6258 0.6287 -0.4617
vn 0.5632 0.0147 -0.8262
vn -0.0588 0.7220 -0.6894
vn 0.9866 0.1612 0.0246
vn -0.7455 0.3857 -0.5435
vn 0.7676 -0.3552 0.5336
vn 0.0760 -0.7209 0.6889
vn 0.3878 0.0905 0.9173
vn -0.3669 -0.8708 0.3272
vn 0.2088 -0.1141 -0.9713
vn 0.7172 -0.6717 -0.1854
vn 0.3914 0.8636 -0.3179
vn 0.8064 0.1586 0.5697
vn -0.1811 0.1075 0.9776
vn -0.7586 0.6251 0.1837
vn -0.7859 -0.1926 -0.5876
vn -0.5661 -0.8157 0.1186
vn -0.2068 -0.7967 0.5678
vn -0.4732 -0.6499 0.5947
vn -0.5875 -0.8079 -0.0469
vn -0.2906 -0.9492 0.1207
vn 0.1404 -0.8298 0.5400
vn -0.2026 -0.9785 -0.0386
vn -0.0672 -0.9857 0.1548
vn -0.4840 -0.0321 0.8745
vn -0.1957 -0.1954 0.9610
vn -0.9317 -0.3632 -0.0037
vn -0.8547 -0.2885 0.4315
vn -0.9314 -0.3297 -0.1540
vn -0.9194 -0.3199 -0.2289
vn -0.2232 -0.8661 -0.4474
vn -0.2901 -0.9570 0.0040
vn -0.2537 -0.8117 -0.5260
vn 0.2287 -0.8581 -0.4597
vn 0.4834 -0.8753 0.0142
vn 0.5813 -0.7967 0.1651
vn 0.6824 -0.6286 0.3730
vn 0.5798 -0.4920 0.6494
vn 0.1881 -0.4153 0.8900
vn -0.0680 -0.3124 0.9475
vn -0.1146 0.1881 0.9754
vn -0.0036 0.2837 0.9589
vn -0.0500 0.2493 0.9671
vn -0.0254 0.1047 0.9942
vn 0.2618 0.1783 0.9485
vn 0.0934 0.3884 0.9168
vn 0.0264 0.4371 0.8990
vn 0.3171 0.4234 0.8486
vn -0.5112 0.2775 0.8134
vn 0.2503 -0.1004 0.9629
vn 0.8182 -0.0914 0.5677
vn 0.8946 0.0656 0.4420
vn 0.8428 0.4265 0.3283
vn 0.4330 0.7482 0.5027
vn 0.2798 0.8179 0.5028
vn 0.0032 0.9126 0.4089
vn -0.3138 0.9107 0.2687
vn -0.5531 0.5686 0.6089
vn -0.5974 0.3123 0.7386
vn -0.0060 0.9983 -0.0578
vn 0.3917 0.8561 -0.3371
vn -0.0816 0.9654 -0.2476
vn 0.2068 0.9714 -0.1166
vn 0.5011 0.7395 -0.4494
vn 0.0129 0.7942 -0.6076
vn 0.3269 0.6806 -0.6557
vn -0.4002 0.9140 -0.0669
vn 0.4954 0.8573 -0.1404
vn 0.9515 0.2992 -0.0720
vn 0.8576 0.4118 -0.3080
vn 0.4403 0.6948 -0.5687
vn 0.7355 0.4924 -0.4654
vn 0.2375 0.5400 -0.8075
vn 0.1478 0.4459 -0.8828
vn -0.0966 0.4928 -0.8648
vn -0.4093 0.4575 -0.7894
vn -0.3971 0.7696 -0.5000
vn -0.4746 0.8717 -0.1217
vn -0.5101 -0.4334 -0.7429
vn 0.0001 -0.2589 -0.9659
vn -0.0673 -0.5178 -0.8528
vn -0.2723 0.1369 -0.9524
vn -0.3890 -0.0222 -0.9210
vn 0.0099 -0.3293 -0.9442
vn -0.0458 -0.4930 -0.8688
vn 0.0760 -0.0761 -0.9942
vn -0.5918 -0.7069 -0.3874
vn -0.9372 -0.0968 -0.3350
vn -0.8498 0.0864 -0.5200
vn -0.6689 0.1567 -0.7267
vn -0.1019 0.0469 -0.9937
vn 0.5544 0.3879 -0.7363
vn 0.5537 -0.1380 -0.8212
vn 0.4720 -0.3810 -0.7950
vn 0.4504 -0.6045 -0.6570
vn -0.8978 0.3615 0.2515
vn -0.9954 0.0522 -0.0805
vn -0.9138 0.2609 0.3114
vn -0.8448 0.5131 0.1518
vn -0.9715 0.2336 0.0411
vn -0.9775 -0.0404 -0.2071
vn -0.8796 0.3276 -0.3448
vn -0.9678 0.0536 -0.2459
vn -0.8594 0.5113 0.0062
vn 0.8551 -0.4371 0.2790
vn 0.9730 -0.2308 0.0028
vn 0.9686 -0.1490 0.1991
vn 0.8208 -0.5592 -0.1167
vn 0.8456 -0.5293 0.0698
vn 0.9996 -0.0149 -0.0224
vn 0.9950 -0.0782 0.0613
vn 0.8950 -0.3736 -0.2437
vn 0.6973 -0.3606 0.6194
vn 0.9629 -0.0214 -0.2690
vn -0.8849 -0.0796 0.4590
vn 0.1593 -0.6658 -0.7289
vn 0.0249 -0.8776 0.4788
vn 0.8627 0.1800 -0.4726
vn 0.7405 0.0846 0.6667
vn -0.1302 0.7607 0.6360
vn 0.0012 0.9003 -0.4352
vn -0.7113 0.0197 -0.7026
vn -0.9358 -0.3525 -0.0023
vn -0.9953 0.0478 -0.0842
vn -0.9350 -0.1688 -0.3120
vn -0.9732 -0.2153 0.0809
vn -0.9650 0.2527 0.0696
vn -0.8151 0.1261 -0.5654
vn -0.8935 0.4410 -0.0845
vn -0.8926 0.2618 -0.3670
vn -0.7803 -0.6236 -0.0470
vn -0.6580 -0.6629 -0.3572
vn -0.8434 -0.5166 0.1474
vn -0.8389 -0.4349 0.3272
vn -0.9676 0.0115 0.2522
vn -0.6745 -0.1192 0.7286
vn -0.7683 -0.1746 0.6158
vn -0.7901 0.5446 0.2814
vn -0.7275 0.6807 0.0856
vn -0.7272 0.6798 -0.0948
vn -0.6714 0.6647 -0.3277
vn -0.6351 0.4658 -0.6161
vn -0.6449 0.2817 -0.7105
vn -0.6207 0.1101 -0.7762
vn -0.6054 -0.1898 -0.7730
vn -0.5408 -0.4988 -0.6773
vn -0.1881 -0.7634 -0.6179
vn -0.0091 -0.7165 -0.6975
vn -0.0186 -0.7847 -0.6196
vn -0.2961 -0.4865 -0.8220
vn -0.1809 -0.6867 -0.7041
vn 0.4450 -0.6170 -0.6491
vn 0.3576 -0.7772 -0.5177
vn 0.5204 -0.5168 -0.6798
vn -0.4072 -0.9082 -0.0970
vn -0.4125 0.0518 -0.9095
vn 0.0562 -0.6090 -0.7912
vn 0.5673 0.0261 -0.8231
vn 0.8512 -0.0893 -0.5172
vn 0.8808 -0.2519 -0.4010
vn 0.8670 -0.3004 -0.3975
vn 0.7829 -0.5101 -0.3561
vn 0.6218 -0.7729 0.1269
vn 0.3771 -0.9236 0.0697
vn 0.0056 -0.9955 -0.0944
vn 0.9536 -0.2936 0.0669
vn 0.9993 0.0002 0.0365
vn 0.8913 -0.1579 0.4251
vn 0.9489 -0.1260 -0.2893
vn 0.9372 0.1810 -0.2980
vn 0.9261 0.1620 0.3406
vn 0.8841 -0.0531 0.4643
vn 0.9049 0.4255 -0.0060
vn 0.6127 -0.5776 0.5394
vn 0.9648 -0.0554 -0.2572
vn 0.7761 0.5086 -0.3729
vn 0.6524 0.6766 -0.3413
vn 0.5117 0.8545 -0.0894
vn 0.5968 0.7502 0.2848
vn 0.6828 0.4844 0.5469
vn 0.6242 0.2654 0.7348
vn 0.5866 -0.1077 0.8027
vn 0.6336 -0.3669 0.6812
vn 0.5996 -0.4397 0.6687
vn -0.4730 0.4326 0.7675
vn -0.0599 0.8094 0.5842
vn -0.3162 0.7812 0.5384
vn 0.3259 0.5369 0.7782
vn -0.0306 0.5837 0.8114
vn -0.0279 0.8911 0.4529
vn -0.3495 0.8516 0.3908
vn 0.1468 0.9166 0.3718
vn -0.8125 0.1932 0.5500
vn -0.5667 -0.0982 0.8181
vn 0.4259 -0.0347 0.9041
vn -0.2077 -0.0426 0.9773
vn 0.1706 0.7127 0.6804
vn 0.3554 0.9343 -0.0280
vn 0.1811 0.9833 0.0181
vn -0.4111 0.9100 -0.0530
vn -0.5367 -0.7457 0.3948
vn 0.0438 -0.6407 0.7665
vn -0.4315 -0.6067 0.6677
vn 0.3905 -0.6790 0.6216
vn -0.0491 -0.8389 0.5420
vn -0.4894 -0.3351 0.8051
vn 0.4236 -0.5195 0.7421
vn -0.0965 -0.5165 0.8508
vn 0.3862 -0.5684 0.7265
vn -0.3069 0.4869 -0.8178
vn 0.1108 0.7288 -0.6757
vn 0.0402 0.6180 -0.7851
vn -0.2645 0.7946 -0.5465
vn -0.2136 0.6687 -0.7122
vn 0.3953 0.5699 -0.7204
vn 0.1664 0.8355 -0.5237
vn 0.4225 0.7307 -0.5362
vn 0.4106 0.8119 -0.4150
vn 0.8421 0.2512 -0.4773
vn -0.0152 0.0471 -0.9988
vn -0.7366 0.4323 -0.5201
vn 0.5063 0.7046 0.4971
vn 0.4011 0.6867 -0.6063
vn 0.6380 -0.4322 -0.6373
vn -0.4726 -0.7167 -0.5129
vn 0.7584 -0.4097 0.5069
vn -0.3680 -0.6899 0.6234
vn -0.6025 0.4516 0.6580
vn 0.4030 0.5922 -0.6978
vn 0.9791 -0.0381 -0.1997
vn 0.4630 -0.1331 -0.8763
vn 0.8575 0.4664 0.2171
vn 0.7507 0.6443 -0.1459
vn 0.7985 -0.5286 0.2880
vn 0.6806 -0.7133 -0.1672
vn 0.4529 -0.5955 -0.6635
vn -0.4496 -0.0350 -0.8925
vn -0.2915 0.7280 -0.6205
vn -0.8112 -0.5292 -0.2487
vn -0.9162 -0.0009 -0.4006
vn -0.7250 0.5866 -0.3610
vn -0.9745 0.0430 0.2201
vn -0.6644 0.7399 0.1054
vn -0.4488 -0.4797 0.7539
vn -0.4116 0.0837 0.9075
vn -0.3937 0.5864 0.7080
vn 0.5064 0.0597 0.8603
vn 0.9341 0.0626 0.3515
vn 0.4020 0.7081 0.5805
vn 0.2724 -0.6826 0.6782
vn 0.1247 0.9855 -0.1153
vn -0.3232 -0.7388 -0.5914
vn -0.0451 -0.9989 0.0116
vn -0.7348 -0.6617 0.1492
vn 0.4195 -0.8995 -0.1221
vn 0.7530 0.6383 0.1599
vn 0.4767 -0.2320 0.8479
vn -0.4140 0.9067 0.0808
vn -0.6367 -0.0261 0.7707
vn -0.7346 -0.6560 -0.1733
vn 0.6636 0.0162 -0.7479
vn 0.7810 -0.2551 0.5700
vn -0.2892 0.9253 0.2454
vn -0.2820 -0.0185 0.9592
vn 0.3139 -0.9056 -0.2853
vn -0.7466 0.2617 -0.6117
vn 0.3002 0.0295 -0.9534
vn 0.7719 0.6122 -0.1716
vn -0.7734 -0.6198 0.1334
vn 0.2004 0.8596 0.4700
vn 0.6220 0.0741 0.7795
vn 0.7514 0.6192 0.2281
vn -0.1472 -0.1750 0.9735
vn -0.0286 0.3544 0.9346
vn 0.1584 -0.4432 0.8823
vn 0.9723 -0.1521 0.1772
vn 0.9708 0.2367 -0.0384
vn 0.3964 0.7874 -0.4721
vn -0.2167 0.9761 0.0173
vn 0.2586 0.1280 -0.9575
vn -0.1270 0.4302 -0.8938
vn -0.5346 0.6960 -0.4793
vn -0.9290 0.2254 -0.2936
vn -0.5586 -0.1161 -0.8213
vn 0.1375 -0.3581 -0.9235
vn -0.6900 -0.6636 -0.2890
vn -0.9397 -0.3415 -0.0181
vn -0.2773 -0.8284 0.4867
vn -0.6477 -0.2867 0.7059
vn -0.1142 -0.8727 -0.4746
vn 0.3299 -0.9438 -0.0210
vn 0.5429 -0.7150 0.4404
vn -0.7147 0.4681 0.5196
vn 0.7605 -0.4111 -0.5027
vn 0.7701 0.2169 -0.6000
vn -0.7834 -0.5365 0.3137
vn -0.8057 0.5832 -0.1032
vn -0.9086 -0.4130 -0.0625
vn -0.2701 0.8377 0.4746
vn -0.7346 0.3192 0.5987
vn -0.2232 0.8133 -0.5372
vn -0.5224 0.3497 -0.7776
vn -0.6329 -0.4076 -0.6582
vn -0.1561 -0.9857 -0.0628
vn -0.1785 -0.7039 0.6875
vn 0.2680 -0.7902 -0.5511
vn 0.3341 -0.9425 0.0100
vn 0.2353 -0.7482 0.6204
vn 0.5087 -0.3970 0.7639
vn 0.9172 -0.3722 0.1422
vn 0.7580 0.4996 -0.4193
vn 0.7819 0.6170 0.0891
vn 0.7687 0.3234 0.5518
vn 0.1501 0.9887 0.0006
vn -0.3169 0.9482 -0.0211
vn -0.0135 0.6827 0.7306
vn 0.2018 0.7463 -0.6343
vn -0.0815 0.0119 0.9966
vn -0.0722 -0.7555 -0.6511
vn 0.0536 -0.0644 -0.9965
vn 0.6669 -0.3146 -0.6755
vn 0.0827 -0.7167 0.6924
vn 0.0879 -0.4515 -0.8879
vn 0.8897 -0.4487 -0.0839
vn 0.7469 0.6476 0.1509
vn -0.0749 0.7040 -0.7062
vn -0.0707 0.3929 0.9168
vn -0.7176 -0.6859 -0.1209
vn -0.9038 0.4122 0.1147
vn -0.4240 0.8859 0.1882
vn -0.6649 -0.5896 -0.4586
vn -0.8163 -0.1448 0.5591
vn 0.4102 -0.8868 -0.2130
vn 0.2763 -0.4365 0.8562
vn 0.6892 0.5771 0.4381
vn -0.2642 0.4072 -0.8743
vn -0.3260 -0.1893 -0.9262
vn 0.6183 -0.7399 0.2651
vn -0.3828 -0.9145 -0.1310
vn -0.8366 -0.0988 0.5388
vn -0.6821 0.6680 -0.2976
vn 0.2584 0.1745 0.9502
vn 0.3154 0.9448 0.0888
vn 0.7895 0.0748 -0.6092
vn 0.3742 0.5912 -0.7144
vn -0.9453 -0.2342 -0.2269
vn -0.5111 0.8592 -0.0226
vn 0.0197 0.4437 0.8960
vn -0.3321 -0.6255 0.7060
vn 0.9507 0.2110 0.2272
vn 0.0096 -0.4754 -0.8797
vn 0.5468 -0.8370 0.0230
vn -0.6598 0.2717 -0.7006
vn -0.3002 -0.8714 0.3880
vn -0.8895 0.1486 0.4321
vn 0.3849 0.8196 -0.4244
vn 0.6699 -0.3692 0.6441
vn 0.8975 -0.2522 -0.3619
vn -0.0718 -0.7169 -0.6935
vn 0.1335 0.6196 0.7735
vn -0.2542 -0.7227 0.6428
vn -0.9062 -0.4170 0.0707
vn -0.3852 -0.9204 0.0665
vn -0.6495 0.4376 0.6218
vn -0.5521 -0.2910 0.7814
vn -0.6103 0.4672 -0.6397
vn -0.5191 -0.3424 -0.7831
vn -0.2050 -0.7462 -0.6334
vn 0.2689 -0.9625 0.0364
vn 0.2091 -0.6459 0.7342
vn 0.7319 -0.3498 -0.5848
vn 0.9128 -0.3893 0.1238
vn 0.7129 -0.4110 0.5682
vn 0.9322 0.3617 -0.0123
vn 0.7267 0.1931 0.6593
vn 0.3363 0.6932 -0.6375
vn 0.5018 0.8625 -0.0658
vn 0.3869 0.7515 0.5344
vn -0.1562 0.9855 -0.0657
vn -0.8225 0.5635 0.0778
vn -0.1616 0.7088 0.6867
vn 0.0011 0.6916 -0.7222
vn 0.0392 -0.0556 0.9977
vn 0.0786 0.0047 -0.9969
vn 0.1516 -0.6398 -0.7535
vn 0.6217 0.3416 -0.7048
vn -0.1460 -0.3302 -0.9325
vn -0.8583 0.4174 0.2985
vn -0.2313 0.7462 -0.6242
vn 0.1664 0.3957 0.9032
vn 0.6689 0.7410 -0.0600
vn 0.8657 -0.3765 -0.3297
vn 0.2738 -0.7375 0.6173
vn -0.6570 -0.7536 0.0200
vn 0.3701 -0.1856 -0.9103
vn -0.3339 0.9426 0.0063
vn 0.7277 0.6449 -0.2338
vn -0.4241 0.2141 0.8800
vn 0.7005 -0.0960 0.7071
vn 0.2982 -0.9531 -0.0522
vn -0.7712 -0.6099 0.1822
vn -0.6893 0.1151 -0.7153
vn -0.6139 0.0533 0.7876
vn -0.9635 -0.1098 -0.2440
vn -0.8536 -0.3357 0.3984
vn -0.1755 0.4243 0.8884
vn -0.8499 0.5091 0.1363
vn -0.0471 0.9426 -0.3305
vn -0.4491 0.6745 -0.5859
vn -0.7337 0.1709 -0.6576
vn -0.6188 -0.6522 -0.4379
vn -0.4436 -0.8212 0.3589
vn 0.1682 -0.4317 -0.8862
vn 0.0360 -0.8860 -0.4624
vn 0.0361 -0.9548 0.2952
vn 0.8377 -0.5177 -0.1740
vn 0.4259 -0.6286 0.6507
vn 0.5603 -0.0409 -0.8272
vn 0.9826 0.1025 0.1552
vn 0.6932 -0.1834 0.6970
vn 0.6605 0.6479 0.3794
vn -0.1625 0.9321 0.3237
vn 0.3745 0.0843 0.9234
vn 0.8347 0.2921 -0.4669
vn 0.4394 0.7634 -0.4735
vn -0.0326 -0.3929 0.9190
vn 0.1181 0.3708 -0.9212
vn -0.3273 -0.2171 -0.9196
vn 0.8441 -0.2382 -0.4804
vn 0.7805 0.6226 -0.0556
vn 0.9857 -0.1639 0.0383
vn 0.6509 0.2581 -0.7140
vn 0.2929 0.9530 -0.0780
vn 0.2045 0.8866 0.4150
vn 0.6260 0.5501 0.5528
vn 0.9019 -0.1153 0.4163
vn 0.4514 -0.8878 0.0901
vn 0.3755 -0.7160 -0.5885
vn -0.1555 -0.6950 0.7020
vn -0.2085 -0.9677 0.1416
vn -0.1711 -0.8830 -0.4371
vn -0.7463 -0.6559 0.1133
vn -0.5371 -0.5746 -0.6175
vn -0.5677 -0.2330 0.7896
vn -0.7619 0.3145 0.5662
vn -0.9757 0.2060 0.0745
vn -0.7753 0.1053 -0.6228
vn -0.2874 0.5308 -0.7973
vn 0.2115 0.6908 -0.6915
vn -0.3503 0.9351 -0.0539
vn -0.2651 0.7650 0.5869
vn 0.0283 -0.2106 -0.9772
vn 0.3977 -0.4654 0.7907
vn 0.0016 0.2960 0.9552
vn -0.1083 -0.2900 0.9509
vn -0.6704 -0.6494 0.3588
vn 0.0210 -0.7756 0.6309
vn -0.9258 0.1618 0.3416
vn -0.6016 -0.0295 0.7983
vn -0.7282 -0.4616 -0.5066
vn -0.3639 -0.9042 -0.2236
vn 0.1426 -0.9809 0.1320
vn 0.7552 -0.4195 0.5037
vn 0.3935 0.1871 0.9001
vn 0.9107 -0.1703 -0.3763
vn 0.9731 0.1966 0.1200
vn 0.6965 0.5531 0.4570
vn 0.6580 0.6567 -0.3684
vn 0.2995 0.9228 0.2424
vn 0.6123 0.0392 -0.7896
vn -0.0209 0.8436 -0.5365
vn -0.0706 0.9950 -0.0704
vn -0.7557 0.4058 -0.5140
vn -0.9727 -0.2108 -0.0974
vn -0.5899 0.7940 0.1465
vn 0.1788 0.1703 -0.9690
vn -0.3965 -0.2138 -0.8928
vn -0.1605 0.6823 0.7132
vn 0.2085 -0.5705 -0.7944
vn 0.6574 -0.7416 -0.1333
vn -0.0261 -0.2653 -0.9638
vn 0.8835 0.4329 0.1792
vn 0.6942 -0.6830 -0.2271
vn -0.8816 -0.4251 -0.2053
vn 0.0035 0.2503 0.9682
vn -0.7238 0.6635 0.1893
vn 0.0683 0.8068 -0.5869
vn -0.0895 -0.8328 0.5463
vn 0.2647 0.3650 0.8926
vn -0.0551 0.9687 0.2421
vn -0.2576 0.4836 0.8365
vn 0.6486 0.6029 0.4645
vn 0.1598 0.8396 -0.5192
vn -0.2752 0.7704 -0.5752
vn -0.6167 0.7586 -0.2101
vn -0.6685 0.5556 0.4944
vn -0.2517 -0.2043 0.9460
vn 0.3718 -0.3068 0.8762
vn -0.7129 -0.6844 0.1528
vn -0.1442 -0.8213 0.5520
vn 0.3251 -0.7058 0.6295
vn 0.0512 -0.9700 -0.2376
vn 0.6538 -0.7247 0.2176
vn -0.5934 -0.5829 -0.5551
vn -0.2665 -0.4008 -0.8765
vn 0.2347 -0.4876 -0.8409
vn 0.7867 -0.4422 -0.4308
vn 0.7414 0.6523 -0.1575
vn 0.2904 0.2852 -0.9134
vn 0.9293 0.1459 -0.3393
vn -0.3821 0.2646 -0.8854
vn 0.8757 -0.0900 0.4744
vn -0.8515 0.1236 -0.5096
vn -0.9248 -0.0981 0.3677
vn -0.0127 0.6171 0.7868
vn 0.9373 -0.3102 -0.1589
vn 0.6046 0.7791 -0.1657
vn -0.3399 0.4732 -0.8127
vn -0.9411 0.2816 0.1873
vn -0.5664 -0.7983 0.2044
vn 0.3444 -0.4661 0.8149
vn 0.0170 -0.6445 -0.7644
vn 0.7327 -0.4447 -0.5152
vn 0.4219 0.7254 0.5439
vn 0.7212 -0.3950 0.5691
vn -0.4186 -0.6738 0.6089
vn -0.4665 -0.6253 -0.6256
vn -0.6825 0.5187 -0.5150
vn 0.4502 0.6741 -0.5856
vn 0.3647 0.7662 -0.5291
vn -0.9942 0.0822 -0.0700
vn -0.2855 0.9057 0.3132
vn 0.2019 0.1515 0.9676
vn 0.9916 -0.0646 0.1123
vn 0.2758 -0.9178 -0.2857
vn -0.2500 -0.1376 -0.9584
vn -0.3796 -0.7415 0.5532
vn -0.1529 -0.9520 -0.2650
vn 0.3074 -0.7672 0.5629
vn -0.3484 -0.8813 0.3192
vn 0.8893 -0.4093 -0.2040
vn 0.4378 -0.8739 -0.2112
vn 0.4843 0.0718 0.8720
vn 0.0821 -0.1702 0.9820
vn -0.3990 -0.4605 0.7929
vn -0.8438 -0.5185 -0.1385
vn -0.3598 -0.6332 -0.6852
vn -0.8179 0.5514 0.1642
vn -0.8477 0.2576 -0.4637
vn -0.4440 -0.1056 -0.8898
vn -0.2827 0.7895 -0.5447
vn 0.0061 0.2271 -0.9739
vn 0.1305 0.9375 0.3227
vn 0.4521 0.8494 -0.2723
vn 0.5498 0.3592 -0.7541
vn 0.9044 0.4158 0.0957
vn 0.8558 -0.1963 0.4786
vn 0.8574 0.0223 -0.5141
vn 0.4425 0.5554 0.7041
vn 0.2729 -0.4085 -0.8710
vn -0.2016 0.4339 0.8781
vn -0.7972 0.0118 0.6036
vn -0.3637 0.8762 0.3164
vn 1.0000 -0.0012 -0.0089
vn 0.4329 0.7980 0.4192
vn 0.7260 -0.0053 0.6877
vn 0.3512 0.8145 -0.4618
vn 0.7730 0.5512 -0.3140
vn -0.0173 0.9996 0.0203
vn -0.0796 0.5488 0.8322
vn 0.3836 0.0942 0.9187
vn 0.5180 -0.7589 0.3946
vn 0.7350 -0.6047 -0.3066
vn -0.3617 -0.8088 0.4637
vn 0.0639 -0.9974 -0.0343
vn 0.3668 -0.7890 -0.4928
vn -0.4569 -0.7492 -0.4795
vn 0.0291 -0.5775 -0.8159
vn -0.9929 -0.0526 -0.1072
vn -0.7475 -0.1222 -0.6529
vn -0.3434 -0.1401 -0.9287
vn 0.0052 0.4240 -0.9057
vn -0.5377 0.7031 -0.4654
vn -0.8493 0.4168 0.3239
vn -0.3432 0.7896 0.5087
vn 0.5682 -0.0771 -0.8193
vn -0.0257 -0.4874 0.8728
vn -0.5951 0.0431 0.8025
vn -0.8395 -0.4675 0.2769
vn 0.7565 0.6505 0.0672
vn 0.0580 0.4784 0.8762
vn 0.7021 0.3557 0.6169
vn -0.6633 0.7483 -0.0123
vn 0.1752 0.9843 0.0226
vn -0.6121 0.0281 0.7903
vn 0.0005 -0.0270 0.9996
vn 0.5114 -0.0295 0.8589
vn 0.7572 0.4261 -0.4950
vn 0.9943 -0.0602 0.0877
vn 0.6527 -0.4406 0.6163
vn 0.7004 -0.4728 -0.5347
vn 0.5896 -0.0292 -0.8072
vn -0.0235 -0.5693 -0.8218
vn -0.0259 0.0035 -0.9997
vn 0.5407 -0.8409 0.0239
vn -0.6010 -0.7982 -0.0416
vn -0.7198 -0.3149 -0.6186
vn -0.5920 0.0417 -0.8048
vn -0.7212 0.3423 -0.6022
vn -0.7612 0.3488 0.5467
vn -0.9961 0.0688 -0.0553
vn -0.7605 -0.3578 0.5419
vn 0.0744 0.5286 -0.8456
vn -0.0378 -0.5746 0.8175
vn -0.0855 -0.9963 -0.0105
vn -0.0830 -0.8580 0.5068
vn -0.9183 0.3833 -0.0989
vn -0.5713 -0.6473 -0.5046
vn 0.9121 -0.3937 0.1146
vn 0.3895 -0.1536 -0.9081
vn 0.5639 0.6424 0.5190
vn -0.3938 0.1528 0.9064
vn 0.7846 0.5323 -0.3178
vn 0.2646 -0.9634 -0.0420
vn 0.1755 -0.1880 -0.9664
vn -0.2103 0.9749 0.0724
vn -0.8187 0.2053 -0.5363
vn -0.0929 0.2139 0.9724
vn 0.8505 -0.1439 0.5060
vn 0.4485 0.0385 -0.8930
vn -0.1930 -0.9387 0.2857
vn -0.5572 -0.4663 -0.6870
vn -0.4536 -0.0306 0.8907
vn -0.8938 0.4425 -0.0730
vn 0.1544 0.9575 -0.2438
vn 0.8831 -0.4539 0.1185
vn 0.5131 0.4661 0.7208
vn -0.2246 0.7087 -0.6688
vn -0.4134 0.7650 -0.4939
vn -0.2806 0.7543 -0.5935
vn -0.4474 0.6493 -0.6150
vn -0.5324 0.7470 -0.3982
vn -0.4248 0.8548 -0.2982
vn -0.2039 0.9293 -0.3080
vn -0.5264 0.8322 -0.1742
vn 0.1490 0.3301 -0.9321
vn 0.0961 0.6160 -0.7819
vn -0.5623 0.0809 -0.8230
vn -0.1199 0.1828 -0.9758
vn -0.6492 -0.1356 -0.7485
vn -0.8106 -0.2840 -0.5121
vn -0.6637 0.4251 -0.6154
vn -0.9320 0.0046 -0.3624
vn -0.7996 0.5500 0.2413
vn -0.5982 0.6233 0.5036
vn -0.3937 0.8644 0.3126
vn -0.1652 0.9608 0.2228
vn 0.0389 0.9610 0.2737
vn 0.2624 0.9518 0.1590
vn 0.2756 0.8983 -0.3421
vn 0.1857 0.7072 -0.6821
vn 0.5918 0.6172 -0.5184
vn 0.6784 -0.1079 -0.7267
vn 0.5197 0.3455 -0.7813
vn 0.6147 0.7638 -0.1970
vn 0.7540 0.4326 -0.4944
vn 0.6686 -0.3885 -0.6341
vn 0.6922 0.7195 -0.0560
vn 0.9414 -0.0161 -0.3370
vn 0.2824 -0.2284 -0.9317
vn 0.5188 0.7441 0.4209
vn 0.4603 0.6890 0.5598
vn 0.8776 0.4361 0.1991
vn 0.6126 0.2554 0.7480
vn 0.7892 -0.2537 0.5593
vn 0.8076 -0.5652 0.1680
vn 0.6405 -0.7375 -0.2142
vn 0.4275 -0.7087 -0.5612
vn 0.2827 -0.5774 -0.7660
vn 0.3192 -0.5891 -0.7423
vn 0.4664 -0.8797 0.0923
vn 0.3225 -0.7474 0.5808
vn 0.2598 -0.9353 0.2404
vn 0.4896 -0.4773 0.7297
vn 0.4935 -0.7420 0.4537
vn -0.0687 -0.9610 0.2680
vn 0.1529 -0.5154 0.8432
vn 0.1472 -0.7596 0.6335
vn 0.2566 -0.8628 -0.4357
vn 0.4021 0.1197 0.9077
vn 0.2927 -0.5170 0.8044
vn 0.2533 0.0247 0.9671
vn -0.1931 -0.1960 0.9614
vn -0.2119 -0.4035 0.8901
vn -0.3898 -0.6963 0.6027
vn -0.4020 -0.8999 0.1690
vn -0.3837 -0.9232 0.0210
vn -0.2121 -0.9709 -0.1111
vn 0.0458 -0.9576 -0.2845
vn -0.9262 -0.3728 -0.0560
vn -0.8101 -0.3178 0.4928
vn -0.9260 -0.1472 0.3475
vn -0.5980 -0.7660 0.2359
vn -0.8227 -0.5481 0.1507
vn -0.7845 0.1195 0.6085
vn -0.7158 -0.5026 0.4848
vn -0.7483 0.0113 0.6633
vn -0.7558 -0.5058 -0.4159
vn -0.4437 -0.8943 -0.0581
vn -0.6172 -0.7455 -0.2514
vn -0.6143 -0.2559 0.7465
vn -0.3491 0.1554 0.9241
vn -0.4682 0.3146 0.8257
vn -0.5266 0.3590 0.7706
vn -0.9228 0.3706 -0.1050
vn 0.0513 -0.5403 -0.8399
vn -0.0439 -0.7375 -0.6739
vn -0.2978 -0.5695 -0.7662
vn 0.1432 -0.6918 -0.7077
vn 0.0083 -0.8073 -0.5901
vn -0.3613 -0.7546 -0.5478
vn -0.5239 -0.5535 -0.6474
vn -0.2779 -0.8947 -0.3495
vn 0.1112 -0.6764 -0.7281
vn 0.1644 0.8309 0.5316
vn 0.1079 0.6626 0.7412
vn 0.2543 0.7206 0.6451
vn 0.0718 0.7883 0.6111
vn -0.1720 0.5363 0.8263
vn 0.2325 0.4441 0.8653
vn 0.2622 0.5815 0.7701
vn -0.0226 0.3682 0.9295
vn 0.3982 0.8665 0.3011
vn -0.1844 0.6514 0.7360
vn 0.1015 -0.1148 0.9882
vn 0.8962 -0.1589 0.4142
vn 0.0645 0.8214 -0.5667
vn 0.2671 0.7863 0.5571
vn -0.6762 0.1380 0.7237
vn -0.2409 -0.7944 -0.5576
vn -0.0350 -0.8226 0.5675
vn 0.6799 -0.1379 -0.7202
vn -0.8826 0.1595 -0.4422
vn 0.2399 -0.3556 -0.9033
vn -0.5240 -0.7160 0.4613
vn -0.8101 -0.2839 -0.5130
vn -0.6322 0.7606 -0.1479
vn 0.5130 0.6963 -0.5020
vn -0.2430 0.3626 0.8997
vn 0.8423 0.2722 0.4653
vn 0.6271 -0.7720 0.1040
vn 0.6382 0.6112 0.4682
vn -0.2176 0.4031 -0.8889
vn -0.4421 0.8816 0.1655
vn -0.6335 -0.6077 -0.4790
vn -0.7779 -0.1661 0.6060
vn 0.4895 -0.8630 -0.1248
vn 0.2827 -0.3644 0.8873
vn 0.8175 0.1714 -0.5498
vn 0.1863 -0.2946 0.9373
vn -0.8236 0.5636 -0.0631
vn -0.7844 -0.5259 0.3289
vn 0.7882 -0.6155 -0.0019
vn -0.1841 0.1946 -0.9634
vn 0.7936 0.4569 -0.4017
vn 0.1887 0.8455 0.4995
vn -0.1796 -0.8405 -0.5111
vn 0.7709 0.1923 0.6072
vn -0.7679 -0.3751 0.5193
vn 0.2786 -0.8644 0.4185
vn 0.2892 -0.6360 -0.7155
vn -0.7745 -0.1760 -0.6076
vn 0.7537 0.3990 -0.5222
vn -0.2907 0.8660 -0.4069
vn -0.2918 0.6434 0.7077
vn 0.7262 -0.5619 0.3960
vn 0.1466 -0.9855 -0.0857
vn 0.8617 -0.4706 -0.1900
vn -0.3358 -0.8012 0.4953
vn 0.1940 -0.8057 0.5596
vn -0.5329 -0.6507 -0.5409
vn 0.1056 -0.5795 -0.8081
vn 0.6176 -0.3716 -0.6932
vn 0.9462 0.3038 -0.1115
vn 0.7892 0.0620 0.6109
vn 0.3463 0.7627 -0.5462
vn 0.5701 0.8213 0.0223
vn 0.5140 0.6156 0.5973
vn -0.1857 0.9782 0.0931
vn -0.1096 0.5088 0.8539
vn -0.7513 0.4916 -0.4404
vn -0.8922 0.4146 0.1794
vn -0.6266 0.2765 0.7286
vn -0.9097 -0.4063 0.0862
vn -0.4917 -0.8707 -0.0103
vn -0.6012 -0.2711 0.7517
vn -0.8085 -0.0743 -0.5837
vn 0.0928 -0.2513 0.9634
vn -0.1196 0.1837 -0.9757
vn 0.6224 0.2233 -0.7502
vn -0.2558 0.7621 -0.5947
vn 0.9268 -0.2804 -0.2497
vn 0.0645 0.4135 0.9082
vn 0.3116 -0.6295 0.7118
vn -0.5383 -0.8423 0.0265
vn -0.0576 -0.4273 -0.9023
vn -0.9348 0.2736 0.2266
vn -0.3226 0.5695 -0.7561
vn 0.5237 0.8490 -0.0706
vn -0.0275 -0.2355 0.9715
vn 0.5537 -0.3802 0.7409
vn 0.3753 -0.2085 0.9031
vn -0.1338 -0.6137 0.7782
vn 0.4471 -0.6774 0.5841
vn 0.8865 -0.2103 0.4122
vn 0.7955 -0.0443 0.6044
vn 0.9293 -0.2480 0.2736
vn -0.5869 -0.0930 0.8043
vn -0.2893 -0.0345 0.9566
vn -0.5798 -0.2493 0.7757
vn -0.7234 -0.5483 0.4196
vn -0.3306 -0.7809 0.5301
vn -0.6826 -0.6503 0.3334
vn -0.6665 -0.6522 0.3612
vn -0.4289 -0.8462 0.3163
vn 0.9354 -0.3524 -0.0296
vn 0.9794 -0.1957 -0.0504
vn 0.9861 -0.1376 0.0936
vn 0.9815 -0.0562 0.1830
vn 0.9375 0.1031 0.3323
vn 0.7807 0.2019 0.5913
vn 0.8618 0.2218 0.4563
vn 0.2293 0.0606 0.9715
vn 0.0149 0.4859 0.8739
vn -0.7230 0.5248 0.4492
vn -0.5746 0.1834 0.7976
vn 0.6661 0.4919 0.5606
vn -0.3576 0.7526 0.5529
vn -0.8041 0.5398 0.2493
vn 0.2905 0.8062 0.5154
vn -0.5848 0.7509 0.3068
vn -0.7477 -0.0187 0.6638
vn 0.8611 0.3110 0.4022
vn 0.8185 0.5497 0.1673
vn 0.1389 0.9772 0.1608
vn 0.7355 0.6658 -0.1253
vn 0.1396 0.9405 -0.3099
vn -0.6180 0.7739 -0.1387
vn -0.8804 0.4739 -0.0178
vn -0.9680 0.2507 0.0053
vn -0.9612 0.2576 0.0983
vn -0.8989 0.2239 0.3765
vn -0.8823 0.3674 -0.2941
vn -0.5854 0.3696 -0.7216
vn -0.8449 0.2293 -0.4833
vn -0.6501 0.5977 -0.4691
vn -0.1168 0.5420 -0.8322
vn -0.4541 0.2320 -0.8602
vn -0.7147 0.2129 -0.6663
vn -0.1249 0.2088 -0.9699
vn -0.9833 0.1617 -0.0831
vn 0.6828 0.6873 -0.2478
vn -0.0305 0.8413 -0.5397
vn 0.5746 0.5571 -0.5996
vn 0.5630 0.1729 -0.8081
vn 0.6886 0.0141 -0.7250
vn 0.2749 0.0401 -0.9606
vn -0.1307 0.0203 -0.9912
vn -0.6047 -0.1821 -0.7753
vn -0.9440 -0.0164 -0.3296
vn -0.8645 -0.3015 -0.4021
vn -0.9734 0.1043 -0.2041
vn -0.2987 -0.7801 -0.5497
vn 0.3881 -0.8187 -0.4232
vn -0.3503 -0.9213 -0.1688
vn -0.4960 -0.6385 -0.5884
vn 0.3648 -0.6835 -0.6323
vn 0.8526 -0.3835 -0.3549
vn 0.1265 -0.5591 -0.8194
vn 0.8012 -0.3949 -0.4496
vn -0.7265 -0.6745 0.1316
vn -0.7703 -0.6142 -0.1715
vn -0.8203 -0.4252 -0.3824
vn 0.6703 -0.2459 -0.7001
vn 0.8821 -0.0723 -0.4655
vn 0.9335 -0.1493 -0.3261
vn 0.9538 -0.1995 -0.2246
vn 0.3731 -0.9145 0.1563
vn -0.9844 -0.1080 0.1391
vn -0.9194 -0.3345 0.2069
vn -0.9232 -0.1898 0.3343
vn -0.9991 0.0264 0.0334
vn -0.9664 -0.2197 0.1332
vn -0.8810 -0.4183 0.2209
vn -0.9972 -0.0679 0.0327
vn -0.9438 -0.3098 0.1151
vn -0.9759 -0.2037 -0.0782
vn 0.9664 0.1587 0.2024
vn 0.9859 0.1091 -0.1271
vn 0.9288 0.3663 -0.0560
vn 0.9995 0.0309 0.0067
vn 0.9760 0.0153 -0.2172
vn 0.8389 0.5144 -0.1779
vn 0.9498 0.0230 -0.3120
vn 0.9293 0.2938 -0.2237
vn 0.9954 -0.0246 -0.0930
vn 0.6402 0.7206 -0.2663
vn -0.0742 -0.0703 -0.9948
vn 0.5087 -0.6350 -0.5814
vn -0.2114 -0.6126 -0.7616
vn 0.8716 0.2625 -0.4140
vn 0.5222 0.1044 -0.8464
vn 0.6680 -0.6994 0.2540
vn 0.2377 -0.9713 0.0032
vn -0.2552 -0.9283 -0.2703
vn -0.7816 -0.2835 -0.5555
vn -0.4777 0.3712 -0.7963
vn -0.8811 -0.2893 0.3742
vn -0.9452 0.3259 0.0204
vn -0.6211 0.7093 -0.3334
vn -0.4857 0.7174 0.4994
vn -0.2454 0.9693 0.0146
vn 0.0844 0.0384 0.9957
vn 0.2107 0.6850 0.6974
vn 0.2592 0.9483 0.1832
vn 0.8676 0.2803 0.4108
vn 0.9666 -0.2383 -0.0942
vn 0.6952 0.7140 -0.0829
vn 0.5199 -0.4233 0.7419
vn 0.1834 0.7878 -0.5880
vn -0.1398 -0.8495 0.5088
vn -0.6446 -0.7644 0.0150
vn -0.5219 -0.0796 0.8493
vn 0.1237 -0.9725 0.1975
vn -0.2166 0.0700 -0.9737
vn 0.7851 -0.3491 -0.5115
vn 0.8346 0.5283 0.1561
vn 0.2267 -0.0552 0.9724
vn -0.1290 0.9688 -0.2115
vn -0.7734 0.3728 0.5128
vn -0.8487 -0.5030 -0.1635
vn 0.6675 -0.6224 -0.4087
vn 0.8754 0.2668 -0.4031
vn 0.9365 -0.3478 0.0440
vn 0.4784 -0.2307 -0.8473
vn 0.4434 0.7279 -0.5231
vn 0.3589 0.9334 -0.0029
vn 0.7637 0.6195 0.1818
vn 0.8728 -0.0831 0.4810
vn 0.3716 -0.7979 0.4747
vn 0.0719 -0.9787 -0.1925
vn 0.4741 -0.1790 0.8621
vn -0.3130 -0.7915 0.5249
vn -0.3001 -0.9527 0.0473
vn -0.8429 -0.2665 0.4675
vn -0.7493 -0.6083 -0.2618
vn -0.5117 0.3307 0.7930
vn -0.5525 0.6694 0.4967
vn -0.9419 0.3355 0.0174
vn -0.8545 -0.0502 -0.5171
vn 0.1488 0.1645 -0.9751
vn -0.3831 0.8230 -0.4194
vn -0.4348 0.0291 -0.9000
vn -0.0584 0.9539 0.2945
vn -0.1654 -0.6349 -0.7547
vn 0.1795 0.6525 0.7362
vn -0.1345 -0.2827 0.9497
vn -0.1702 -0.9700 0.1737
vn 0.3680 -0.9256 -0.0890
vn 0.1732 -0.8806 0.4412
vn -0.0817 -0.5252 -0.8470
vn -0.2056 -0.9445 -0.2564
vn 0.9023 0.0335 -0.4299
vn 0.9300 -0.2361 0.2818
vn 0.6345 -0.3875 0.6688
vn -0.0960 -0.4722 0.8763
vn -0.6104 -0.7233 0.3229
vn 0.4703 0.1106 0.8755
vn 0.0906 0.5660 0.8194
vn -0.4465 0.3804 0.8099
vn -0.9317 0.0550 0.3589
vn -0.4371 0.8925 0.1113
vn -0.9394 0.2575 -0.2263
vn 0.2499 0.9488 -0.1933
vn -0.1876 0.8445 -0.5016
vn -0.7023 0.4013 -0.5880
vn 0.1290 0.4967 -0.8583
vn 0.4026 -0.3518 -0.8451
vn -0.4669 -0.0460 -0.8831
vn 0.5323 0.7861 -0.3141
vn -0.7553 -0.5552 -0.3482
vn 0.6954 0.6234 0.3574
vn 0.2456 0.9181 0.3112
vn 0.0583 0.8263 0.5602
vn -0.9644 0.0810 0.2518
vn -0.4033 0.2686 0.8748
vn 0.3419 0.9199 0.1922
vn -0.7002 0.7067 0.1015
vn 0.0386 0.9778 -0.2060
vn -0.9468 0.2787 -0.1608
vn -0.9985 0.0518 -0.0189
vn -0.0316 -0.2716 0.9619
vn -0.8024 -0.5281 0.2780
vn -0.8567 -0.5054 -0.1037
vn -0.0436 -0.9919 0.1193
vn 0.2582 -0.7541 0.6039
vn 0.9209 -0.3235 0.2174
vn -0.2141 -0.9712 -0.1044
vn 0.6760 -0.7348 -0.0565
vn -0.0299 -0.8030 -0.5952
vn 0.9553 -0.0554 -0.2904
vn 0.9996 -0.0114 -0.0269
vn 0.8650 0.4887 0.1142
vn 0.8347 0.4752 -0.2782
vn 0.5480 -0.3115 -0.7763
vn 0.0704 0.1827 -0.9806
vn -0.3529 0.7980 -0.4885
vn 0.8382 0.2612 0.4788
vn -0.8481 -0.2479 -0.4683
vn -0.1780 0.7800 0.5999
vn 0.6454 0.5457 0.5345
vn 0.1319 0.9605 0.2451
vn 0.3555 -0.3434 0.8693
vn 0.0561 0.3450 0.9369
vn 0.9462 -0.3139 0.0786
vn 0.9115 0.3650 -0.1897
vn 0.4552 0.8461 -0.2774
vn -0.3421 0.9275 -0.1504
vn -0.6394 0.6053 0.4741
vn -0.2974 0.2239 -0.9281
vn -0.7980 0.2761 -0.5358
vn -0.9754 0.1812 0.1255
vn -0.5613 -0.6977 -0.4451
vn -0.7785 -0.5483 0.3056
vn -0.0281 -0.4540 -0.8906
vn -0.1180 -0.9880 -0.0998
vn -0.3573 -0.8939 0.2708
vn 0.2904 -0.9389 0.1848
vn 0.7735 -0.3646 0.5185
vn -0.1462 -0.7611 0.6320
vn 0.0992 -0.8407 -0.5323
vn 0.6147 -0.6894 -0.3833
vn -0.5585 -0.1290 0.8194
vn 0.5282 -0.0228 -0.8488
vn 0.0961 0.6537 -0.7506
vn 0.9211 -0.3888 0.0213
vn -0.0301 0.7696 0.6378
vn 0.1384 -0.3613 0.9221
vn -0.6238 -0.7530 0.2094
vn 0.0134 -0.7554 -0.6551
vn -0.1465 0.3093 -0.9396
vn 0.6147 0.7402 -0.2724
vn -0.9280 0.3655 -0.0722
vn -0.3353 0.8266 -0.4520
vn -0.7635 -0.3077 0.5678
vn -0.2692 0.7647 0.5854
vn 0.7601 0.1906 0.6212
vn 0.6870 0.3394 -0.6425
vn 0.2309 -0.8530 0.4681
vn 0.1865 -0.7740 -0.6050
vn -0.8108 -0.1760 -0.5583
vn 0.3428 0.9393 0.0156
vn -0.1969 0.9387 0.2830
vn -0.9507 -0.2243 0.2141
vn -0.1350 0.9790 0.1526
vn -0.4258 0.1994 -0.8826
vn 0.8067 0.1150 -0.5797
vn -0.7117 0.4448 0.5438
vn 0.0701 0.8675 -0.4925
vn -0.8067 -0.4849 0.3378
vt 0.598524 0.622083
vt 0.595818 0.618643
vt 0.598645 0.618643
vt 0.573485 0.618954
vt 0.576090 0.622004
vt 0.573485 0.622079
vt 0.504784 0.618693
vt 0.502230 0.622212
vt 0.502230 0.618531
vt 0.578893 0.618931
vt 0.576295 0.621874
vt 0.576325 0.618931
vt 0.510496 0.607180
vt 0.507731 0.609580
vt 0.507718 0.606091
vt 0.510344 0.618434
vt 0.507718 0.616193
vt 0.510375 0.614987
vt 0.620751 0.430823
vt 0.617983 0.432803
vt 0.617983 0.430061
vt 0.581277 0.490597
vt 0.578692 0.487552
vt 0.581547 0.487463
vt 0.418529 0.618993
vt 0.421296 0.620968
vt 0.418520 0.621951
vt 0.485117 0.618824
vt 0.482738 0.622096
vt 0.482398 0.618807
vt 0.418481 0.578957
vt 0.421659 0.582083
vt 0.418394 0.582369
vt 0.488488 0.622190
vt 0.485802 0.619842
vt 0.488488 0.619422
vt 0.587446 0.624592
vt 0.589354 0.622739
vt 0.589354 0.624891
vt 0.485788 0.624967
vt 0.487650 0.622510
vt 0.487581 0.624545
vt 0.624782 0.470933
vt 0.622998 0.469065
vt 0.624878 0.468598
vt 0.573485 0.622424
vt 0.575645 0.624426
vt 0.573485 0.624700
vt 0.580444 0.598539
vt 0.581947 0.600079
vt 0.580306 0.600702
vt 0.420931 0.624252
vt 0.422542 0.622611
vt 0.422542 0.624743
vt 0.579962 0.613897
vt 0.581987 0.615172
vt 0.580163 0.615366
vt 0.606528 0.622720
vt 0.604633 0.624524
vt 0.604596 0.622415
vt 0.623856 0.402993
vt 0.622041 0.401120
vt 0.623890 0.401331
vt 0.504923 0.624474
vt 0.502892 0.622578
vt 0.504923 0.622212
vt 0.623873 0.399709
vt 0.622082 0.399313
vt 0.581779 0.617224
vt 0.579962 0.617169
vt 0.457874 0.419977
vt 0.458005 0.426457
vt 0.454608 0.424423
vt 0.461216 0.414701
vt 0.461846 0.421758
vt 0.464234 0.408647
vt 0.465204 0.415900
vt 0.467530 0.402933
vt 0.468059 0.409785
vt 0.471207 0.397033
vt 0.471405 0.404113
vt 0.474299 0.391084
vt 0.475358 0.398140
vt 0.461548 0.428051
vt 0.466235 0.424412
vt 0.469321 0.417448
vt 0.472201 0.411059
vt 0.475662 0.405145
vt 0.479716 0.391248
vt 0.479565 0.399011
vt 0.465367 0.429970
vt 0.470628 0.426494
vt 0.474272 0.419670
vt 0.476427 0.412295
vt 0.479472 0.406041
vt 0.484167 0.391997
vt 0.483637 0.399830
vt 0.469889 0.432820
vt 0.474993 0.428095
vt 0.478100 0.420629
vt 0.480537 0.413423
vt 0.483337 0.406973
vt 0.428287 0.508204
vt 0.431146 0.514295
vt 0.428153 0.514970
vt 0.432603 0.544250
vt 0.437176 0.549189
vt 0.434947 0.550140
vt 0.432047 0.536033
vt 0.435808 0.541965
vt 0.480697 0.420808
vt 0.485451 0.414855
vt 0.434063 0.519996
vt 0.431410 0.521074
vt 0.431915 0.508420
vt 0.434338 0.513825
vt 0.439951 0.547131
vt 0.424839 0.441792
vt 0.427589 0.448688
vt 0.424839 0.449311
vt 0.433443 0.527275
vt 0.437489 0.533439
vt 0.434959 0.534427
vt 0.436349 0.525909
vt 0.436827 0.518767
vt 0.434658 0.508192
vt 0.436969 0.512898
vt 0.450850 0.423007
vt 0.450910 0.427640
vt 0.448952 0.425789
vt 0.453571 0.418826
vt 0.456771 0.413433
vt 0.460055 0.407313
vt 0.463121 0.401392
vt 0.465967 0.395953
vt 0.468713 0.390895
vt 0.470700 0.387094
vt 0.475426 0.385610
vt 0.482881 0.386853
vt 0.503874 0.380377
vt 0.500599 0.375906
vt 0.504629 0.375000
vt 0.433084 0.503085
vt 0.435667 0.503172
vt 0.437154 0.507856
vt 0.437975 0.503434
vt 0.439606 0.506684
vt 0.439736 0.511421
vt 0.439766 0.517152
vt 0.439799 0.524390
vt 0.441010 0.532052
vt 0.442214 0.538879
vt 0.438539 0.540780
vt 0.443322 0.544628
vt 0.539572 0.435547
vt 0.540398 0.441502
vt 0.538124 0.441190
vt 0.536055 0.434946
vt 0.534956 0.441012
vt 0.531971 0.436468
vt 0.531258 0.441410
vt 0.464377 0.434946
vt 0.460592 0.433185
vt 0.456995 0.431277
vt 0.453754 0.429244
vt 0.517510 0.454466
vt 0.519895 0.458781
vt 0.517554 0.460623
vt 0.519824 0.452041
vt 0.522820 0.456425
vt 0.523136 0.449987
vt 0.527043 0.456056
vt 0.527099 0.449142
vt 0.530756 0.455247
vt 0.530889 0.448634
vt 0.534319 0.454113
vt 0.534438 0.447646
vt 0.537741 0.453022
vt 0.519842 0.465688
vt 0.517401 0.467068
vt 0.522689 0.463822
vt 0.526846 0.462695
vt 0.530748 0.461658
vt 0.534423 0.460640
vt 0.538037 0.459368
vt 0.519762 0.472831
vt 0.517491 0.473828
vt 0.523035 0.471590
vt 0.526859 0.470241
vt 0.530802 0.468870
vt 0.534630 0.467645
vt 0.538418 0.466408
vt 0.519639 0.480179
vt 0.517393 0.480681
vt 0.523368 0.478815
vt 0.527083 0.477585
vt 0.530855 0.476467
vt 0.534683 0.475088
vt 0.538409 0.473947
vt 0.605853 0.529582
vt 0.602932 0.525981
vt 0.606490 0.525076
vt 0.523356 0.486172
vt 0.519576 0.487602
vt 0.527102 0.485091
vt 0.530966 0.483896
vt 0.534611 0.481894
vt 0.537953 0.480533
vt 0.510291 0.500963
vt 0.504427 0.503335
vt 0.506053 0.500480
vt 0.523257 0.493875
vt 0.520323 0.493278
vt 0.527176 0.492873
vt 0.531203 0.490258
vt 0.534652 0.487730
vt 0.537650 0.485962
vt 0.446601 0.428285
vt 0.445489 0.425398
vt 0.448789 0.431526
vt 0.451928 0.433695
vt 0.523834 0.445752
vt 0.527415 0.443532
vt 0.537677 0.447001
vt 0.540825 0.445460
vt 0.540783 0.452106
vt 0.540938 0.458772
vt 0.541541 0.465568
vt 0.541956 0.473100
vt 0.541003 0.479709
vt 0.427939 0.402668
vt 0.423289 0.401632
vt 0.425562 0.398748
vt 0.421851 0.398755
vt 0.423024 0.395813
vt 0.537881 0.490597
vt 0.535061 0.493003
vt 0.531650 0.495995
vt 0.527546 0.499487
vt 0.523614 0.499994
vt 0.520847 0.498231
vt 0.502417 0.498916
vt 0.506708 0.497356
vt 0.503920 0.496648
vt 0.510678 0.497791
vt 0.515216 0.497432
vt 0.432791 0.419660
vt 0.428731 0.421081
vt 0.428153 0.417744
vt 0.515216 0.468017
vt 0.515521 0.474718
vt 0.515418 0.461607
vt 0.515541 0.455674
vt 0.496726 0.497741
vt 0.497126 0.491602
vt 0.499635 0.495588
vt 0.493576 0.499535
vt 0.493635 0.492957
vt 0.422365 0.379660
vt 0.414777 0.377726
vt 0.421403 0.377289
vt 0.421696 0.384508
vt 0.414577 0.382039
vt 0.420556 0.389650
vt 0.414889 0.385125
vt 0.414985 0.393588
vt 0.415466 0.388227
vt 0.494423 0.486633
vt 0.407856 0.375000
vt 0.414128 0.376201
vt 0.407651 0.379685
vt 0.407563 0.384047
vt 0.407696 0.387120
vt 0.407947 0.390331
vt 0.490218 0.487691
vt 0.492551 0.479909
vt 0.400620 0.377098
vt 0.400665 0.380923
vt 0.400779 0.385495
vt 0.400773 0.388651
vt 0.407795 0.395730
vt 0.400846 0.392611
vt 0.488221 0.480316
vt 0.490070 0.473464
vt 0.393365 0.378497
vt 0.393549 0.382372
vt 0.393603 0.386160
vt 0.393596 0.389758
vt 0.401102 0.397843
vt 0.394082 0.394468
vt 0.485831 0.473185
vt 0.487593 0.466758
vt 0.387703 0.382871
vt 0.388026 0.386489
vt 0.602534 0.524377
vt 0.603943 0.518471
vt 0.604918 0.525076
vt 0.386822 0.391919
vt 0.394519 0.399199
vt 0.386829 0.395774
vt 0.382704 0.383678
vt 0.387032 0.379242
vt 0.383139 0.386777
vt 0.606426 0.513604
vt 0.606646 0.519229
vt 0.600273 0.517581
vt 0.603875 0.512752
vt 0.598229 0.516742
vt 0.599999 0.511452
vt 0.387494 0.400436
vt 0.379571 0.397807
vt 0.502574 0.494060
vt 0.500196 0.501517
vt 0.524374 0.503399
vt 0.427791 0.381363
vt 0.425933 0.387067
vt 0.424307 0.391888
vt 0.419820 0.394069
vt 0.419301 0.398722
vt 0.414794 0.399045
vt 0.407975 0.400818
vt 0.401323 0.402593
vt 0.394784 0.404060
vt 0.387748 0.405352
vt 0.380148 0.401988
vt 0.380629 0.406714
vt 0.375187 0.405161
vt 0.374955 0.401662
vt 0.595106 0.509694
vt 0.600442 0.505972
vt 0.604225 0.507607
vt 0.606646 0.508514
vt 0.383350 0.390008
vt 0.379292 0.390322
vt 0.379152 0.387305
vt 0.510743 0.611666
vt 0.508549 0.613826
vt 0.507718 0.610773
vt 0.489988 0.460797
vt 0.491368 0.466759
vt 0.493871 0.473328
vt 0.496300 0.479608
vt 0.498285 0.485966
vt 0.500651 0.490456
vt 0.473773 0.380935
vt 0.475565 0.375000
vt 0.478664 0.380072
vt 0.513669 0.440567
vt 0.506094 0.438716
vt 0.511880 0.434946
vt 0.508464 0.442992
vt 0.501058 0.442698
vt 0.503574 0.446582
vt 0.496289 0.445199
vt 0.509774 0.417206
vt 0.506585 0.423889
vt 0.506660 0.416836
vt 0.509742 0.423988
vt 0.506374 0.428877
vt 0.507645 0.386128
vt 0.503286 0.391446
vt 0.503492 0.385202
vt 0.507711 0.392918
vt 0.503093 0.400428
vt 0.507259 0.401718
vt 0.502993 0.408271
vt 0.506863 0.409572
vt 0.502899 0.415669
vt 0.502863 0.422676
vt 0.502927 0.427489
vt 0.498929 0.390296
vt 0.499372 0.383779
vt 0.499142 0.399267
vt 0.499199 0.406875
vt 0.499188 0.414057
vt 0.499067 0.421512
vt 0.499364 0.426798
vt 0.495151 0.389996
vt 0.495980 0.384681
vt 0.495041 0.397735
vt 0.495253 0.405561
vt 0.495454 0.412800
vt 0.495395 0.419931
vt 0.495381 0.426748
vt 0.434977 0.498099
vt 0.440449 0.494326
vt 0.437741 0.498927
vt 0.491070 0.396287
vt 0.492012 0.389784
vt 0.491374 0.404212
vt 0.491750 0.411576
vt 0.491821 0.418592
vt 0.491253 0.426293
vt 0.493058 0.384894
vt 0.488993 0.388903
vt 0.490435 0.384605
vt 0.488049 0.395293
vt 0.488372 0.403000
vt 0.488628 0.410309
vt 0.488495 0.417418
vt 0.488167 0.424450
vt 0.468332 0.384541
vt 0.469547 0.377968
vt 0.515216 0.446771
vt 0.510710 0.448030
vt 0.505907 0.450441
vt 0.499045 0.448885
vt 0.512652 0.417941
vt 0.512735 0.424904
vt 0.509818 0.430568
vt 0.492451 0.455182
vt 0.488633 0.456573
vt 0.490369 0.452403
vt 0.506465 0.432764
vt 0.503177 0.431688
vt 0.499719 0.431023
vt 0.605560 0.502936
vt 0.602011 0.501108
vt 0.491295 0.432401
vt 0.487700 0.430941
vt 0.486039 0.428203
vt 0.485763 0.423258
vt 0.485930 0.416427
vt 0.486078 0.409285
vt 0.486259 0.401993
vt 0.374955 0.431989
vt 0.378773 0.427426
vt 0.378406 0.433636
vt 0.485763 0.394333
vt 0.486286 0.387527
vt 0.488226 0.383679
vt 0.441494 0.500840
vt 0.439642 0.503628
vt 0.439885 0.499483
vt 0.429605 0.502430
vt 0.499989 0.379573
vt 0.507869 0.380890
vt 0.480137 0.385423
vt 0.446724 0.421010
vt 0.444395 0.414382
vt 0.449063 0.416320
vt 0.442028 0.419752
vt 0.439048 0.412806
vt 0.432944 0.415661
vt 0.437114 0.418083
vt 0.428159 0.413631
vt 0.434116 0.410693
vt 0.510118 0.494065
vt 0.513892 0.489260
vt 0.514928 0.494034
vt 0.506019 0.493695
vt 0.508853 0.489495
vt 0.447144 0.408923
vt 0.451928 0.411073
vt 0.441892 0.406964
vt 0.429258 0.408464
vt 0.436103 0.404851
vt 0.512378 0.483565
vt 0.504500 0.489901
vt 0.507155 0.484529
vt 0.450310 0.403140
vt 0.455162 0.405280
vt 0.445099 0.400878
vt 0.438895 0.398243
vt 0.430890 0.402460
vt 0.510320 0.476681
vt 0.502428 0.485516
vt 0.505002 0.478381
vt 0.458272 0.399553
vt 0.453639 0.397481
vt 0.448810 0.395034
vt 0.433793 0.395791
vt 0.442847 0.391696
vt 0.508241 0.469277
vt 0.500202 0.479283
vt 0.502513 0.471213
vt 0.461261 0.394281
vt 0.456849 0.392064
vt 0.452238 0.389334
vt 0.440959 0.382073
vt 0.446709 0.385332
vt 0.500180 0.463664
vt 0.505716 0.461902
vt 0.497691 0.472618
vt 0.464389 0.389218
vt 0.460355 0.386678
vt 0.455901 0.383945
vt 0.510950 0.460370
vt 0.503467 0.456647
vt 0.508354 0.454518
vt 0.498576 0.458078
vt 0.493609 0.459329
vt 0.441380 0.423751
vt 0.436850 0.422054
vt 0.495253 0.465532
vt 0.490121 0.457293
vt 0.496761 0.453724
vt 0.463411 0.589593
vt 0.467770 0.586911
vt 0.467757 0.592079
vt 0.501337 0.452396
vt 0.512987 0.453550
vt 0.459890 0.379601
vt 0.464336 0.382131
vt 0.423010 0.433268
vt 0.416812 0.430942
vt 0.421953 0.428163
vt 0.418085 0.436711
vt 0.411075 0.434632
vt 0.404458 0.441272
vt 0.412146 0.441175
vt 0.397664 0.440314
vt 0.403954 0.435527
vt 0.391537 0.440711
vt 0.397459 0.435188
vt 0.442507 0.504454
vt 0.447166 0.508431
vt 0.443177 0.509560
vt 0.416217 0.425786
vt 0.421509 0.423320
vt 0.410430 0.428855
vt 0.403478 0.430169
vt 0.391360 0.436019
vt 0.396950 0.430594
vt 0.385142 0.437503
vt 0.390735 0.431569
vt 0.473707 0.565499
vt 0.478604 0.559225
vt 0.478132 0.565289
vt 0.474000 0.559713
vt 0.479088 0.552426
vt 0.473792 0.546191
vt 0.474212 0.553378
vt 0.473215 0.539574
vt 0.478579 0.544895
vt 0.396220 0.426061
vt 0.384512 0.432748
vt 0.389827 0.427039
vt 0.484040 0.558832
vt 0.483238 0.565260
vt 0.484838 0.551408
vt 0.477682 0.538076
vt 0.484035 0.543399
vt 0.477062 0.531553
vt 0.482903 0.536137
vt 0.383793 0.427725
vt 0.388729 0.422306
vt 0.417058 0.416304
vt 0.421562 0.408195
vt 0.422832 0.413755
vt 0.410313 0.418810
vt 0.416543 0.410322
vt 0.401976 0.413940
vt 0.409743 0.412371
vt 0.395252 0.421438
vt 0.402482 0.420311
vt 0.394531 0.415672
vt 0.383164 0.422501
vt 0.388058 0.416745
vt 0.419947 0.403344
vt 0.415602 0.404440
vt 0.401608 0.407830
vt 0.408661 0.406141
vt 0.394811 0.409420
vt 0.387656 0.410932
vt 0.382133 0.417400
vt 0.444356 0.547486
vt 0.447166 0.542183
vt 0.447124 0.547485
vt 0.446429 0.536880
vt 0.445322 0.530532
vt 0.444504 0.522686
vt 0.443921 0.515812
vt 0.446013 0.502115
vt 0.379512 0.438239
vt 0.378152 0.422135
vt 0.377589 0.416924
vt 0.381301 0.412098
vt 0.377182 0.407998
vt 0.425416 0.405753
vt 0.428153 0.410945
vt 0.477802 0.571592
vt 0.482593 0.571206
vt 0.473215 0.571474
vt 0.426972 0.421252
vt 0.427158 0.426145
vt 0.427795 0.431084
vt 0.496205 0.601495
vt 0.499845 0.597278
vt 0.499080 0.601620
vt 0.495762 0.593007
vt 0.496547 0.597200
vt 0.585826 0.535859
vt 0.590378 0.537083
vt 0.586108 0.538256
vt 0.594053 0.533513
vt 0.589609 0.533376
vt 0.493059 0.603404
vt 0.495486 0.605072
vt 0.492915 0.600953
vt 0.492706 0.597199
vt 0.492439 0.590995
vt 0.492532 0.593362
vt 0.494650 0.589711
vt 0.498513 0.593086
vt 0.500670 0.588995
vt 0.502083 0.592730
vt 0.594677 0.535336
vt 0.597697 0.538547
vt 0.595212 0.538956
vt 0.591097 0.540374
vt 0.586832 0.541546
vt 0.583596 0.540611
vt 0.583888 0.542619
vt 0.497965 0.604794
vt 0.502083 0.601776
vt 0.500602 0.604898
vt 0.608661 0.473414
vt 0.604467 0.469495
vt 0.608266 0.469497
vt 0.609159 0.478136
vt 0.604504 0.473874
vt 0.600433 0.474149
vt 0.599729 0.469524
vt 0.600609 0.477946
vt 0.610076 0.467127
vt 0.608183 0.466003
vt 0.611386 0.472967
vt 0.611724 0.469010
vt 0.611433 0.476766
vt 0.611470 0.480140
vt 0.609128 0.482208
vt 0.604517 0.478544
vt 0.604428 0.482144
vt 0.597465 0.481212
vt 0.597225 0.478134
vt 0.596875 0.474367
vt 0.596507 0.470204
vt 0.606360 0.419131
vt 0.606224 0.414660
vt 0.609017 0.416712
vt 0.599928 0.465656
vt 0.604402 0.465364
vt 0.389279 0.609297
vt 0.386402 0.605098
vt 0.389384 0.604691
vt 0.385354 0.609166
vt 0.382283 0.605101
vt 0.386095 0.600625
vt 0.389194 0.600502
vt 0.382566 0.601136
vt 0.602429 0.412429
vt 0.606199 0.411820
vt 0.388067 0.612834
vt 0.381067 0.612445
vt 0.384397 0.612642
vt 0.378372 0.612343
vt 0.381938 0.609170
vt 0.379023 0.605048
vt 0.379334 0.601254
vt 0.379663 0.598076
vt 0.382351 0.597118
vt 0.385346 0.597406
vt 0.388679 0.596924
vt 0.603386 0.403731
vt 0.606940 0.401179
vt 0.606758 0.404198
vt 0.606429 0.407754
vt 0.602830 0.407845
vt 0.599659 0.486797
vt 0.603982 0.490681
vt 0.598993 0.490706
vt 0.607596 0.486707
vt 0.603488 0.485887
vt 0.600020 0.495131
vt 0.608370 0.490656
vt 0.604427 0.494875
vt 0.492349 0.588144
vt 0.599755 0.483995
vt 0.607282 0.483212
vt 0.603159 0.482208
vt 0.609733 0.484431
vt 0.610832 0.486885
vt 0.610954 0.490690
vt 0.608218 0.494484
vt 0.611343 0.497289
vt 0.608744 0.498106
vt 0.604807 0.498295
vt 0.600964 0.497914
vt 0.601292 0.537952
vt 0.598663 0.535503
vt 0.596586 0.490796
vt 0.596507 0.495007
vt 0.596507 0.487004
vt 0.489761 0.601398
vt 0.486255 0.597275
vt 0.489171 0.597210
vt 0.609893 0.412032
vt 0.613981 0.407845
vt 0.614378 0.412936
vt 0.489423 0.593162
vt 0.610303 0.403520
vt 0.614378 0.403064
vt 0.490849 0.604907
vt 0.485788 0.602403
vt 0.612708 0.416718
vt 0.610069 0.407769
vt 0.609689 0.399901
vt 0.613722 0.398898
vt 0.485842 0.592508
vt 0.490263 0.590091
vt 0.592016 0.544084
vt 0.588796 0.548744
vt 0.587549 0.545527
vt 0.597161 0.546072
vt 0.593109 0.547993
vt 0.593995 0.550733
vt 0.589615 0.552940
vt 0.582928 0.546158
vt 0.596014 0.542683
vt 0.600525 0.544115
vt 0.601292 0.547286
vt 0.598357 0.549683
vt 0.376052 0.600406
vt 0.375854 0.604841
vt 0.378443 0.609330
vt 0.374955 0.609670
vt 0.376065 0.613269
vt 0.585784 0.552781
vt 0.584475 0.549566
vt 0.623546 0.419815
vt 0.621576 0.422246
vt 0.621576 0.419131
vt 0.622425 0.453412
vt 0.624136 0.449947
vt 0.624113 0.453579
vt 0.620687 0.375459
vt 0.622692 0.378005
vt 0.620590 0.378685
vt 0.579962 0.605532
vt 0.581883 0.608945
vt 0.579962 0.609234
vt 0.550798 0.434220
vt 0.553753 0.430913
vt 0.553753 0.434600
vt 0.582183 0.503663
vt 0.579200 0.500418
vt 0.582183 0.500063
vt 0.512175 0.590601
vt 0.517773 0.598368
vt 0.510993 0.597697
vt 0.523056 0.590331
vt 0.516672 0.589885
vt 0.524992 0.597663
vt 0.520206 0.605821
vt 0.514586 0.603773
vt 0.596685 0.602898
vt 0.601497 0.599783
vt 0.600613 0.606050
vt 0.595818 0.597333
vt 0.603020 0.591583
vt 0.607411 0.593810
vt 0.607411 0.601278
vt 0.605679 0.607580
vt 0.595448 0.592525
vt 0.589789 0.585315
vt 0.595818 0.585975
vt 0.593434 0.599805
vt 0.588271 0.592134
vt 0.587586 0.600917
vt 0.582033 0.593375
vt 0.584194 0.587115
vt 0.572584 0.614858
vt 0.567635 0.607445
vt 0.573485 0.607471
vt 0.567124 0.616238
vt 0.561746 0.608964
vt 0.563724 0.603245
vt 0.568388 0.600736
vt 0.573435 0.601137
vt 0.423256 0.546233
vt 0.428153 0.546642
vt 0.425439 0.550140
vt 0.420802 0.540776
vt 0.425767 0.540884
vt 0.422933 0.535085
vt 0.428153 0.535160
vt 0.519080 0.585843
vt 0.598701 0.585825
vt 0.598347 0.590464
vt 0.618331 0.507025
vt 0.623301 0.505217
vt 0.622343 0.511793
vt 0.583274 0.604777
vt 0.589082 0.607450
vt 0.595818 0.604215
vt 0.599735 0.418309
vt 0.595766 0.418270
vt 0.598274 0.414939
vt 0.601913 0.422250
vt 0.597613 0.422134
vt 0.593526 0.421824
vt 0.599518 0.426059
vt 0.595191 0.425361
vt 0.600050 0.410761
vt 0.596253 0.411157
vt 0.597856 0.408854
vt 0.601153 0.414478
vt 0.602429 0.417668
vt 0.479503 0.594447
vt 0.478617 0.597115
vt 0.476759 0.593302
vt 0.536942 0.535113
vt 0.534726 0.538681
vt 0.534726 0.534681
vt 0.537350 0.539799
vt 0.535319 0.542686
vt 0.537613 0.543369
vt 0.536057 0.546326
vt 0.596773 0.428051
vt 0.592624 0.428952
vt 0.590955 0.424486
vt 0.590456 0.420090
vt 0.591886 0.417813
vt 0.594046 0.414561
vt 0.564723 0.526234
vt 0.570032 0.526246
vt 0.569214 0.529062
vt 0.565678 0.523512
vt 0.570804 0.523310
vt 0.574323 0.528229
vt 0.573701 0.531101
vt 0.574885 0.525616
vt 0.594687 0.407045
vt 0.596918 0.406155
vt 0.592410 0.410804
vt 0.590456 0.414288
vt 0.563284 0.517818
vt 0.567408 0.517920
vt 0.566766 0.520869
vt 0.571524 0.520369
vt 0.575686 0.522736
vt 0.577990 0.523681
vt 0.578433 0.526489
vt 0.561399 0.613501
vt 0.558578 0.611476
vt 0.561385 0.610026
vt 0.558694 0.608013
vt 0.561399 0.606264
vt 0.558937 0.605572
vt 0.560938 0.603195
vt 0.593319 0.403462
vt 0.594515 0.398898
vt 0.595749 0.402900
vt 0.556158 0.612485
vt 0.554132 0.609007
vt 0.556357 0.608690
vt 0.582689 0.525540
vt 0.586348 0.525734
vt 0.586064 0.528030
vt 0.590751 0.524731
vt 0.590064 0.527885
vt 0.583164 0.522174
vt 0.586770 0.522579
vt 0.557098 0.605008
vt 0.558611 0.614946
vt 0.580793 0.524603
vt 0.578825 0.521154
vt 0.581324 0.520527
vt 0.579374 0.517649
vt 0.582188 0.516340
vt 0.582188 0.515347
vt 0.584577 0.514531
vt 0.583530 0.518838
vt 0.587799 0.517301
vt 0.591296 0.519588
vt 0.593745 0.521277
vt 0.594060 0.525363
vt 0.593333 0.528681
vt 0.589386 0.529878
vt 0.592472 0.531101
vt 0.595044 0.505548
vt 0.590052 0.507866
vt 0.591140 0.503356
vt 0.593814 0.510379
vt 0.588973 0.512346
vt 0.587661 0.501992
vt 0.585744 0.510215
vt 0.586563 0.505592
vt 0.483836 0.594102
vt 0.482185 0.598242
vt 0.480041 0.591505
vt 0.484256 0.588299
vt 0.480620 0.586533
vt 0.484838 0.582697
vt 0.595106 0.518212
vt 0.592703 0.514967
vt 0.582878 0.512912
vt 0.583210 0.509494
vt 0.584058 0.505616
vt 0.584782 0.501108
vt 0.540280 0.545074
vt 0.537851 0.545791
vt 0.540292 0.541241
vt 0.540303 0.536872
vt 0.469254 0.585401
vt 0.472752 0.582183
vt 0.472957 0.587345
vt 0.469756 0.580397
vt 0.473071 0.576360
vt 0.476613 0.584389
vt 0.476419 0.589168
vt 0.476982 0.578330
vt 0.599237 0.407245
vt 0.468007 0.584053
vt 0.468196 0.579359
vt 0.470214 0.575368
vt 0.559596 0.602364
vt 0.474656 0.572733
vt 0.478378 0.574586
vt 0.481230 0.577635
vt 0.481057 0.581339
vt 0.473275 0.591753
vt 0.468928 0.590367
vt 0.567475 0.513535
vt 0.572602 0.511952
vt 0.572186 0.516277
vt 0.567280 0.507540
vt 0.572904 0.508172
vt 0.576379 0.515060
vt 0.575968 0.518732
vt 0.576763 0.511316
vt 0.564506 0.516032
vt 0.563307 0.512020
vt 0.564719 0.504636
vt 0.563284 0.507133
vt 0.538332 0.549690
vt 0.582677 0.501530
vt 0.582188 0.506859
vt 0.576810 0.508863
vt 0.579571 0.511294
vt 0.579674 0.514071
vt 0.569683 0.415767
vt 0.564681 0.411755
vt 0.570137 0.409979
vt 0.564421 0.417481
vt 0.558459 0.414114
vt 0.564784 0.405483
vt 0.569487 0.404433
vt 0.558611 0.406907
vt 0.401596 0.509947
vt 0.398230 0.507124
vt 0.402354 0.505260
vt 0.569500 0.420941
vt 0.564228 0.423975
vt 0.558684 0.420291
vt 0.588489 0.404255
vt 0.583052 0.401586
vt 0.585963 0.398898
vt 0.554148 0.414405
vt 0.553769 0.408464
vt 0.508993 0.506595
vt 0.506702 0.511619
vt 0.503923 0.507442
vt 0.558909 0.401501
vt 0.564533 0.399730
vt 0.569396 0.399136
vt 0.574014 0.402553
vt 0.572756 0.398898
vt 0.573546 0.408287
vt 0.573961 0.414002
vt 0.407172 0.507175
vt 0.414594 0.506109
vt 0.412476 0.510978
vt 0.375382 0.560303
vt 0.382380 0.560256
vt 0.379804 0.564955
vt 0.377375 0.569835
vt 0.385095 0.569045
vt 0.382863 0.573972
vt 0.387151 0.564444
vt 0.404653 0.512715
vt 0.409229 0.502461
vt 0.404338 0.501719
vt 0.410950 0.499142
vt 0.377613 0.550263
vt 0.378019 0.556287
vt 0.374955 0.552418
vt 0.384880 0.555731
vt 0.389924 0.560100
vt 0.392283 0.563163
vt 0.391785 0.567268
vt 0.390178 0.572230
vt 0.387830 0.575420
vt 0.412973 0.520452
vt 0.418992 0.520630
vt 0.415678 0.523078
vt 0.408887 0.516584
vt 0.417242 0.515846
vt 0.558120 0.457529
vt 0.564519 0.452701
vt 0.564154 0.460516
vt 0.558526 0.450506
vt 0.564734 0.445986
vt 0.570585 0.454866
vt 0.569590 0.461196
vt 0.570217 0.448015
vt 0.418877 0.526338
vt 0.414069 0.527040
vt 0.553780 0.455034
vt 0.553421 0.448539
vt 0.559223 0.444066
vt 0.554493 0.442465
vt 0.559783 0.439639
vt 0.564802 0.440514
vt 0.570111 0.442423
vt 0.495548 0.533658
vt 0.498037 0.529061
vt 0.500380 0.532348
vt 0.498776 0.538806
vt 0.503544 0.536555
vt 0.573774 0.455792
vt 0.573671 0.462120
vt 0.580323 0.427223
vt 0.582168 0.423000
vt 0.584436 0.425591
vt 0.563483 0.464808
vt 0.568495 0.465364
vt 0.416234 0.532018
vt 0.411559 0.532184
vt 0.619541 0.407287
vt 0.614520 0.410619
vt 0.614378 0.404630
vt 0.579973 0.413222
vt 0.574014 0.417437
vt 0.575117 0.410998
vt 0.539680 0.615237
vt 0.534420 0.620176
vt 0.534609 0.614158
vt 0.510993 0.527978
vt 0.504031 0.529433
vt 0.507050 0.524124
vt 0.586031 0.404725
vt 0.581246 0.406903
vt 0.586463 0.408551
vt 0.583286 0.419911
vt 0.585143 0.415211
vt 0.578930 0.418929
vt 0.510526 0.536185
vt 0.507842 0.533687
vt 0.499797 0.525859
vt 0.502471 0.520360
vt 0.509341 0.518644
vt 0.504969 0.515253
vt 0.510993 0.512591
vt 0.539680 0.609451
vt 0.534333 0.608000
vt 0.619541 0.401527
vt 0.615238 0.398898
vt 0.400908 0.517087
vt 0.402102 0.525447
vt 0.396253 0.521741
vt 0.409752 0.524746
vt 0.405502 0.521255
vt 0.393196 0.525614
vt 0.403633 0.532747
vt 0.398799 0.529286
vt 0.397648 0.512001
vt 0.406823 0.530743
vt 0.590456 0.423145
vt 0.587020 0.421634
vt 0.588567 0.415871
vt 0.590456 0.409431
vt 0.485638 0.599493
vt 0.482039 0.601974
vt 0.481525 0.598242
vt 0.590038 0.433845
vt 0.585812 0.427641
vt 0.590038 0.427280
vt 0.393196 0.515771
vt 0.491564 0.506773
vt 0.492345 0.513830
vt 0.487515 0.511283
vt 0.500407 0.512426
vt 0.496020 0.509252
vt 0.485788 0.517901
vt 0.497779 0.517364
vt 0.489970 0.520233
vt 0.382748 0.548842
vt 0.380406 0.552198
vt 0.495525 0.504560
vt 0.499450 0.504979
vt 0.495038 0.522674
vt 0.493657 0.528553
vt 0.489365 0.526263
vt 0.486334 0.523850
vt 0.558931 0.435510
vt 0.556043 0.439079
vt 0.553421 0.434946
vt 0.392283 0.557073
vt 0.387703 0.552196
vt 0.463412 0.596656
vt 0.465069 0.594815
vt 0.464616 0.597564
vt 0.427845 0.465548
vt 0.424985 0.464488
vt 0.427806 0.464039
vt 0.466935 0.593928
vt 0.466935 0.595830
vt 0.466103 0.597982
vt 0.545351 0.497553
vt 0.547358 0.500310
vt 0.544900 0.499984
vt 0.464755 0.599777
vt 0.547322 0.502900
vt 0.546116 0.503112
vt 0.544374 0.502425
vt 0.543761 0.504384
vt 0.541956 0.503089
vt 0.467812 0.567732
vt 0.470273 0.567319
vt 0.470068 0.569454
vt 0.472305 0.567694
vt 0.472644 0.569375
vt 0.624327 0.563736
vt 0.622690 0.561459
vt 0.624327 0.561446
vt 0.614419 0.551104
vt 0.617417 0.551827
vt 0.614278 0.552321
vt 0.619143 0.550583
vt 0.616875 0.550357
vt 0.620136 0.553659
vt 0.617930 0.553971
vt 0.615283 0.554469
vt 0.542302 0.499899
vt 0.543256 0.496940
vt 0.427422 0.468566
vt 0.424985 0.470783
vt 0.425006 0.468686
vt 0.425586 0.466079
vt 0.468094 0.562120
vt 0.470179 0.564337
vt 0.467812 0.564042
vt 0.617395 0.556735
vt 0.614278 0.557048
vt 0.468395 0.566611
vt 0.390856 0.624036
vt 0.392993 0.621561
vt 0.393181 0.624392
vt 0.611965 0.530453
vt 0.614387 0.532862
vt 0.611965 0.533279
vt 0.443856 0.621725
vt 0.446083 0.624114
vt 0.443856 0.624323
vt 0.618792 0.398713
vt 0.621083 0.396358
vt 0.621163 0.398802
vt 0.624462 0.523764
vt 0.622530 0.522012
vt 0.624543 0.521289
vt 0.624268 0.397028
vt 0.622041 0.398783
vt 0.622041 0.396371
vt 0.620600 0.536408
vt 0.622099 0.535400
vt 0.622566 0.537113
vt 0.522077 0.618926
vt 0.523586 0.621096
vt 0.522077 0.620995
vt 0.524932 0.619940
vt 0.524972 0.621970
vt 0.620650 0.533376
vt 0.620232 0.534633
vt 0.420802 0.536295
vt 0.419498 0.534454
vt 0.420802 0.534355
vt 0.467812 0.569454
vt 0.469333 0.571470
vt 0.467835 0.571354
vt 0.411388 0.487536
vt 0.405023 0.482790
vt 0.410610 0.482419
vt 0.400954 0.488968
vt 0.406272 0.488232
vt 0.394371 0.484482
vt 0.399708 0.483505
vt 0.395551 0.490158
vt 0.388799 0.485619
vt 0.389816 0.491777
vt 0.382703 0.487289
vt 0.383860 0.493253
vt 0.376469 0.488839
vt 0.409756 0.476664
vt 0.403933 0.477105
vt 0.393248 0.478595
vt 0.398561 0.477756
vt 0.387603 0.479732
vt 0.381365 0.481124
vt 0.375544 0.482000
vt 0.403113 0.471345
vt 0.409121 0.470562
vt 0.397564 0.472099
vt 0.392057 0.472856
vt 0.386269 0.473751
vt 0.379779 0.474814
vt 0.375516 0.474938
vt 0.402279 0.465133
vt 0.408376 0.463987
vt 0.396491 0.465993
vt 0.390697 0.466729
vt 0.384544 0.467478
vt 0.534597 0.412321
vt 0.537925 0.404373
vt 0.538691 0.410620
vt 0.401514 0.458218
vt 0.407710 0.456947
vt 0.395392 0.459152
vt 0.389156 0.459792
vt 0.378264 0.468188
vt 0.382348 0.460269
vt 0.533159 0.400524
vt 0.537034 0.397981
vt 0.406019 0.451297
vt 0.400280 0.452401
vt 0.394439 0.453275
vt 0.388312 0.453605
vt 0.375406 0.454600
vt 0.381639 0.453809
vt 0.532262 0.394929
vt 0.535879 0.391614
vt 0.416006 0.490549
vt 0.416481 0.487365
vt 0.407897 0.493245
vt 0.412815 0.492105
vt 0.402458 0.494205
vt 0.396817 0.495727
vt 0.390870 0.497146
vt 0.380375 0.496901
vt 0.385312 0.497099
vt 0.376834 0.496437
vt 0.378119 0.494383
vt 0.532844 0.431225
vt 0.535809 0.425893
vt 0.536390 0.431068
vt 0.531937 0.426602
vt 0.535149 0.419308
vt 0.530988 0.413481
vt 0.530473 0.407581
vt 0.533974 0.406257
vt 0.529231 0.396897
vt 0.529279 0.393248
vt 0.531273 0.390556
vt 0.534392 0.386371
vt 0.374955 0.449007
vt 0.380641 0.447478
vt 0.387453 0.447326
vt 0.393833 0.447228
vt 0.399779 0.446557
vt 0.405106 0.446542
vt 0.408484 0.447558
vt 0.410795 0.450320
vt 0.412988 0.455725
vt 0.413693 0.462749
vt 0.414450 0.469519
vt 0.415228 0.475966
vt 0.416276 0.482197
vt 0.417939 0.480319
vt 0.420417 0.485495
vt 0.418831 0.486233
vt 0.417003 0.474382
vt 0.419447 0.479190
vt 0.416193 0.468325
vt 0.418325 0.473174
vt 0.415735 0.461954
vt 0.417568 0.467242
vt 0.375067 0.503479
vt 0.376162 0.509261
vt 0.374955 0.510197
vt 0.377335 0.499088
vt 0.377179 0.503368
vt 0.422344 0.485098
vt 0.421098 0.478414
vt 0.420124 0.472264
vt 0.377344 0.514655
vt 0.376273 0.515692
vt 0.378115 0.508644
vt 0.379267 0.498941
vt 0.379440 0.503192
vt 0.423559 0.477974
vt 0.424804 0.484961
vt 0.419227 0.466142
vt 0.422255 0.471402
vt 0.379090 0.513854
vt 0.380484 0.508338
vt 0.381063 0.498315
vt 0.381755 0.503071
vt 0.376798 0.526222
vt 0.379949 0.531327
vt 0.375983 0.533060
vt 0.377658 0.519819
vt 0.379992 0.525278
vt 0.380219 0.519187
vt 0.381172 0.513230
vt 0.382600 0.507933
vt 0.383038 0.497829
vt 0.383648 0.502530
vt 0.383127 0.530044
vt 0.383305 0.524529
vt 0.383561 0.518955
vt 0.383688 0.512945
vt 0.384316 0.506986
vt 0.384874 0.497146
vt 0.385390 0.501538
vt 0.385887 0.529138
vt 0.386078 0.524187
vt 0.386396 0.518910
vt 0.386705 0.513192
vt 0.386712 0.506515
vt 0.387235 0.497718
vt 0.388205 0.502253
vt 0.418585 0.491899
vt 0.412434 0.450289
vt 0.415109 0.455277
vt 0.553159 0.379073
vt 0.551730 0.375000
vt 0.553637 0.375626
vt 0.551960 0.379058
vt 0.549821 0.375631
vt 0.550183 0.379765
vt 0.548006 0.376111
vt 0.548296 0.380765
vt 0.546162 0.376874
vt 0.546486 0.381482
vt 0.544354 0.377425
vt 0.544717 0.381990
vt 0.542648 0.379151
vt 0.435544 0.439301
vt 0.433816 0.443673
vt 0.431822 0.442237
vt 0.436907 0.441107
vt 0.436224 0.444550
vt 0.433732 0.447671
vt 0.430787 0.447021
vt 0.431020 0.451988
vt 0.428153 0.451755
vt 0.390057 0.507162
vt 0.389759 0.513608
vt 0.389369 0.519290
vt 0.388868 0.524455
vt 0.388493 0.529139
vt 0.388297 0.532619
vt 0.386281 0.533952
vt 0.383485 0.535724
vt 0.380316 0.537621
vt 0.376828 0.539619
vt 0.423717 0.491152
vt 0.422509 0.492021
vt 0.420493 0.492036
vt 0.434565 0.475217
vt 0.438673 0.471577
vt 0.438125 0.477356
vt 0.434873 0.470114
vt 0.439059 0.465518
vt 0.435118 0.464606
vt 0.439106 0.459043
vt 0.434890 0.452195
vt 0.435158 0.458700
vt 0.437336 0.447751
vt 0.439425 0.452150
vt 0.439381 0.444381
vt 0.441746 0.447507
vt 0.443553 0.473674
vt 0.443814 0.478960
vt 0.444100 0.466869
vt 0.445188 0.459942
vt 0.445953 0.453042
vt 0.443276 0.443470
vt 0.446875 0.446509
vt 0.450493 0.479358
vt 0.450598 0.474805
vt 0.451098 0.468301
vt 0.452014 0.460985
vt 0.452844 0.453675
vt 0.448220 0.442131
vt 0.453747 0.447048
vt 0.456615 0.479935
vt 0.457492 0.475784
vt 0.459582 0.462167
vt 0.458757 0.469825
vt 0.460004 0.455336
vt 0.460521 0.449305
vt 0.461355 0.443352
vt 0.462495 0.480953
vt 0.464287 0.477036
vt 0.466770 0.463556
vt 0.466450 0.471183
vt 0.466635 0.456842
vt 0.466651 0.451069
vt 0.467307 0.445477
vt 0.468155 0.482070
vt 0.470979 0.478470
vt 0.473724 0.464899
vt 0.473553 0.472516
vt 0.473048 0.458085
vt 0.472840 0.452138
vt 0.473028 0.446789
vt 0.391274 0.530641
vt 0.390057 0.535109
vt 0.391989 0.525647
vt 0.392620 0.520242
vt 0.393196 0.514413
vt 0.431716 0.458401
vt 0.437948 0.442484
vt 0.440465 0.441472
vt 0.444163 0.439888
vt 0.449159 0.438415
vt 0.454629 0.441068
vt 0.462573 0.437365
vt 0.468769 0.439790
vt 0.478308 0.443309
vt 0.478707 0.447270
vt 0.479145 0.452722
vt 0.479412 0.459090
vt 0.478589 0.466121
vt 0.478536 0.473449
vt 0.476548 0.479719
vt 0.473284 0.483536
vt 0.470633 0.485291
vt 0.466662 0.484762
vt 0.461620 0.484093
vt 0.456207 0.483349
vt 0.450474 0.482891
vt 0.444250 0.482684
vt 0.437135 0.482974
vt 0.433843 0.479846
vt 0.528209 0.430087
vt 0.528934 0.426418
vt 0.530095 0.431279
vt 0.508718 0.572118
vt 0.507235 0.577011
vt 0.506877 0.571443
vt 0.510142 0.572581
vt 0.508831 0.577521
vt 0.549574 0.489951
vt 0.547324 0.492843
vt 0.547885 0.489483
vt 0.521686 0.425736
vt 0.521829 0.422114
vt 0.523608 0.426046
vt 0.519864 0.425511
vt 0.519848 0.421719
vt 0.526602 0.425757
vt 0.527710 0.421354
vt 0.508251 0.582959
vt 0.510246 0.577858
vt 0.509345 0.583332
vt 0.549058 0.493310
vt 0.546711 0.496575
vt 0.519855 0.417781
vt 0.517784 0.421609
vt 0.517679 0.417278
vt 0.525257 0.420706
vt 0.527598 0.414329
vt 0.523402 0.419636
vt 0.523917 0.415183
vt 0.521578 0.418743
vt 0.521843 0.414341
vt 0.520113 0.413311
vt 0.517975 0.412566
vt 0.515436 0.416870
vt 0.515558 0.411896
vt 0.527131 0.408288
vt 0.523603 0.408597
vt 0.427983 0.518868
vt 0.426735 0.525875
vt 0.426735 0.518582
vt 0.518033 0.407532
vt 0.515809 0.406682
vt 0.481904 0.467174
vt 0.485788 0.461043
vt 0.483349 0.467999
vt 0.526489 0.402587
vt 0.519921 0.408509
vt 0.523218 0.402364
vt 0.520428 0.401709
vt 0.518288 0.400859
vt 0.513478 0.405710
vt 0.515802 0.399994
vt 0.482364 0.460286
vt 0.485788 0.454044
vt 0.526377 0.397089
vt 0.523945 0.396473
vt 0.522443 0.395946
vt 0.518239 0.394250
vt 0.520671 0.395214
vt 0.515555 0.393075
vt 0.512735 0.397696
vt 0.513255 0.398921
vt 0.532025 0.434635
vt 0.533634 0.433921
vt 0.544837 0.485677
vt 0.542541 0.488752
vt 0.543114 0.485040
vt 0.508827 0.566751
vt 0.507103 0.566024
vt 0.510284 0.567363
vt 0.550186 0.486521
vt 0.548444 0.485932
vt 0.551896 0.487179
vt 0.553421 0.487430
vt 0.551309 0.490830
vt 0.472220 0.487352
vt 0.475378 0.483980
vt 0.538709 0.577250
vt 0.540374 0.580707
vt 0.538191 0.580735
vt 0.477829 0.479379
vt 0.480463 0.473875
vt 0.483194 0.453457
vt 0.482305 0.447565
vt 0.479310 0.443242
vt 0.513294 0.391780
vt 0.517721 0.388031
vt 0.520381 0.389346
vt 0.522644 0.390414
vt 0.524310 0.391065
vt 0.525710 0.391507
vt 0.527285 0.392100
vt 0.529743 0.402097
vt 0.531298 0.420297
vt 0.545353 0.437275
vt 0.546997 0.444329
vt 0.545058 0.443605
vt 0.547177 0.435611
vt 0.548951 0.444663
vt 0.549291 0.435325
vt 0.551094 0.444144
vt 0.553421 0.437795
vt 0.551589 0.434946
vt 0.385285 0.541072
vt 0.386036 0.547643
vt 0.382287 0.543421
vt 0.387987 0.538434
vt 0.388932 0.544592
vt 0.544860 0.451564
vt 0.546742 0.452319
vt 0.550552 0.452809
vt 0.548590 0.452712
vt 0.552630 0.453074
vt 0.436797 0.488948
vt 0.443844 0.491681
vt 0.435814 0.492158
vt 0.437250 0.486114
vt 0.444345 0.488265
vt 0.544618 0.458921
vt 0.546461 0.459496
vt 0.548234 0.459995
vt 0.550098 0.460375
vt 0.450852 0.491187
vt 0.444441 0.485540
vt 0.450743 0.488008
vt 0.544359 0.465831
vt 0.546181 0.466143
vt 0.547917 0.466665
vt 0.552008 0.460945
vt 0.549727 0.467306
vt 0.457180 0.491714
vt 0.450597 0.485485
vt 0.456562 0.488558
vt 0.544076 0.472428
vt 0.545852 0.472632
vt 0.547580 0.473239
vt 0.551593 0.467972
vt 0.549392 0.474159
vt 0.462294 0.489325
vt 0.463425 0.492472
vt 0.461630 0.486651
vt 0.543726 0.478772
vt 0.545403 0.479318
vt 0.547159 0.480202
vt 0.551249 0.474906
vt 0.549055 0.481547
vt 0.468152 0.489981
vt 0.469801 0.492987
vt 0.466889 0.487252
vt 0.415075 0.495231
vt 0.417419 0.496749
vt 0.418998 0.496660
vt 0.374955 0.540221
vt 0.378990 0.545701
vt 0.377435 0.545736
vt 0.393008 0.538689
vt 0.391222 0.541833
vt 0.456231 0.486048
vt 0.472967 0.488301
vt 0.473402 0.488836
vt 0.550927 0.482050
vt 0.546673 0.485742
vt 0.541956 0.483867
vt 0.541994 0.479271
vt 0.542127 0.472971
vt 0.542308 0.465920
vt 0.542763 0.458727
vt 0.543226 0.451947
vt 0.403631 0.496558
vt 0.409880 0.496903
vt 0.552572 0.390657
vt 0.550316 0.385637
vt 0.552129 0.384645
vt 0.553053 0.397775
vt 0.550500 0.391955
vt 0.553451 0.405991
vt 0.550785 0.398843
vt 0.553769 0.415049
vt 0.551235 0.406724
vt 0.550402 0.420814
vt 0.551351 0.415243
vt 0.532382 0.382743
vt 0.527979 0.386982
vt 0.530752 0.382081
vt 0.548424 0.386604
vt 0.548497 0.392916
vt 0.548685 0.399566
vt 0.548945 0.407163
vt 0.534364 0.376337
vt 0.529043 0.381626
vt 0.532180 0.375402
vt 0.526480 0.386521
vt 0.546643 0.387194
vt 0.546699 0.393468
vt 0.546747 0.400129
vt 0.549127 0.415760
vt 0.546818 0.407571
vt 0.530123 0.375050
vt 0.524717 0.385835
vt 0.527124 0.380890
vt 0.544879 0.387815
vt 0.544914 0.394050
vt 0.544862 0.400681
vt 0.546889 0.416091
vt 0.544794 0.407847
vt 0.528264 0.375000
vt 0.522537 0.384678
vt 0.524750 0.379365
vt 0.543183 0.388673
vt 0.543155 0.394588
vt 0.543054 0.401108
vt 0.544733 0.416222
vt 0.542865 0.408333
vt 0.544543 0.422592
vt 0.542644 0.416762
vt 0.522217 0.378006
vt 0.541759 0.389866
vt 0.541523 0.394984
vt 0.541168 0.401314
vt 0.540900 0.408709
vt 0.542512 0.423965
vt 0.540591 0.416981
vt 0.542398 0.428836
vt 0.540556 0.423868
vt 0.553769 0.382891
vt 0.404791 0.444677
vt 0.399760 0.443365
vt 0.393798 0.442284
vt 0.386967 0.441645
vt 0.538691 0.382969
vt 0.536530 0.377367
vt 0.529414 0.387654
vt 0.519648 0.382981
vt 0.517079 0.382014
vt 0.474306 0.441716
vt 0.475723 0.439075
vt 0.469708 0.437119
vt 0.463297 0.434946
vt 0.538802 0.408979
vt 0.539555 0.401028
vt 0.444628 0.437558
vt 0.440445 0.439198
vt 0.439784 0.437202
vt 0.543054 0.383613
vt 0.624284 0.409423
vt 0.622186 0.407671
vt 0.624383 0.406977
vt 0.615438 0.498416
vt 0.617626 0.500667
vt 0.615189 0.500979
vt 0.578250 0.622438
vt 0.576295 0.624366
vt 0.576295 0.622134
vt 0.418620 0.624474
vt 0.420912 0.621952
vt 0.420912 0.624567
vt 0.384723 0.622297
vt 0.382712 0.624909
vt 0.382802 0.622451
vt 0.592062 0.624731
vt 0.589871 0.622266
vt 0.591836 0.622284
vt 0.538233 0.597094
vt 0.531838 0.593346
vt 0.536546 0.591720
vt 0.539539 0.603007
vt 0.533161 0.598900
vt 0.534427 0.604636
vt 0.527386 0.601571
vt 0.526137 0.595182
vt 0.533333 0.590694
vt 0.538186 0.588470
vt 0.527930 0.592131
vt 0.529852 0.589540
vt 0.534771 0.586169
vt 0.539539 0.585843
vt 0.549039 0.586369
vt 0.542492 0.591359
vt 0.544319 0.585964
vt 0.553747 0.589792
vt 0.547080 0.593155
vt 0.552249 0.595222
vt 0.544970 0.599099
vt 0.540435 0.596820
vt 0.427205 0.476338
vt 0.424985 0.472176
vt 0.428029 0.471328
vt 0.541762 0.599917
vt 0.546482 0.602889
vt 0.550154 0.601084
vt 0.551595 0.603713
vt 0.548395 0.604663
vt 0.553747 0.608089
vt 0.446533 0.589306
vt 0.443886 0.583986
vt 0.446956 0.582597
vt 0.443849 0.591255
vt 0.441062 0.585044
vt 0.441017 0.577637
vt 0.443941 0.576153
vt 0.446956 0.574836
vt 0.611924 0.496058
vt 0.615128 0.489574
vt 0.615041 0.497360
vt 0.611924 0.487772
vt 0.615206 0.482203
vt 0.618184 0.483012
vt 0.618245 0.490777
vt 0.617876 0.498295
vt 0.462392 0.622368
vt 0.460562 0.624886
vt 0.460385 0.622094
vt 0.427872 0.512065
vt 0.425562 0.513982
vt 0.425562 0.510500
vt 0.465370 0.623710
vt 0.464825 0.621777
vt 0.466783 0.622199
vt 0.462549 0.619644
vt 0.464512 0.618364
vt 0.466783 0.618597
vt 0.390762 0.614284
vt 0.392847 0.617136
vt 0.390762 0.617600
vt 0.428029 0.483870
vt 0.426639 0.482274
vt 0.427948 0.482445
vt 0.489239 0.622907
vt 0.490993 0.624752
vt 0.489239 0.624865
vt 0.572213 0.533104
vt 0.573606 0.531576
vt 0.573713 0.533269
vt 0.567280 0.533152
vt 0.565425 0.531101
vt 0.567266 0.531132
vt 0.569007 0.531490
vt 0.570489 0.533059
vt 0.569007 0.533269
vt 0.572213 0.533269
vt 0.570617 0.531478
vt 0.572213 0.531510
vt 0.622538 0.537954
vt 0.624242 0.539437
vt 0.622538 0.540291
vt 0.622188 0.459967
vt 0.623973 0.457689
vt 0.623973 0.460641
vt 0.622750 0.552203
vt 0.624481 0.550438
vt 0.624481 0.553238
vt 0.580306 0.594692
vt 0.581965 0.596338
vt 0.580337 0.597652
vt 0.620590 0.382166
vt 0.623028 0.385120
vt 0.620721 0.385028
vt 0.482440 0.624642
vt 0.484570 0.622214
vt 0.484570 0.624711
vt 0.609360 0.573800
vt 0.602808 0.570938
vt 0.608256 0.570570
vt 0.533060 0.608874
vt 0.526137 0.615054
vt 0.527460 0.608000
vt 0.534333 0.619574
vt 0.528604 0.619574
vt 0.597067 0.574157
vt 0.597165 0.570975
vt 0.602590 0.563233
vt 0.609360 0.564282
vt 0.596867 0.564859
vt 0.610901 0.390397
vt 0.603195 0.387542
vt 0.608060 0.384339
vt 0.607999 0.559656
vt 0.611185 0.381380
vt 0.603301 0.378830
vt 0.609263 0.375000
vt 0.595410 0.380015
vt 0.598859 0.375000
vt 0.608843 0.533427
vt 0.603090 0.539015
vt 0.601292 0.533376
vt 0.601292 0.548969
vt 0.607545 0.546138
vt 0.606254 0.552121
vt 0.601588 0.544405
vt 0.614278 0.540136
vt 0.613466 0.545748
vt 0.612175 0.551038
vt 0.469862 0.613416
vt 0.475581 0.607121
vt 0.475936 0.613416
vt 0.468685 0.601409
vt 0.468007 0.607690
vt 0.480098 0.599241
vt 0.481525 0.605441
vt 0.481411 0.611416
vt 0.566159 0.504255
vt 0.560313 0.497000
vt 0.566602 0.497759
vt 0.553564 0.503927
vt 0.560000 0.504496
vt 0.553421 0.497231
vt 0.560126 0.490692
vt 0.566118 0.491562
vt 0.623392 0.596656
vt 0.624925 0.597889
vt 0.623254 0.598506
vt 0.519363 0.624380
vt 0.521138 0.622904
vt 0.521138 0.624884
vt 0.621576 0.425807
vt 0.623801 0.424367
vt 0.623801 0.426053
vt 0.563572 0.533319
vt 0.565425 0.531206
vt 0.565425 0.533289
vt 0.585693 0.624568
vt 0.587344 0.622684
vt 0.587344 0.624817
vt 0.621630 0.422956
vt 0.621729 0.424411
vt 0.604162 0.619688
vt 0.606528 0.621485
vt 0.604087 0.622415
vt 0.585037 0.465175
vt 0.581497 0.463476
vt 0.584435 0.463441
vt 0.582028 0.461142
vt 0.585290 0.461142
vt 0.521138 0.622601
vt 0.518694 0.619084
vt 0.521138 0.619348
vt 0.621245 0.514645
vt 0.623495 0.512023
vt 0.623495 0.515061
vt 0.620559 0.468598
vt 0.622966 0.465364
vt 0.622941 0.468227
vt 0.622289 0.410678
vt 0.619790 0.413741
vt 0.619541 0.410701
vt 0.624421 0.413763
vt 0.624421 0.410935
vt 0.581801 0.621839
vt 0.579265 0.618931
vt 0.581787 0.618931
vt 0.493625 0.619526
vt 0.491095 0.622498
vt 0.491095 0.619422
vt 0.582033 0.621545
vt 0.584823 0.618832
vt 0.584862 0.621916
vt 0.575740 0.487755
vt 0.578329 0.490523
vt 0.575740 0.490659
vt 0.456027 0.570360
vt 0.450512 0.576279
vt 0.450559 0.570381
vt 0.461075 0.570402
vt 0.456495 0.576230
vt 0.452013 0.580554
vt 0.462127 0.580447
vt 0.457094 0.580768
vt 0.447646 0.566091
vt 0.447166 0.569846
vt 0.455582 0.564849
vt 0.450125 0.564923
vt 0.460459 0.565829
vt 0.463606 0.566431
vt 0.465521 0.569773
vt 0.462757 0.576548
vt 0.467329 0.580502
vt 0.466090 0.582925
vt 0.462538 0.583967
vt 0.457602 0.584091
vt 0.452684 0.583907
vt 0.489138 0.582941
vt 0.492923 0.585231
vt 0.491217 0.586629
vt 0.485788 0.584876
vt 0.489236 0.588144
vt 0.447529 0.574706
vt 0.526136 0.568976
vt 0.521886 0.574726
vt 0.521288 0.568863
vt 0.526384 0.574177
vt 0.522144 0.580783
vt 0.516250 0.574477
vt 0.515986 0.568715
vt 0.516598 0.580269
vt 0.528661 0.565166
vt 0.525626 0.564212
vt 0.529716 0.568842
vt 0.530118 0.573828
vt 0.526817 0.579525
vt 0.529214 0.581739
vt 0.529796 0.578460
vt 0.526749 0.583644
vt 0.516682 0.584956
vt 0.399770 0.582376
vt 0.398454 0.578094
vt 0.402065 0.580361
vt 0.511825 0.579808
vt 0.511931 0.574043
vt 0.510993 0.568394
vt 0.512879 0.565365
vt 0.516020 0.564390
vt 0.520797 0.564150
vt 0.408457 0.576403
vt 0.415008 0.571837
vt 0.414773 0.577805
vt 0.403094 0.575304
vt 0.408714 0.570914
vt 0.414022 0.566540
vt 0.403727 0.564606
vt 0.409677 0.564825
vt 0.546773 0.584419
vt 0.542075 0.581772
vt 0.546933 0.581607
vt 0.407279 0.580757
vt 0.413084 0.582376
vt 0.398199 0.574446
vt 0.403369 0.569957
vt 0.398763 0.564480
vt 0.582540 0.551701
vt 0.578261 0.552893
vt 0.580084 0.549865
vt 0.403337 0.561432
vt 0.408926 0.560216
vt 0.540435 0.567990
vt 0.546439 0.566597
vt 0.544386 0.570639
vt 0.548805 0.568751
vt 0.547968 0.572263
vt 0.542934 0.575992
vt 0.547081 0.577631
vt 0.568436 0.537801
vt 0.572844 0.542983
vt 0.567072 0.542752
vt 0.573568 0.538198
vt 0.578434 0.543918
vt 0.571690 0.549267
vt 0.565665 0.548739
vt 0.576401 0.549217
vt 0.467812 0.567772
vt 0.569081 0.533407
vt 0.574361 0.533376
vt 0.579456 0.538008
vt 0.550044 0.563382
vt 0.552308 0.567383
vt 0.582193 0.540173
vt 0.575419 0.553620
vt 0.570663 0.554600
vt 0.565065 0.554038
vt 0.562636 0.551977
vt 0.561746 0.548316
vt 0.561746 0.542530
vt 0.564278 0.538180
vt 0.559718 0.582602
vt 0.556338 0.577791
vt 0.560691 0.577519
vt 0.551018 0.582033
vt 0.555379 0.582766
vt 0.556681 0.572421
vt 0.561329 0.572194
vt 0.551850 0.578009
vt 0.525335 0.561085
vt 0.530118 0.562566
vt 0.520138 0.561193
vt 0.549742 0.585813
vt 0.553775 0.585964
vt 0.552783 0.572551
vt 0.556799 0.567079
vt 0.560760 0.567149
vt 0.461179 0.561205
vt 0.455657 0.561189
vt 0.496419 0.581837
vt 0.501336 0.576641
vt 0.501900 0.582683
vt 0.496057 0.570727
vt 0.496284 0.576780
vt 0.506877 0.582620
vt 0.505736 0.571681
vt 0.506877 0.576724
vt 0.496029 0.586525
vt 0.491937 0.577026
vt 0.492122 0.581934
vt 0.491875 0.572142
vt 0.492211 0.568762
vt 0.495375 0.566024
vt 0.501436 0.570432
vt 0.401882 0.623433
vt 0.406263 0.618175
vt 0.405605 0.622166
vt 0.575223 0.557242
vt 0.579470 0.555494
vt 0.393448 0.568997
vt 0.397996 0.569308
vt 0.393196 0.574921
vt 0.395080 0.579878
vt 0.501176 0.588069
vt 0.505928 0.587665
vt 0.613428 0.567343
vt 0.617337 0.571391
vt 0.612357 0.570698
vt 0.611725 0.472489
vt 0.615993 0.470428
vt 0.615676 0.475355
vt 0.619515 0.470727
vt 0.620559 0.474430
vt 0.380156 0.622840
vt 0.379423 0.617546
vt 0.382712 0.618658
vt 0.609360 0.566639
vt 0.611301 0.563954
vt 0.382712 0.613928
vt 0.549572 0.612481
vt 0.545881 0.616279
vt 0.545360 0.612448
vt 0.547813 0.608593
vt 0.544706 0.608408
vt 0.540435 0.612972
vt 0.540602 0.608089
vt 0.614756 0.455206
vt 0.609845 0.456692
vt 0.610277 0.453782
vt 0.389100 0.613269
vt 0.387481 0.618239
vt 0.384778 0.615034
vt 0.612638 0.469632
vt 0.616402 0.465364
vt 0.390762 0.622297
vt 0.386333 0.622232
vt 0.605577 0.455333
vt 0.606285 0.458829
vt 0.615332 0.561529
vt 0.616934 0.566743
vt 0.609360 0.559831
vt 0.382712 0.619742
vt 0.619563 0.565306
vt 0.374955 0.615277
vt 0.378737 0.613269
vt 0.603781 0.461307
vt 0.608937 0.462574
vt 0.604862 0.465316
vt 0.613369 0.458802
vt 0.614756 0.461545
vt 0.612037 0.465204
vt 0.579221 0.624625
vt 0.581160 0.622103
vt 0.581139 0.624744
vt 0.597120 0.462564
vt 0.599511 0.465330
vt 0.597246 0.465180
vt 0.601471 0.624939
vt 0.603472 0.622164
vt 0.603473 0.624780
vt 0.624817 0.623162
vt 0.622909 0.621302
vt 0.624887 0.620796
vt 0.584415 0.624268
vt 0.582033 0.622121
vt 0.584432 0.621916
vt 0.528612 0.622448
vt 0.526137 0.620203
vt 0.528696 0.619574
vt 0.393181 0.618662
vt 0.390847 0.620319
vt 0.390762 0.617600
vt 0.623028 0.384328
vt 0.624741 0.382375
vt 0.624850 0.384657
vt 0.622657 0.555718
vt 0.620520 0.554300
vt 0.622499 0.553238
vt 0.425562 0.508327
vt 0.427972 0.505883
vt 0.427881 0.507887
vt 0.427972 0.510357
vt 0.610398 0.500855
vt 0.612701 0.498538
vt 0.612701 0.501081
vt 0.621798 0.389479
vt 0.618792 0.392459
vt 0.619113 0.389027
vt 0.621719 0.395314
vt 0.621842 0.392006
vt 0.573485 0.620054
vt 0.570666 0.623449
vt 0.570629 0.620507
vt 0.570664 0.617500
vt 0.573223 0.616472
vt 0.585812 0.428748
vt 0.582351 0.430944
vt 0.583118 0.427280
vt 0.584694 0.434279
vt 0.585812 0.431832
vt 0.579325 0.432612
vt 0.579377 0.429923
vt 0.580419 0.427297
vt 0.443140 0.616834
vt 0.439603 0.617738
vt 0.440568 0.614365
vt 0.441841 0.620937
vt 0.442872 0.618614
vt 0.435755 0.620328
vt 0.436367 0.617814
vt 0.437357 0.615650
vt 0.595462 0.398044
vt 0.598504 0.395124
vt 0.598481 0.398632
vt 0.595548 0.391742
vt 0.595410 0.394898
vt 0.601849 0.392101
vt 0.601911 0.395358
vt 0.601592 0.398394
vt 0.624435 0.392827
vt 0.607738 0.392814
vt 0.604853 0.395540
vt 0.604927 0.391742
vt 0.607806 0.398723
vt 0.605183 0.398867
vt 0.602666 0.398867
vt 0.601911 0.395655
vt 0.567966 0.620207
vt 0.567956 0.616238
vt 0.436021 0.622708
vt 0.438957 0.620665
vt 0.439213 0.623510
vt 0.443140 0.623926
vt 0.610503 0.554743
vt 0.613551 0.552993
vt 0.613553 0.555225
vt 0.426735 0.528515
vt 0.428017 0.527146
vt 0.428002 0.529635
vt 0.615082 0.476964
vt 0.618012 0.478801
vt 0.615139 0.478989
vt 0.420802 0.533433
vt 0.419442 0.531957
vt 0.420802 0.531060
vt 0.610863 0.556116
vt 0.618364 0.475355
vt 0.615488 0.475355
vt 0.566934 0.390366
vt 0.570397 0.397987
vt 0.565175 0.397098
vt 0.617710 0.521075
vt 0.622530 0.527254
vt 0.617542 0.527254
vt 0.571259 0.391137
vt 0.575465 0.398898
vt 0.576963 0.386227
vt 0.576888 0.392290
vt 0.541970 0.540213
vt 0.545513 0.533918
vt 0.545731 0.539175
vt 0.561086 0.389033
vt 0.559161 0.395506
vt 0.562710 0.383751
vt 0.563847 0.380295
vt 0.568146 0.384272
vt 0.622504 0.516233
vt 0.621941 0.521600
vt 0.572295 0.385415
vt 0.576217 0.381328
vt 0.591694 0.447094
vt 0.588653 0.452291
vt 0.587273 0.447994
vt 0.585418 0.442585
vt 0.590405 0.441133
vt 0.583531 0.437769
vt 0.588345 0.434946
vt 0.557868 0.533376
vt 0.559809 0.539521
vt 0.556235 0.538501
vt 0.551780 0.533640
vt 0.550997 0.538739
vt 0.545457 0.545033
vt 0.550648 0.550735
vt 0.545619 0.551022
vt 0.550580 0.544504
vt 0.556238 0.550524
vt 0.550614 0.557087
vt 0.545127 0.557548
vt 0.556337 0.557414
vt 0.540964 0.544965
vt 0.556151 0.543912
vt 0.561648 0.549659
vt 0.561732 0.556283
vt 0.560786 0.560628
vt 0.556449 0.561853
vt 0.550851 0.563382
vt 0.545788 0.562276
vt 0.542313 0.561125
vt 0.540435 0.557641
vt 0.540823 0.551129
vt 0.527059 0.536157
vt 0.521912 0.539533
vt 0.521466 0.534681
vt 0.528109 0.539430
vt 0.522315 0.545149
vt 0.515883 0.537123
vt 0.516002 0.541142
vt 0.438623 0.591468
vt 0.434144 0.595325
vt 0.434202 0.591476
vt 0.439773 0.594418
vt 0.434811 0.599254
vt 0.533712 0.545140
vt 0.534193 0.539772
vt 0.533306 0.549318
vt 0.529058 0.543943
vt 0.528911 0.549947
vt 0.522747 0.550668
vt 0.516945 0.546097
vt 0.516902 0.551108
vt 0.511814 0.547686
vt 0.511611 0.543461
vt 0.511198 0.539180
vt 0.502698 0.566024
vt 0.505317 0.562089
vt 0.507799 0.565095
vt 0.428608 0.591315
vt 0.422956 0.594887
vt 0.422584 0.591175
vt 0.501977 0.544576
vt 0.496283 0.551040
vt 0.496272 0.544709
vt 0.501600 0.557571
vt 0.502141 0.551201
vt 0.491305 0.550801
vt 0.491247 0.544832
vt 0.490780 0.556947
vt 0.565661 0.375000
vt 0.568123 0.379036
vt 0.506222 0.546598
vt 0.506241 0.552343
vt 0.506255 0.558109
vt 0.496812 0.562402
vt 0.496351 0.557229
vt 0.491769 0.562167
vt 0.487925 0.561351
vt 0.485953 0.557010
vt 0.485788 0.550503
vt 0.486307 0.544348
vt 0.491820 0.540381
vt 0.487575 0.540275
vt 0.496737 0.540401
vt 0.501981 0.540275
vt 0.435372 0.581209
vt 0.429875 0.575153
vt 0.436567 0.574836
vt 0.434882 0.586326
vt 0.429381 0.580462
vt 0.424360 0.576448
vt 0.422763 0.585653
vt 0.423362 0.580513
vt 0.558602 0.398878
vt 0.553769 0.394173
vt 0.441017 0.577514
vt 0.440704 0.582454
vt 0.440593 0.587534
vt 0.428899 0.585931
vt 0.509903 0.559816
vt 0.509728 0.553389
vt 0.558291 0.382554
vt 0.557591 0.377077
vt 0.560983 0.378055
vt 0.555897 0.387742
vt 0.578909 0.439856
vt 0.575488 0.447776
vt 0.574531 0.442229
vt 0.582703 0.450391
vt 0.580612 0.445004
vt 0.529008 0.559053
vt 0.522835 0.555667
vt 0.528457 0.554587
vt 0.516344 0.561085
vt 0.522960 0.561085
vt 0.582246 0.435066
vt 0.578326 0.435075
vt 0.585587 0.455251
vt 0.578149 0.453653
vt 0.577508 0.461057
vt 0.573774 0.456702
vt 0.516294 0.556928
vt 0.512709 0.551403
vt 0.534726 0.552991
vt 0.534621 0.556987
vt 0.573774 0.437065
vt 0.608131 0.395698
vt 0.610663 0.392007
vt 0.611164 0.396028
vt 0.524887 0.614504
vt 0.522470 0.618620
vt 0.522077 0.614519
vt 0.619634 0.399188
vt 0.622041 0.402279
vt 0.619541 0.403032
vt 0.593099 0.616105
vt 0.595699 0.619875
vt 0.593099 0.620355
vt 0.516274 0.622151
vt 0.513735 0.619469
vt 0.516274 0.619083
vt 0.622295 0.567213
vt 0.624552 0.564932
vt 0.624557 0.567473
vt 0.387785 0.589930
vt 0.392658 0.585538
vt 0.392696 0.591306
vt 0.387677 0.584736
vt 0.391281 0.580520
vt 0.591193 0.379474
vt 0.585216 0.375186
vt 0.589910 0.375000
vt 0.586831 0.383353
vt 0.586093 0.378623
vt 0.383878 0.593261
vt 0.387373 0.594934
vt 0.383458 0.589307
vt 0.382847 0.584337
vt 0.387073 0.579814
vt 0.382773 0.577238
vt 0.382642 0.579738
vt 0.595410 0.386275
vt 0.591211 0.389474
vt 0.591292 0.384731
vt 0.586791 0.387718
vt 0.583604 0.386351
vt 0.582662 0.382951
vt 0.581793 0.378864
vt 0.463411 0.598796
vt 0.458874 0.598300
vt 0.461324 0.595433
vt 0.457536 0.595815
vt 0.458765 0.592853
vt 0.463411 0.591277
vt 0.459945 0.588980
vt 0.391283 0.595524
vt 0.456961 0.584417
vt 0.452176 0.588099
vt 0.453049 0.584092
vt 0.404117 0.601914
vt 0.402358 0.597547
vt 0.405643 0.597704
vt 0.404096 0.593176
vt 0.398666 0.597250
vt 0.400379 0.592648
vt 0.397090 0.600985
vt 0.384984 0.596924
vt 0.380824 0.595274
vt 0.461007 0.585006
vt 0.456044 0.588307
vt 0.455175 0.591873
vt 0.454857 0.596075
vt 0.451229 0.591855
vt 0.447166 0.596541
vt 0.447639 0.592201
vt 0.393196 0.600789
vt 0.393958 0.598340
vt 0.395134 0.594856
vt 0.396375 0.590934
vt 0.397924 0.587236
vt 0.401284 0.587367
vt 0.405532 0.587815
vt 0.409309 0.588508
vt 0.579677 0.487067
vt 0.584882 0.484080
vt 0.585349 0.487463
vt 0.580201 0.482021
vt 0.584760 0.479195
vt 0.590385 0.484230
vt 0.590322 0.487305
vt 0.590041 0.480076
vt 0.393196 0.587562
vt 0.396358 0.584078
vt 0.575740 0.484506
vt 0.576575 0.480126
vt 0.580398 0.478090
vt 0.577505 0.473764
vt 0.576912 0.476555
vt 0.584968 0.474844
vt 0.589494 0.475585
vt 0.592755 0.476314
vt 0.594572 0.479724
vt 0.594939 0.483636
vt 0.594959 0.487181
vt 0.566968 0.591976
vt 0.570257 0.590199
vt 0.570597 0.593131
vt 0.567130 0.596001
vt 0.571089 0.596676
vt 0.571645 0.600736
vt 0.594005 0.394879
vt 0.587215 0.395509
vt 0.589503 0.393135
vt 0.570164 0.585550
vt 0.570470 0.580700
vt 0.573562 0.582658
vt 0.583038 0.393503
vt 0.585196 0.391177
vt 0.580923 0.395651
vt 0.580306 0.584227
vt 0.576886 0.581087
vt 0.579892 0.580765
vt 0.578657 0.585264
vt 0.572793 0.588774
vt 0.576334 0.586731
vt 0.564478 0.585803
vt 0.567036 0.582636
vt 0.564666 0.580702
vt 0.596507 0.477425
vt 0.593980 0.474000
vt 0.577704 0.392371
vt 0.578954 0.390921
vt 0.581148 0.388630
vt 0.595410 0.390971
vt 0.379154 0.589912
vt 0.375093 0.585055
vt 0.378323 0.584387
vt 0.575593 0.599925
vt 0.579120 0.595119
vt 0.580306 0.599762
vt 0.378980 0.579962
vt 0.574129 0.592449
vt 0.578157 0.591017
vt 0.377632 0.596182
vt 0.404906 0.582376
vt 0.400187 0.583093
vt 0.574805 0.595953
vt 0.375061 0.579609
vt 0.380217 0.576527
vt 0.455746 0.599892
vt 0.453370 0.603511
vt 0.452029 0.600320
vt 0.591310 0.466427
vt 0.585881 0.468055
vt 0.586495 0.465364
vt 0.580430 0.470179
vt 0.580961 0.467319
vt 0.590830 0.468934
vt 0.585306 0.471038
vt 0.457126 0.603237
vt 0.578338 0.380115
vt 0.579299 0.384331
vt 0.576963 0.386557
vt 0.589935 0.472102
vt 0.580024 0.473906
vt 0.575740 0.470452
vt 0.450847 0.596375
vt 0.622538 0.537288
vt 0.620359 0.540489
vt 0.620232 0.537113
vt 0.620232 0.544533
vt 0.622659 0.547478
vt 0.620232 0.547760
vt 0.516293 0.619162
vt 0.518694 0.622509
vt 0.516274 0.622663
vt 0.496102 0.619538
vt 0.493682 0.622456
vt 0.493682 0.619422
vt 0.621223 0.511793
vt 0.618331 0.515514
vt 0.618331 0.511952
vt 0.502230 0.622089
vt 0.499429 0.618531
vt 0.502230 0.618831
vt 0.563643 0.428552
vt 0.568258 0.431589
vt 0.563221 0.432416
vt 0.571387 0.427166
vt 0.567761 0.427624
vt 0.572698 0.433152
vt 0.568781 0.434709
vt 0.622383 0.440054
vt 0.619418 0.436507
vt 0.622297 0.434946
vt 0.614936 0.615264
vt 0.611087 0.618737
vt 0.611822 0.614371
vt 0.613400 0.623013
vt 0.614936 0.619444
vt 0.607719 0.621935
vt 0.607411 0.618101
vt 0.608844 0.614547
vt 0.478207 0.614932
vt 0.482158 0.618509
vt 0.478496 0.619186
vt 0.618994 0.455412
vt 0.614756 0.459252
vt 0.615624 0.454157
vt 0.618539 0.463413
vt 0.614756 0.464461
vt 0.478844 0.622785
vt 0.468007 0.615334
vt 0.471244 0.618304
vt 0.468007 0.618899
vt 0.473629 0.613843
vt 0.470443 0.613416
vt 0.474999 0.621697
vt 0.472067 0.623274
vt 0.468864 0.622768
vt 0.563308 0.426286
vt 0.475196 0.618273
vt 0.475432 0.613602
vt 0.475905 0.623190
vt 0.567675 0.424617
vt 0.619382 0.440293
vt 0.616384 0.435823
vt 0.619174 0.444421
vt 0.615964 0.440877
vt 0.621322 0.464003
vt 0.619037 0.459422
vt 0.621931 0.458847
vt 0.621915 0.453782
vt 0.580203 0.497865
vt 0.581139 0.499365
vt 0.579160 0.500063
vt 0.510926 0.604290
vt 0.509331 0.602765
vt 0.510948 0.601973
vt 0.580306 0.583593
vt 0.581982 0.582428
vt 0.581982 0.585152
vt 0.579160 0.496530
vt 0.582007 0.497255
vt 0.549582 0.613636
vt 0.551347 0.616329
vt 0.549660 0.616295
vt 0.622692 0.375671
vt 0.624400 0.377918
vt 0.622692 0.378177
vt 0.624725 0.418153
vt 0.623090 0.415564
vt 0.624725 0.415390
vt 0.406488 0.613437
vt 0.408360 0.615566
vt 0.405850 0.615512
vt 0.623246 0.532559
vt 0.624850 0.529941
vt 0.624821 0.532577
vt 0.443557 0.618020
vt 0.445764 0.616183
vt 0.445922 0.618020
vt 0.406961 0.617106
vt 0.443908 0.614516
vt 0.446530 0.614365
vt 0.572698 0.429490
vt 0.575687 0.432227
vt 0.572789 0.432006
vt 0.577999 0.429652
vt 0.575073 0.429104
vt 0.578768 0.432027
vt 0.576435 0.434709
vt 0.574097 0.433922
vt 0.435755 0.615219
vt 0.432932 0.616960
vt 0.433478 0.614497
vt 0.434843 0.619841
vt 0.435600 0.617430
vt 0.430668 0.619681
vt 0.430550 0.617169
vt 0.431169 0.614835
vt 0.446905 0.594877
vt 0.443970 0.592282
vt 0.446868 0.592446
vt 0.446485 0.597412
vt 0.443732 0.595238
vt 0.443710 0.598353
vt 0.441017 0.595991
vt 0.441254 0.593385
vt 0.604917 0.577621
vt 0.606569 0.580629
vt 0.604528 0.580040
vt 0.609131 0.577885
vt 0.606633 0.577427
vt 0.609214 0.583101
vt 0.606894 0.582893
vt 0.604581 0.582646
vt 0.622580 0.533239
vt 0.620610 0.529860
vt 0.623177 0.530756
vt 0.618071 0.532346
vt 0.620517 0.532989
vt 0.617542 0.527376
vt 0.620044 0.527254
vt 0.575774 0.427280
vt 0.433184 0.621946
vt 0.432643 0.619966
vt 0.618357 0.598060
vt 0.620987 0.595831
vt 0.620767 0.598506
vt 0.618357 0.595500
vt 0.620916 0.592897
vt 0.622669 0.593888
vt 0.623254 0.596202
vt 0.577625 0.491912
vt 0.572602 0.494382
vt 0.572566 0.490692
vt 0.577770 0.498574
vt 0.579160 0.493962
vt 0.567315 0.498963
vt 0.566622 0.494936
vt 0.567154 0.491798
vt 0.550392 0.621518
vt 0.555196 0.617528
vt 0.555196 0.623631
vt 0.615964 0.435921
vt 0.610134 0.440582
vt 0.610643 0.434946
vt 0.614914 0.446407
vt 0.609665 0.446737
vt 0.604167 0.446539
vt 0.603781 0.440525
vt 0.604247 0.450290
vt 0.610039 0.451491
vt 0.418992 0.524496
vt 0.421999 0.520586
vt 0.421830 0.525324
vt 0.610585 0.452799
vt 0.604782 0.453782
vt 0.572623 0.503581
vt 0.572631 0.498745
vt 0.421346 0.531052
vt 0.426687 0.524092
vt 0.426735 0.530191
vt 0.426735 0.518582
vt 0.561565 0.591573
vt 0.557062 0.585964
vt 0.560134 0.586679
vt 0.561565 0.598627
vt 0.557649 0.593684
vt 0.558208 0.600624
vt 0.553747 0.595536
vt 0.553992 0.589683
vt 0.463116 0.604473
vt 0.459652 0.609799
vt 0.459679 0.603511
vt 0.466334 0.606427
vt 0.463113 0.611643
vt 0.466783 0.613028
vt 0.462951 0.618289
vt 0.459652 0.615820
vt 0.619585 0.564908
vt 0.622295 0.567349
vt 0.619563 0.567672
vt 0.511013 0.619941
vt 0.513446 0.622078
vt 0.510993 0.622648
vt 0.531111 0.622663
vt 0.533535 0.619621
vt 0.533656 0.622364
vt 0.620728 0.471238
vt 0.622998 0.469223
vt 0.622998 0.471773
vt 0.599766 0.465281
vt 0.602411 0.462674
vt 0.602411 0.465330
vt 0.594294 0.465271
vt 0.591694 0.462687
vt 0.594481 0.462452
vt 0.534333 0.623590
vt 0.536523 0.621695
vt 0.536579 0.624173
vt 0.597541 0.498502
vt 0.595089 0.500997
vt 0.594878 0.498309
vt 0.622221 0.403927
vt 0.624202 0.405313
vt 0.622156 0.406362
vt 0.597120 0.462452
vt 0.594481 0.465330
vt 0.594481 0.462667
vt 0.622706 0.543736
vt 0.620267 0.541468
vt 0.622706 0.540881
vt 0.510096 0.620075
vt 0.507769 0.622235
vt 0.507718 0.619483
vt 0.624557 0.440719
vt 0.622509 0.438789
vt 0.624557 0.438518
vt 0.624624 0.543541
vt 0.622706 0.541234
vt 0.624659 0.540881
vt 0.622468 0.611973
vt 0.624454 0.610236
vt 0.624454 0.612650
vt 0.622037 0.456807
vt 0.624028 0.454216
vt 0.624028 0.457214
vt 0.497342 0.622142
vt 0.499429 0.624811
vt 0.497342 0.624533
vt 0.622990 0.482148
vt 0.624914 0.479355
vt 0.624684 0.481787
vt 0.622909 0.617134
vt 0.624801 0.614511
vt 0.624880 0.617410
vt 0.621908 0.405138
vt 0.619835 0.403455
vt 0.622156 0.403032
vt 0.622990 0.487851
vt 0.624789 0.490550
vt 0.622990 0.490661
vt 0.622200 0.611590
vt 0.620070 0.613540
vt 0.619985 0.611449
vt 0.619987 0.609619
vt 0.619911 0.406977
vt 0.619541 0.405349
vt 0.524423 0.621970
vt 0.526127 0.624494
vt 0.524493 0.624715
vt 0.622277 0.557642
vt 0.624173 0.560270
vt 0.622196 0.560577
vt 0.624825 0.527254
vt 0.623233 0.529531
vt 0.623177 0.527254
vt 0.622990 0.487432
vt 0.624701 0.485193
vt 0.624790 0.487851
vt 0.471052 0.571216
vt 0.469367 0.569675
vt 0.471052 0.569454
vt 0.472672 0.569760
vt 0.471052 0.571099
vt 0.471052 0.569454
vt 0.421131 0.616350
vt 0.414358 0.611835
vt 0.421296 0.611258
vt 0.412023 0.618174
vt 0.416259 0.618174
vt 0.409977 0.607547
vt 0.414620 0.605662
vt 0.420280 0.606885
vt 0.607622 0.504163
vt 0.612349 0.508784
vt 0.606646 0.509848
vt 0.616903 0.502149
vt 0.611583 0.501108
vt 0.618331 0.514111
vt 0.613484 0.515543
vt 0.609261 0.514870
vt 0.598003 0.616595
vt 0.600577 0.613059
vt 0.601385 0.618643
vt 0.596030 0.608098
vt 0.595818 0.613044
vt 0.604998 0.607936
vt 0.606243 0.612707
vt 0.606243 0.616784
vt 0.459485 0.607000
vt 0.452774 0.611595
vt 0.454967 0.604367
vt 0.455894 0.617534
vt 0.459652 0.613588
vt 0.447166 0.614535
vt 0.447166 0.609736
vt 0.449161 0.603511
vt 0.447133 0.603766
vt 0.441926 0.606837
vt 0.443618 0.599876
vt 0.444336 0.614365
vt 0.447133 0.609467
vt 0.436354 0.611293
vt 0.435755 0.604109
vt 0.438885 0.599254
vt 0.607511 0.518122
vt 0.612076 0.523737
vt 0.606646 0.524590
vt 0.612175 0.515612
vt 0.617542 0.522630
vt 0.616136 0.527954
vt 0.612000 0.530236
vt 0.607399 0.530317
vt 0.581913 0.592929
vt 0.580306 0.590421
vt 0.581967 0.589862
vt 0.567472 0.533269
vt 0.569007 0.531183
vt 0.569007 0.533220
vt 0.426334 0.493504
vt 0.424820 0.496222
vt 0.424919 0.492987
vt 0.388757 0.624566
vt 0.386756 0.622501
vt 0.388799 0.622297
vt 0.623995 0.435435
vt 0.622383 0.437773
vt 0.622383 0.434946
vt 0.428153 0.496445
vt 0.427928 0.492987
vt 0.598166 0.555162
vt 0.601193 0.556785
vt 0.598045 0.557151
vt 0.505576 0.605979
vt 0.502248 0.603946
vt 0.505706 0.604014
vt 0.505330 0.601973
vt 0.601290 0.552940
vt 0.601246 0.554918
vt 0.604087 0.621045
vt 0.601743 0.619208
vt 0.604087 0.618643
vt 0.614546 0.532981
vt 0.616826 0.530673
vt 0.616826 0.533327
vt 0.549433 0.620820
vt 0.547443 0.618015
vt 0.549433 0.618455
vt 0.548624 0.623079
vt 0.547236 0.620558
vt 0.544843 0.622360
vt 0.544771 0.620353
vt 0.545391 0.618335
vt 0.614637 0.414538
vt 0.616517 0.416649
vt 0.614378 0.416966
vt 0.617927 0.413896
vt 0.616588 0.413998
vt 0.551661 0.497692
vt 0.549517 0.498928
vt 0.549182 0.496940
vt 0.614378 0.418580
vt 0.606087 0.553109
vt 0.608428 0.555215
vt 0.606087 0.555041
vt 0.609724 0.552768
vt 0.607963 0.552539
vt 0.424839 0.462831
vt 0.427845 0.461603
vt 0.427041 0.464039
vt 0.606448 0.556902
vt 0.619823 0.576516
vt 0.622086 0.578385
vt 0.619416 0.578357
vt 0.622067 0.576080
vt 0.624550 0.576987
vt 0.427517 0.458750
vt 0.425954 0.461345
vt 0.425248 0.459173
vt 0.424839 0.457660
vt 0.426419 0.456600
vt 0.619709 0.572234
vt 0.622038 0.573550
vt 0.619416 0.574276
vt 0.623977 0.571779
vt 0.622012 0.571391
vt 0.624134 0.575458
vt 0.553297 0.500426
vt 0.550952 0.501959
vt 0.551423 0.499402
vt 0.552510 0.503900
vt 0.553350 0.502750
vt 0.548671 0.502647
vt 0.548668 0.500805
vt 0.389884 0.604032
vt 0.391218 0.606197
vt 0.389384 0.606352
vt 0.391376 0.603647
vt 0.393094 0.606043
vt 0.392798 0.608398
vt 0.391116 0.608762
vt 0.389795 0.608353
vt 0.413191 0.618370
vt 0.411638 0.620984
vt 0.411457 0.618174
vt 0.413268 0.622744
vt 0.413710 0.620693
vt 0.409741 0.623481
vt 0.409309 0.621183
vt 0.409309 0.618393
vt 0.485424 0.604909
vt 0.483743 0.607572
vt 0.483534 0.604741
vt 0.485781 0.607651
vt 0.484090 0.610307
vt 0.482540 0.609896
vt 0.481525 0.607489
vt 0.481748 0.604825
vt 0.454462 0.623342
vt 0.456681 0.620792
vt 0.456398 0.623322
vt 0.452419 0.623058
vt 0.454549 0.620597
vt 0.452883 0.617927
vt 0.454665 0.617927
vt 0.456494 0.618274
vt 0.405850 0.611811
vt 0.407576 0.613326
vt 0.406179 0.613437
vt 0.405880 0.609647
vt 0.407550 0.611383
vt 0.407597 0.609112
vt 0.409309 0.610859
vt 0.409174 0.612854
vt 0.484149 0.614517
vt 0.485781 0.612811
vt 0.485544 0.614517
vt 0.482638 0.614062
vt 0.483977 0.612411
vt 0.482398 0.612118
vt 0.483865 0.610307
vt 0.485468 0.610902
vt 0.543442 0.430624
vt 0.544761 0.432515
vt 0.542816 0.432256
vt 0.546793 0.431070
vt 0.545057 0.430408
vt 0.546388 0.434551
vt 0.544595 0.434765
vt 0.543079 0.434082
vt 0.507436 0.602558
vt 0.509331 0.604047
vt 0.507509 0.604337
vt 0.579455 0.461955
vt 0.577543 0.463391
vt 0.577987 0.461309
vt 0.579463 0.465277
vt 0.578055 0.465277
vt 0.507543 0.605770
vt 0.586340 0.556931
vt 0.584795 0.554963
vt 0.586727 0.555303
vt 0.582948 0.556598
vt 0.584669 0.557049
vt 0.582928 0.554871
vt 0.584913 0.552940
vt 0.586450 0.553779
vt 0.588937 0.553152
vt 0.586727 0.554799
vt 0.587326 0.552940
vt 0.588588 0.556421
vt 0.588917 0.554790
vt 0.598045 0.554721
vt 0.596384 0.556602
vt 0.596202 0.554733
vt 0.596032 0.553178
vt 0.597352 0.552940
vt 0.505706 0.604170
vt 0.505932 0.602057
vt 0.590495 0.555054
vt 0.590314 0.552991
vt 0.581497 0.463638
vt 0.579425 0.463732
vt 0.594279 0.555051
vt 0.594452 0.552976
vt 0.595074 0.556875
vt 0.619753 0.560468
vt 0.622196 0.557782
vt 0.622196 0.560931
vt 0.622566 0.535863
vt 0.624257 0.534828
vt 0.624257 0.537113
vt 0.507573 0.621566
vt 0.505061 0.618949
vt 0.507718 0.618531
vt 0.594878 0.493522
vt 0.596308 0.494661
vt 0.594947 0.495947
vt 0.579962 0.609829
vt 0.581743 0.612751
vt 0.579962 0.613518
vt 0.580168 0.604358
vt 0.581935 0.601333
vt 0.581935 0.605076
vt 0.495158 0.618184
vt 0.490985 0.615487
vt 0.495531 0.614214
vt 0.490749 0.619422
vt 0.485788 0.615776
vt 0.487228 0.611286
vt 0.491155 0.610418
vt 0.495470 0.610086
vt 0.608680 0.610364
vt 0.612133 0.605461
vt 0.612706 0.610628
vt 0.607411 0.601344
vt 0.607901 0.605685
vt 0.615369 0.601423
vt 0.617235 0.605405
vt 0.615952 0.610526
vt 0.512987 0.615732
vt 0.516584 0.611039
vt 0.516894 0.616779
vt 0.510993 0.610674
vt 0.516361 0.605821
vt 0.520566 0.607656
vt 0.522077 0.611600
vt 0.521215 0.616643
vt 0.622398 0.589721
vt 0.619955 0.585315
vt 0.624385 0.585453
vt 0.611185 0.388130
vt 0.616054 0.384344
vt 0.615042 0.389027
vt 0.612881 0.379258
vt 0.616934 0.378814
vt 0.619814 0.379240
vt 0.620590 0.384080
vt 0.611801 0.614319
vt 0.607411 0.613791
vt 0.517217 0.619021
vt 0.522077 0.619083
vt 0.620202 0.592897
vt 0.624385 0.592595
vt 0.490951 0.606981
vt 0.496655 0.606090
vt 0.615929 0.375000
vt 0.611314 0.375475
vt 0.392855 0.599185
vt 0.389384 0.601617
vt 0.389384 0.596924
vt 0.420074 0.552746
vt 0.422574 0.555197
vt 0.419927 0.554993
vt 0.601243 0.621432
vt 0.598645 0.619130
vt 0.601471 0.618643
vt 0.427915 0.479624
vt 0.425343 0.478015
vt 0.428029 0.477193
vt 0.488488 0.622310
vt 0.490958 0.619700
vt 0.491095 0.622578
vt 0.422584 0.550940
vt 0.422584 0.553109
vt 0.428029 0.482048
vt 0.425311 0.480020
vt 0.623145 0.378572
vt 0.624692 0.381919
vt 0.622958 0.381951
vt 0.595806 0.612603
vt 0.592829 0.615830
vt 0.592829 0.611965
vt 0.623703 0.464482
vt 0.622158 0.461155
vt 0.623703 0.460641
vt 0.619693 0.410531
vt 0.622186 0.407215
vt 0.622186 0.410678
vt 0.622969 0.472254
vt 0.624580 0.475028
vt 0.622969 0.475263
vt 0.622435 0.449191
vt 0.624130 0.446533
vt 0.624130 0.449689
vt 0.595818 0.624937
vt 0.597895 0.622083
vt 0.597775 0.624715
vt 0.622724 0.544822
vt 0.624470 0.546798
vt 0.622724 0.547794
vt 0.599545 0.432649
vt 0.601072 0.434596
vt 0.598456 0.434909
vt 0.501439 0.622486
vt 0.499590 0.624822
vt 0.499429 0.622089
vt 0.620590 0.388541
vt 0.622500 0.386730
vt 0.623067 0.389027
vt 0.600860 0.430957
vt 0.598456 0.430863
vt 0.426405 0.488679
vt 0.424883 0.490631
vt 0.424883 0.488376
vt 0.426676 0.492320
vt 0.426601 0.490511
vt 0.603575 0.557086
vt 0.602157 0.555636
vt 0.603983 0.555575
vt 0.605622 0.555293
vt 0.605647 0.556610
vt 0.542544 0.434635
vt 0.541065 0.432436
vt 0.542816 0.432935
vt 0.539224 0.434210
vt 0.540961 0.434635
vt 0.539180 0.430699
vt 0.541023 0.430408
vt 0.542712 0.431196
vt 0.414471 0.619657
vt 0.416076 0.618174
vt 0.416448 0.619796
vt 0.540138 0.581310
vt 0.538190 0.583130
vt 0.538428 0.580735
vt 0.539923 0.584979
vt 0.538202 0.585470
vt 0.418092 0.620054
vt 0.573945 0.464901
vt 0.575593 0.463204
vt 0.575665 0.465277
vt 0.573778 0.461700
vt 0.573774 0.463407
vt 0.576980 0.461057
vt 0.577543 0.462759
vt 0.576893 0.464106
vt 0.413844 0.622579
vt 0.416126 0.621771
vt 0.415613 0.623415
vt 0.414011 0.621253
vt 0.417866 0.621584
vt 0.428153 0.490428
vt 0.603520 0.553805
vt 0.606087 0.553337
vt 0.601292 0.552876
vt 0.603036 0.552121
vt 0.604928 0.552252
vt 0.391553 0.612896
vt 0.393094 0.610972
vt 0.393094 0.613014
vt 0.391148 0.609300
vt 0.391347 0.611194
vt 0.522415 0.606716
vt 0.523845 0.607389
vt 0.522077 0.608427
vt 0.523802 0.608934
vt 0.522260 0.610189
vt 0.393211 0.622306
vt 0.395097 0.620439
vt 0.394769 0.622423
vt 0.523891 0.610561
vt 0.397547 0.618927
vt 0.397319 0.620428
vt 0.396541 0.622263
vt 0.596759 0.434908
vt 0.595023 0.432785
vt 0.596664 0.433730
vt 0.426374 0.487523
vt 0.428153 0.485782
vt 0.428153 0.488178
vt 0.426549 0.484224
vt 0.427981 0.484001
vt 0.596607 0.432262
vt 0.548447 0.434656
vt 0.550572 0.432875
vt 0.550357 0.434656
vt 0.596655 0.430381
vt 0.598174 0.431942
vt 0.548311 0.432642
vt 0.547242 0.430559
vt 0.548580 0.430408
vt 0.550411 0.430938
vt 0.390277 0.612750
vt 0.395671 0.623567
vt 0.598456 0.433824
vt 0.389754 0.610900
vt 0.525537 0.609292
vt 0.523930 0.606061
vt 0.525502 0.607484
vt 0.425094 0.486053
vt 0.426363 0.485611
vt 0.424857 0.488376
vt 0.622046 0.608042
vt 0.619462 0.606774
vt 0.621909 0.605995
vt 0.617572 0.608782
vt 0.619920 0.609619
vt 0.617260 0.603656
vt 0.619262 0.603571
vt 0.621403 0.603551
vt 0.624459 0.582829
vt 0.621709 0.581949
vt 0.623908 0.580945
vt 0.623444 0.603740
vt 0.579160 0.494225
vt 0.581976 0.493011
vt 0.581602 0.495456
vt 0.622131 0.584772
vt 0.619416 0.583127
vt 0.534725 0.554319
vt 0.537293 0.551441
vt 0.536854 0.554541
vt 0.579825 0.492637
vt 0.581426 0.490692
vt 0.540000 0.549983
vt 0.539796 0.552105
vt 0.539051 0.554655
vt 0.425676 0.499206
vt 0.427900 0.501428
vt 0.425676 0.501487
vt 0.425791 0.497415
vt 0.428153 0.498902
vt 0.450871 0.623181
vt 0.449244 0.620488
vt 0.451800 0.620437
vt 0.449890 0.618269
vt 0.452093 0.617927
vt 0.621497 0.579624
vt 0.624459 0.578385
vt 0.534770 0.556725
vt 0.537133 0.557555
vt 0.539619 0.556998
vt 0.540000 0.559342
vt 0.537600 0.560041
vt 0.619688 0.600735
vt 0.622055 0.601296
vt 0.447166 0.620956
vt 0.448748 0.622935
vt 0.447166 0.623400
vt 0.622432 0.599289
vt 0.612701 0.500885
vt 0.615160 0.498315
vt 0.615189 0.500937
vt 0.522077 0.622209
vt 0.524397 0.624378
vt 0.522077 0.624622
vt 0.602835 0.501039
vt 0.605329 0.498382
vt 0.605329 0.501053
vt 0.624707 0.526689
vt 0.622568 0.524815
vt 0.624707 0.524383
vt 0.537402 0.623669
vt 0.539649 0.621476
vt 0.539680 0.624054
vt 0.621145 0.476619
vt 0.623416 0.478676
vt 0.621145 0.479221
vt 0.589512 0.621692
vt 0.587344 0.619270
vt 0.589871 0.618661
vt 0.399954 0.622532
vt 0.401882 0.619635
vt 0.401882 0.623579
vt 0.619563 0.568108
vt 0.622112 0.571391
vt 0.619872 0.571391
vt 0.542267 0.619805
vt 0.544204 0.622640
vt 0.542035 0.623720
vt 0.540435 0.623420
vt 0.398115 0.622797
vt 0.399703 0.618328
vt 0.610331 0.501081
vt 0.607876 0.498340
vt 0.610118 0.498421
vt 0.600193 0.498569
vt 0.597821 0.500999
vt 0.597541 0.498309
vt 0.390761 0.622297
vt 0.388799 0.624977
vt 0.388804 0.622299
vt 0.602777 0.498477
vt 0.600193 0.501025
vt 0.600193 0.498309
vt 0.620590 0.379256
vt 0.622725 0.381530
vt 0.620590 0.381951
vt 0.459403 0.621754
vt 0.457271 0.624097
vt 0.457271 0.621630
vt 0.401773 0.557865
vt 0.403822 0.549549
vt 0.407401 0.555676
vt 0.398199 0.552063
vt 0.400019 0.543975
vt 0.409342 0.547209
vt 0.413251 0.553331
vt 0.405795 0.541649
vt 0.465163 0.553389
vt 0.469012 0.547348
vt 0.468662 0.553969
vt 0.393196 0.553755
vt 0.396658 0.560131
vt 0.460615 0.535335
vt 0.467130 0.540375
vt 0.462520 0.541107
vt 0.459327 0.531990
vt 0.465355 0.533348
vt 0.393196 0.540771
vt 0.394504 0.546411
vt 0.403384 0.536382
vt 0.407817 0.535401
vt 0.410788 0.539031
vt 0.414629 0.544179
vt 0.417591 0.549394
vt 0.419378 0.553126
vt 0.416735 0.557120
vt 0.411301 0.560216
vt 0.472922 0.547260
vt 0.473215 0.554609
vt 0.569556 0.563789
vt 0.561746 0.570386
vt 0.561952 0.562691
vt 0.576302 0.564774
vt 0.568925 0.571598
vt 0.562423 0.577344
vt 0.576432 0.572033
vt 0.568449 0.580700
vt 0.461738 0.557309
vt 0.564836 0.557242
vt 0.576846 0.558405
vt 0.570478 0.557242
vt 0.581008 0.560256
vt 0.582033 0.571293
vt 0.581633 0.577195
vt 0.576563 0.580612
vt 0.463762 0.529606
vt 0.464843 0.523368
vt 0.468617 0.525620
vt 0.513734 0.534681
vt 0.515821 0.528872
vt 0.519836 0.534329
vt 0.522178 0.525316
vt 0.526301 0.529265
vt 0.526336 0.522287
vt 0.529655 0.522862
vt 0.531432 0.530691
vt 0.533941 0.523788
vt 0.536298 0.530938
vt 0.539632 0.525392
vt 0.520288 0.519124
vt 0.513879 0.513392
vt 0.519722 0.511837
vt 0.470516 0.518978
vt 0.475389 0.511129
vt 0.475432 0.519531
vt 0.519531 0.505122
vt 0.470475 0.504336
vt 0.475432 0.503353
vt 0.526254 0.517527
vt 0.514004 0.521321
vt 0.473428 0.526748
vt 0.465342 0.518355
vt 0.470664 0.511322
vt 0.465602 0.510999
vt 0.465748 0.499968
vt 0.468969 0.498487
vt 0.473871 0.496275
vt 0.544210 0.532133
vt 0.550555 0.528115
vt 0.550488 0.533376
vt 0.554469 0.528180
vt 0.555934 0.531748
vt 0.525781 0.510930
vt 0.525204 0.505258
vt 0.557727 0.512411
vt 0.549434 0.515283
vt 0.552419 0.509162
vt 0.552392 0.523118
vt 0.555242 0.517556
vt 0.547274 0.509055
vt 0.546852 0.521293
vt 0.544344 0.513948
vt 0.563284 0.511724
vt 0.560395 0.508516
vt 0.562094 0.515289
vt 0.556885 0.525068
vt 0.560153 0.520220
vt 0.540435 0.524758
vt 0.541311 0.519334
vt 0.462229 0.497763
vt 0.465378 0.494059
vt 0.458025 0.496682
vt 0.460629 0.492987
vt 0.543519 0.508802
vt 0.546004 0.505143
vt 0.549898 0.504885
vt 0.397283 0.533461
vt 0.396985 0.537820
vt 0.555537 0.504560
vt 0.540435 0.518269
vt 0.535569 0.510850
vt 0.540435 0.511066
vt 0.454792 0.552503
vt 0.448390 0.548622
vt 0.452320 0.546196
vt 0.456943 0.543491
vt 0.451082 0.539539
vt 0.455798 0.537528
vt 0.447230 0.542171
vt 0.458891 0.550690
vt 0.464513 0.548418
vt 0.534815 0.517515
vt 0.457218 0.558389
vt 0.450889 0.554518
vt 0.453356 0.559798
vt 0.447166 0.557420
vt 0.530761 0.517102
vt 0.530865 0.510750
vt 0.530150 0.504560
vt 0.560156 0.528238
vt 0.563284 0.523003
vt 0.450987 0.534029
vt 0.455654 0.532649
vt 0.451458 0.513169
vt 0.454845 0.508481
vt 0.455094 0.515252
vt 0.451079 0.506898
vt 0.456171 0.501760
vt 0.460391 0.509797
vt 0.460021 0.516378
vt 0.460793 0.503237
vt 0.448731 0.517051
vt 0.451407 0.519343
vt 0.447640 0.512096
vt 0.413826 0.535950
vt 0.417170 0.541208
vt 0.409035 0.532967
vt 0.451437 0.500235
vt 0.465902 0.504373
vt 0.460680 0.522504
vt 0.455656 0.521574
vt 0.608211 0.398635
vt 0.610563 0.396259
vt 0.610563 0.398875
vt 0.551350 0.613566
vt 0.553742 0.616267
vt 0.551347 0.616199
vt 0.605329 0.501077
vt 0.607757 0.498416
vt 0.607816 0.501081
vt 0.408659 0.623681
vt 0.406334 0.621323
vt 0.408689 0.620999
vt 0.432938 0.622095
vt 0.430573 0.624306
vt 0.430550 0.621946
vt 0.601471 0.622149
vt 0.599092 0.624463
vt 0.599088 0.622032
vt 0.622189 0.564511
vt 0.619563 0.560931
vt 0.622159 0.561276
vt 0.482427 0.618372
vt 0.485223 0.614517
vt 0.485029 0.618807
vt 0.584862 0.622366
vt 0.587344 0.618661
vt 0.587106 0.621811
vt 0.595698 0.611753
vt 0.592950 0.607830
vt 0.595818 0.607450
vt 0.621576 0.426053
vt 0.623950 0.429086
vt 0.621576 0.428991
vt 0.623191 0.431068
vt 0.620792 0.434124
vt 0.620792 0.430930
vt 0.611965 0.530317
vt 0.609535 0.533348
vt 0.609580 0.530634
vt 0.593865 0.623014
vt 0.595818 0.620913
vt 0.595818 0.623751
vt 0.622847 0.472416
vt 0.620558 0.474794
vt 0.620558 0.472146
vt 0.594878 0.489678
vt 0.596448 0.490711
vt 0.594878 0.492100
vt 0.622185 0.568322
vt 0.624111 0.570333
vt 0.622185 0.570901
vt 0.622718 0.550511
vt 0.620678 0.552408
vt 0.620520 0.549647
vt 0.466122 0.601838
vt 0.464073 0.600017
vt 0.466592 0.600360
vt 0.492142 0.622729
vt 0.493682 0.624745
vt 0.491893 0.624967
vt 0.443638 0.621448
vt 0.445501 0.619813
vt 0.446112 0.621448
vt 0.624884 0.388567
vt 0.623067 0.385909
vt 0.624833 0.386246
vt 0.464175 0.603444
vt 0.463411 0.601779
vt 0.443700 0.618363
vt 0.443140 0.619864
vt 0.459559 0.621122
vt 0.456687 0.618714
vt 0.459559 0.617927
vt 0.459652 0.621437
vt 0.462149 0.618970
vt 0.462392 0.622094
vt 0.609535 0.530453
vt 0.606762 0.533198
vt 0.606646 0.530317
vt 0.425562 0.518486
vt 0.428150 0.515213
vt 0.428150 0.518135
vt 0.531111 0.622882
vt 0.528696 0.619702
vt 0.531111 0.619574
vt 0.496786 0.619039
vt 0.499429 0.621664
vt 0.496655 0.622142
vt 0.603896 0.585152
vt 0.600445 0.581531
vt 0.604528 0.581736
vt 0.596867 0.584867
vt 0.600416 0.585060
vt 0.596867 0.577714
vt 0.600523 0.577427
vt 0.603978 0.578432
vt 0.555878 0.622865
vt 0.558375 0.620077
vt 0.558197 0.624058
vt 0.556140 0.616348
vt 0.555196 0.619670
vt 0.561399 0.616835
vt 0.561399 0.620574
vt 0.561206 0.623992
vt 0.423296 0.621726
vt 0.426287 0.618312
vt 0.426653 0.622622
vt 0.422584 0.614502
vt 0.422584 0.618227
vt 0.429440 0.614820
vt 0.430419 0.618262
vt 0.429932 0.621190
vt 0.622356 0.453126
vt 0.619511 0.449927
vt 0.622288 0.449729
vt 0.617304 0.453524
vt 0.619595 0.453579
vt 0.617195 0.447060
vt 0.619485 0.446168
vt 0.622356 0.446050
vt 0.621633 0.499087
vt 0.624297 0.495358
vt 0.624203 0.498982
vt 0.618733 0.498176
vt 0.621627 0.494785
vt 0.619029 0.490927
vt 0.621607 0.490901
vt 0.624297 0.491644
vt 0.562231 0.624260
vt 0.564916 0.620330
vt 0.564875 0.624433
vt 0.562043 0.616929
vt 0.561746 0.620927
vt 0.564891 0.616238
vt 0.567777 0.619749
vt 0.567777 0.623760
vt 0.580306 0.588905
vt 0.581845 0.586294
vt 0.581698 0.589861
vt 0.513490 0.624552
vt 0.515420 0.622535
vt 0.515420 0.624968
vt 0.418394 0.578957
vt 0.415008 0.580583
vt 0.415342 0.578967
vt 0.507718 0.624813
vt 0.505770 0.622527
vt 0.507718 0.622238
vt 0.624673 0.620751
vt 0.622973 0.617687
vt 0.624673 0.617410
vt 0.418249 0.582346
vt 0.418245 0.580655
vt 0.595506 0.443660
vt 0.599618 0.439996
vt 0.597925 0.445486
vt 0.596775 0.438495
vt 0.601433 0.434946
vt 0.602342 0.443226
vt 0.600664 0.447844
vt 0.603782 0.439036
vt 0.593193 0.446975
vt 0.594453 0.448522
vt 0.557248 0.470117
vt 0.554549 0.475175
vt 0.555883 0.470066
vt 0.557274 0.475478
vt 0.555610 0.480698
vt 0.558806 0.483912
vt 0.557925 0.480410
vt 0.557051 0.485742
vt 0.553421 0.481727
vt 0.412594 0.604215
vt 0.415567 0.597862
vt 0.416596 0.602182
vt 0.418345 0.596749
vt 0.419703 0.599372
vt 0.418154 0.605662
vt 0.421280 0.602488
vt 0.447166 0.560926
vt 0.442913 0.565876
vt 0.444174 0.560975
vt 0.599165 0.452461
vt 0.602609 0.450700
vt 0.600968 0.453333
vt 0.596566 0.450678
vt 0.589467 0.585315
vt 0.591418 0.579923
vt 0.593385 0.583167
vt 0.598495 0.457459
vt 0.595078 0.460151
vt 0.595150 0.456525
vt 0.587323 0.580129
vt 0.589591 0.575067
vt 0.583478 0.579291
vt 0.585736 0.574888
vt 0.591694 0.449451
vt 0.593171 0.452961
vt 0.441829 0.555607
vt 0.438960 0.550229
vt 0.443329 0.552937
vt 0.437663 0.553801
vt 0.433427 0.550140
vt 0.432958 0.553896
vt 0.428678 0.552278
vt 0.582106 0.574299
vt 0.584768 0.569578
vt 0.588665 0.570078
vt 0.591721 0.570373
vt 0.593244 0.573927
vt 0.595478 0.579027
vt 0.596867 0.581625
vt 0.589558 0.565127
vt 0.587404 0.559294
vt 0.591386 0.560698
vt 0.585757 0.564292
vt 0.584042 0.559358
vt 0.484685 0.511328
vt 0.480360 0.508996
vt 0.482897 0.506778
vt 0.482049 0.514413
vt 0.477965 0.511016
vt 0.593187 0.567165
vt 0.582033 0.569058
vt 0.429780 0.554693
vt 0.425074 0.556243
vt 0.424688 0.561987
vt 0.422585 0.561531
vt 0.479236 0.516314
vt 0.475599 0.512000
vt 0.475432 0.507868
vt 0.476655 0.506299
vt 0.478819 0.504101
vt 0.481357 0.501802
vt 0.485047 0.503706
vt 0.483310 0.500719
vt 0.595111 0.562972
vt 0.593270 0.557242
vt 0.596867 0.559169
vt 0.409949 0.588982
vt 0.412040 0.593047
vt 0.409309 0.594197
vt 0.480546 0.497365
vt 0.477137 0.494925
vt 0.480142 0.492987
vt 0.413395 0.587700
vt 0.416125 0.592599
vt 0.414678 0.582376
vt 0.417219 0.587801
vt 0.561410 0.485878
vt 0.565876 0.487867
vt 0.560962 0.488940
vt 0.570714 0.487876
vt 0.566018 0.490692
vt 0.574106 0.487346
vt 0.571106 0.490490
vt 0.477517 0.498776
vt 0.475432 0.501935
vt 0.422585 0.571493
vt 0.426841 0.572015
vt 0.425304 0.574836
vt 0.418322 0.583224
vt 0.420393 0.588835
vt 0.419367 0.593096
vt 0.411447 0.599173
vt 0.409331 0.599292
vt 0.566333 0.470966
vt 0.561521 0.476138
vt 0.561446 0.470644
vt 0.571054 0.472591
vt 0.566144 0.476871
vt 0.561605 0.481129
vt 0.571313 0.477765
vt 0.565985 0.482450
vt 0.559172 0.467582
vt 0.561822 0.466084
vt 0.571332 0.467900
vt 0.566599 0.465364
vt 0.574324 0.469926
vt 0.575163 0.473501
vt 0.575406 0.483972
vt 0.571037 0.483336
vt 0.440941 0.559611
vt 0.434100 0.564000
vt 0.436143 0.558065
vt 0.438940 0.565031
vt 0.432358 0.569111
vt 0.431300 0.558015
vt 0.427991 0.567948
vt 0.428793 0.562867
vt 0.603782 0.454748
vt 0.601228 0.457122
vt 0.440775 0.570529
vt 0.438738 0.573683
vt 0.436940 0.569967
vt 0.430993 0.573165
vt 0.424116 0.570473
vt 0.423569 0.567205
vt 0.427525 0.557470
vt 0.617632 0.426795
vt 0.614761 0.429697
vt 0.614761 0.425782
vt 0.533824 0.582915
vt 0.532815 0.585813
vt 0.530478 0.583834
vt 0.602932 0.529154
vt 0.598290 0.531850
vt 0.598709 0.528371
vt 0.599578 0.525182
vt 0.602903 0.525076
vt 0.616542 0.422023
vt 0.619764 0.424186
vt 0.619336 0.622364
vt 0.622909 0.619022
vt 0.622153 0.622790
vt 0.618837 0.615788
vt 0.622088 0.614371
vt 0.620906 0.422339
vt 0.558545 0.427110
vt 0.558513 0.432151
vt 0.555667 0.429120
vt 0.563221 0.430983
vt 0.562031 0.429005
vt 0.615155 0.389027
vt 0.615403 0.392753
vt 0.612068 0.391283
vt 0.553769 0.430941
vt 0.538093 0.580500
vt 0.536481 0.584489
vt 0.534667 0.577022
vt 0.534426 0.579838
vt 0.611185 0.395693
vt 0.615126 0.396516
vt 0.614662 0.398542
vt 0.611572 0.398802
vt 0.621576 0.427665
vt 0.618413 0.430061
vt 0.554070 0.425625
vt 0.558107 0.423975
vt 0.530118 0.579684
vt 0.614936 0.619210
vt 0.619173 0.619326
vt 0.595106 0.528009
vt 0.618792 0.394974
vt 0.618792 0.390529
vt 0.420099 0.557541
vt 0.422107 0.555931
vt 0.422585 0.558324
vt 0.422205 0.559779
vt 0.419624 0.559255
vt 0.623090 0.416588
vt 0.621359 0.415497
vt 0.622956 0.413896
vt 0.386609 0.622541
vt 0.384722 0.624884
vt 0.384722 0.622297
vt 0.624713 0.518354
vt 0.622530 0.515513
vt 0.624490 0.515706
vt 0.622657 0.556136
vt 0.624767 0.553238
vt 0.624767 0.555815
vt 0.582033 0.608724
vt 0.586422 0.612727
vt 0.582033 0.613759
vt 0.586925 0.607450
vt 0.592486 0.611837
vt 0.591340 0.616823
vt 0.586246 0.618661
vt 0.582351 0.618312
vt 0.405074 0.609546
vt 0.399433 0.614417
vt 0.399202 0.608563
vt 0.405327 0.617968
vt 0.405319 0.614065
vt 0.400116 0.618175
vt 0.393196 0.612869
vt 0.394427 0.608249
vt 0.619416 0.580420
vt 0.613531 0.576692
vt 0.619416 0.575006
vt 0.614984 0.582770
vt 0.609360 0.578936
vt 0.609814 0.574341
vt 0.613268 0.571391
vt 0.618038 0.571509
vt 0.432103 0.609772
vt 0.435755 0.602778
vt 0.435755 0.610870
vt 0.613110 0.419363
vt 0.607925 0.424083
vt 0.607787 0.419131
vt 0.614761 0.428145
vt 0.609892 0.430296
vt 0.602429 0.426891
vt 0.605518 0.431093
vt 0.422584 0.608870
vt 0.428443 0.612689
vt 0.424803 0.614497
vt 0.400082 0.604028
vt 0.426087 0.606275
vt 0.429302 0.599254
vt 0.430943 0.603716
vt 0.510732 0.601140
vt 0.505722 0.595027
vt 0.510809 0.595925
vt 0.611956 0.433443
vt 0.605586 0.434494
vt 0.502083 0.593531
vt 0.506326 0.588319
vt 0.510809 0.589358
vt 0.582727 0.490087
vt 0.588209 0.494683
vt 0.582188 0.495161
vt 0.593268 0.488369
vt 0.587886 0.488369
vt 0.594670 0.500030
vt 0.588307 0.501108
vt 0.582790 0.500106
vt 0.538990 0.570850
vt 0.535410 0.575988
vt 0.534504 0.571423
vt 0.485194 0.523870
vt 0.481075 0.527075
vt 0.480630 0.521651
vt 0.476856 0.525679
vt 0.475432 0.520628
vt 0.480013 0.516806
vt 0.475589 0.516831
vt 0.497714 0.606643
vt 0.502113 0.612166
vt 0.496655 0.612107
vt 0.507657 0.608115
vt 0.503087 0.606091
vt 0.506113 0.618452
vt 0.501094 0.618531
vt 0.496655 0.617254
vt 0.618245 0.487888
vt 0.622990 0.485289
vt 0.622849 0.490901
vt 0.618245 0.483215
vt 0.622702 0.480183
vt 0.613313 0.585315
vt 0.617272 0.589880
vt 0.612733 0.589848
vt 0.607769 0.585512
vt 0.607411 0.589947
vt 0.534993 0.565493
vt 0.540327 0.565750
vt 0.530389 0.566336
vt 0.531641 0.562596
vt 0.535641 0.561085
vt 0.540215 0.561516
vt 0.609644 0.598591
vt 0.613309 0.595052
vt 0.613944 0.599258
vt 0.607798 0.595320
vt 0.618357 0.594671
vt 0.618208 0.598296
vt 0.424335 0.498870
vt 0.420258 0.501536
vt 0.421752 0.497146
vt 0.425554 0.504400
vt 0.422821 0.505032
vt 0.425554 0.510151
vt 0.421145 0.510989
vt 0.418992 0.507232
vt 0.573913 0.614003
vt 0.576944 0.618931
vt 0.574169 0.618652
vt 0.574105 0.608164
vt 0.577111 0.613542
vt 0.577075 0.606521
vt 0.579962 0.611445
vt 0.579763 0.616926
vt 0.614278 0.544991
vt 0.617685 0.547844
vt 0.614948 0.550357
vt 0.614278 0.539718
vt 0.617020 0.541069
vt 0.616336 0.534165
vt 0.620086 0.537003
vt 0.620232 0.543261
vt 0.419017 0.573891
vt 0.422391 0.568416
vt 0.421387 0.574138
vt 0.415922 0.572685
vt 0.418520 0.567263
vt 0.415290 0.562657
vt 0.417877 0.560216
vt 0.420896 0.563429
vt 0.427578 0.450835
vt 0.424839 0.452821
vt 0.424839 0.449311
vt 0.427795 0.456600
vt 0.428025 0.453633
vt 0.415008 0.576721
vt 0.418699 0.578600
vt 0.422199 0.578957
vt 0.573484 0.604917
vt 0.423329 0.514862
vt 0.419870 0.514775
vt 0.409309 0.604941
vt 0.406928 0.607030
vt 0.405777 0.604028
vt 0.576350 0.601164
vt 0.579363 0.606224
vt 0.522155 0.612177
vt 0.523736 0.614504
vt 0.522108 0.613777
vt 0.525005 0.612790
vt 0.523451 0.612448
vt 0.594279 0.555210
vt 0.592532 0.556863
vt 0.592423 0.555612
vt 0.592259 0.553725
vt 0.593741 0.553211
vt 0.594962 0.430870
vt 0.592866 0.432603
vt 0.593231 0.430340
vt 0.594621 0.434753
vt 0.595023 0.432762
vt 0.590773 0.434080
vt 0.590456 0.432238
vt 0.591368 0.430340
vt 0.585387 0.463026
vt 0.587333 0.461339
vt 0.586876 0.463342
vt 0.509886 0.585605
vt 0.508492 0.583861
vt 0.510514 0.583608
vt 0.553690 0.608493
vt 0.551321 0.609555
vt 0.551522 0.608089
vt 0.588461 0.463576
vt 0.550287 0.613383
vt 0.551588 0.611514
vt 0.552028 0.613534
vt 0.549937 0.609967
vt 0.549572 0.611738
vt 0.553035 0.609434
vt 0.553742 0.611204
vt 0.553742 0.612873
vt 0.523747 0.610655
vt 0.585433 0.464495
vt 0.587184 0.465112
vt 0.589099 0.465150
vt 0.525492 0.611347
vt 0.590495 0.555065
vt 0.590495 0.552940
vt 0.590977 0.556859
vt 0.508566 0.587887
vt 0.507068 0.586266
vt 0.508310 0.585978
vt 0.510514 0.587233
vt 0.611725 0.477339
vt 0.615082 0.479143
vt 0.612401 0.479143
vt 0.622530 0.520596
vt 0.624507 0.519293
vt 0.624646 0.521288
vt 0.617347 0.431930
vt 0.615480 0.430121
vt 0.617983 0.430061
vt 0.622456 0.444996
vt 0.624379 0.443684
vt 0.624379 0.446050
vt 0.614390 0.475414
vt 0.614296 0.477314
vt 0.617663 0.433893
vt 0.614761 0.431921
vt 0.408988 0.620793
vt 0.406334 0.617393
vt 0.409252 0.617106
vt 0.621005 0.414059
vt 0.618708 0.417920
vt 0.618708 0.413896
vt 0.619985 0.609619
vt 0.617337 0.613827
vt 0.617235 0.610129
vt 0.589871 0.618780
vt 0.592396 0.622266
vt 0.589968 0.622266
vt 0.589099 0.464852
vt 0.591503 0.462108
vt 0.591663 0.465221
vt 0.425799 0.502368
vt 0.428153 0.504934
vt 0.425562 0.505883
vt 0.595902 0.622069
vt 0.576295 0.618931
vt 0.504923 0.622025
vt 0.579036 0.622134
vt 0.510496 0.610773
vt 0.507718 0.619483
vt 0.620792 0.434124
vt 0.578692 0.490632
vt 0.421296 0.618174
vt 0.485117 0.621899
vt 0.421578 0.578957
vt 0.485788 0.622510
vt 0.587344 0.622272
vt 0.485788 0.622875
vt 0.622998 0.471343
vt 0.575746 0.622079
vt 0.581947 0.597652
vt 0.420912 0.621951
vt 0.581758 0.613518
vt 0.606528 0.624803
vt 0.622041 0.403032
vt 0.502833 0.624818
vt 0.485674 0.393635
vt 0.485763 0.400811
vt 0.485763 0.407561
vt 0.428153 0.441272
vt 0.541956 0.438851
vt 0.602932 0.531450
vt 0.509217 0.504560
vt 0.514815 0.499971
vt 0.433451 0.422968
vt 0.490573 0.493367
vt 0.485788 0.466396
vt 0.387652 0.389376
vt 0.497422 0.504112
vt 0.528265 0.503538
vt 0.595683 0.503858
vt 0.379265 0.393369
vt 0.510743 0.614987
vt 0.487848 0.461191
vt 0.437637 0.492987
vt 0.512706 0.431408
vt 0.509605 0.433972
vt 0.495817 0.431464
vt 0.375262 0.425872
vt 0.431227 0.496544
vt 0.436008 0.388025
vt 0.451040 0.380756
vt 0.463411 0.584092
vt 0.481861 0.529606
vt 0.444418 0.496658
vt 0.377010 0.411965
vt 0.497455 0.589454
vt 0.600145 0.482208
vt 0.603525 0.416256
vt 0.604706 0.400370
vt 0.611923 0.494638
vt 0.599146 0.540889
vt 0.487610 0.606091
vt 0.486589 0.588293
vt 0.377788 0.596924
vt 0.623547 0.422802
vt 0.622356 0.449947
vt 0.622692 0.375000
vt 0.581942 0.605076
vt 0.550572 0.430408
vt 0.579160 0.504290
vt 0.526137 0.604059
vt 0.583087 0.600333
vt 0.562168 0.616238
vt 0.425123 0.531060
vt 0.526137 0.586343
vt 0.604724 0.585315
vt 0.618331 0.501108
vt 0.594546 0.430340
vt 0.592047 0.400684
vt 0.553747 0.613323
vt 0.556141 0.616337
vt 0.539840 0.548059
vt 0.468007 0.574040
vt 0.471468 0.571592
vt 0.568264 0.504560
vt 0.572844 0.506426
vt 0.558874 0.423225
vt 0.553769 0.420644
vt 0.406121 0.497146
vt 0.578640 0.424248
vt 0.619110 0.413896
vt 0.539176 0.621035
vt 0.506872 0.540275
vt 0.587297 0.427277
vt 0.485638 0.604741
vt 0.586795 0.433089
vt 0.378563 0.547643
vt 0.463411 0.594200
vt 0.465536 0.592078
vt 0.547771 0.496940
vt 0.466504 0.600017
vt 0.548668 0.500652
vt 0.622189 0.564577
vt 0.620520 0.551315
vt 0.426950 0.471328
vt 0.469924 0.561189
vt 0.472725 0.565022
vt 0.390856 0.621505
vt 0.614421 0.530317
vt 0.446230 0.621448
vt 0.618792 0.396092
vt 0.622530 0.524383
vt 0.624359 0.399313
vt 0.523477 0.618885
vt 0.622566 0.534104
vt 0.419434 0.536166
vt 0.469367 0.569454
vt 0.376879 0.461415
vt 0.374955 0.493274
vt 0.417350 0.460923
vt 0.420157 0.465081
vt 0.389836 0.499422
vt 0.455499 0.436066
vt 0.510284 0.583608
vt 0.548560 0.496940
vt 0.514081 0.410701
vt 0.427955 0.526109
vt 0.544314 0.489472
vt 0.553082 0.491499
vt 0.540374 0.575988
vt 0.515318 0.386897
vt 0.553365 0.444083
vt 0.552670 0.421312
vt 0.540426 0.430400
vt 0.379485 0.441272
vt 0.538691 0.416802
vt 0.449801 0.435736
vt 0.622186 0.410034
vt 0.617626 0.498301
vt 0.578389 0.624795
vt 0.418520 0.621951
vt 0.384723 0.624540
vt 0.589871 0.624712
vt 0.528860 0.608000
vt 0.424985 0.477193
vt 0.441029 0.592282
vt 0.612009 0.479355
vt 0.462392 0.624939
vt 0.427571 0.515213
vt 0.463229 0.623435
vt 0.393175 0.613269
vt 0.426639 0.483823
vt 0.491095 0.622578
vt 0.572213 0.531548
vt 0.565425 0.533234
vt 0.570617 0.531281
vt 0.570830 0.533081
vt 0.624474 0.537113
vt 0.621931 0.457214
vt 0.622718 0.549812
vt 0.581965 0.593875
vt 0.623028 0.381951
vt 0.482398 0.622096
vt 0.603225 0.577427
vt 0.534178 0.614616
vt 0.604144 0.391742
vt 0.602816 0.557242
vt 0.599086 0.383849
vt 0.608818 0.539147
vt 0.474197 0.598242
vt 0.553737 0.490692
vt 0.624925 0.596063
vt 0.519356 0.622601
vt 0.563284 0.531101
vt 0.585418 0.622366
vt 0.623637 0.422802
vt 0.606528 0.618643
vt 0.582025 0.465277
vt 0.518746 0.622438
vt 0.620559 0.465459
vt 0.622289 0.413800
vt 0.622408 0.413449
vt 0.579036 0.622103
vt 0.493682 0.622601
vt 0.582033 0.618661
vt 0.578692 0.487463
vt 0.467812 0.575540
vt 0.522219 0.585843
vt 0.543257 0.585941
vt 0.542900 0.563382
vt 0.465884 0.563077
vt 0.579642 0.534127
vt 0.582928 0.544895
vt 0.450303 0.561442
vt 0.500556 0.566257
vt 0.401882 0.618379
vt 0.394811 0.563891
vt 0.376358 0.620024
vt 0.549572 0.617179
vt 0.542060 0.618015
vt 0.390762 0.617531
vt 0.611729 0.465420
vt 0.620559 0.467089
vt 0.612857 0.557242
vt 0.619309 0.560822
vt 0.579036 0.622103
vt 0.599766 0.462564
vt 0.601472 0.622164
vt 0.622909 0.623773
vt 0.582033 0.624589
vt 0.526137 0.622701
vt 0.393181 0.621505
vt 0.623028 0.381951
vt 0.620520 0.557048
vt 0.425650 0.506276
vt 0.425831 0.510500
vt 0.610331 0.498301
vt 0.619020 0.396024
vt 0.573205 0.623487
vt 0.581557 0.434793
vt 0.598625 0.391742
vt 0.624435 0.389102
vt 0.608131 0.395383
vt 0.568419 0.623487
vt 0.610503 0.552539
vt 0.426735 0.526109
vt 0.618088 0.476928
vt 0.419627 0.534355
vt 0.613907 0.556762
vt 0.540435 0.537154
vt 0.618642 0.515543
vt 0.572257 0.380267
vt 0.591642 0.452344
vt 0.561746 0.537231
vt 0.561089 0.543411
vt 0.441017 0.598252
vt 0.501750 0.562817
vt 0.428428 0.596395
vt 0.554980 0.398898
vt 0.554087 0.380884
vt 0.581519 0.458402
vt 0.510993 0.555399
vt 0.608131 0.391742
vt 0.524887 0.618885
vt 0.622041 0.398898
vt 0.595818 0.616167
vt 0.513446 0.622075
vt 0.622295 0.564577
vt 0.385790 0.575420
vt 0.460559 0.601592
vt 0.400747 0.602056
vt 0.395087 0.604028
vt 0.407439 0.593613
vt 0.567450 0.588300
vt 0.567572 0.600257
vt 0.592212 0.398314
vt 0.584927 0.398035
vt 0.561746 0.583373
vt 0.374955 0.591044
vt 0.376493 0.575420
vt 0.595536 0.470844
vt 0.448381 0.600448
vt 0.622538 0.540881
vt 0.622724 0.544346
vt 0.518694 0.619083
vt 0.496136 0.622744
vt 0.621188 0.515263
vt 0.499483 0.621867
vt 0.572522 0.430129
vt 0.610325 0.623603
vt 0.481133 0.613416
vt 0.482158 0.623579
vt 0.475196 0.617563
vt 0.572698 0.423975
vt 0.615964 0.446050
vt 0.509331 0.604869
vt 0.580564 0.580700
vt 0.581210 0.495457
vt 0.551347 0.613534
vt 0.624610 0.375000
vt 0.623152 0.418134
vt 0.409023 0.613588
vt 0.623177 0.529941
vt 0.443140 0.616243
vt 0.579325 0.434599
vt 0.441017 0.598615
vt 0.609214 0.580542
vt 0.617542 0.529616
vt 0.579325 0.428103
vt 0.435755 0.621660
vt 0.618367 0.592946
vt 0.549746 0.616337
vt 0.615451 0.441261
vt 0.615964 0.450276
vt 0.420176 0.518736
vt 0.579160 0.503644
vt 0.566602 0.503806
vt 0.554641 0.602364
vt 0.466019 0.618364
vt 0.622295 0.564577
vt 0.513446 0.619084
vt 0.531111 0.619574
vt 0.599908 0.462676
vt 0.591694 0.465353
vt 0.534333 0.621035
vt 0.597541 0.501108
vt 0.624202 0.403032
vt 0.597070 0.465050
vt 0.620232 0.544346
vt 0.510096 0.622871
vt 0.622383 0.441426
vt 0.622706 0.543981
vt 0.622297 0.609619
vt 0.621931 0.453782
vt 0.499178 0.622175
vt 0.622990 0.479508
vt 0.622909 0.614371
vt 0.624842 0.487943
vt 0.622297 0.613541
vt 0.622297 0.609978
vt 0.622156 0.406910
vt 0.526133 0.621970
vt 0.624173 0.557242
vt 0.624815 0.529941
vt 0.622990 0.484900
vt 0.469379 0.571181
vt 0.472675 0.571227
vt 0.409309 0.613117
vt 0.618331 0.507966
vt 0.600292 0.607580
vt 0.450810 0.617927
vt 0.440184 0.614279
vt 0.617542 0.515543
vt 0.580306 0.593875
vt 0.567280 0.531101
vt 0.426604 0.496764
vt 0.386756 0.624825
vt 0.624157 0.438518
vt 0.502416 0.605805
vt 0.502083 0.601973
vt 0.598045 0.553137
vt 0.601471 0.622164
vt 0.614421 0.530317
vt 0.546642 0.623287
vt 0.618708 0.416127
vt 0.616171 0.419093
vt 0.610503 0.554662
vt 0.608504 0.557203
vt 0.624284 0.573374
vt 0.550583 0.503900
vt 0.393094 0.603531
vt 0.411732 0.623750
vt 0.485781 0.610108
vt 0.452093 0.620315
vt 0.409309 0.608732
vt 0.482447 0.610341
vt 0.546793 0.432854
vt 0.508849 0.601973
vt 0.508932 0.605933
vt 0.582948 0.552940
vt 0.586874 0.556949
vt 0.597841 0.556875
vt 0.506200 0.605933
vt 0.589781 0.556949
vt 0.581102 0.461409
vt 0.580868 0.465245
vt 0.619563 0.557242
vt 0.622602 0.533496
vt 0.505061 0.622237
vt 0.596308 0.492100
vt 0.581698 0.609234
vt 0.579962 0.600736
vt 0.486521 0.618980
vt 0.611397 0.599258
vt 0.511907 0.606332
vt 0.618357 0.589960
vt 0.611185 0.384451
vt 0.616282 0.614371
vt 0.485788 0.607947
vt 0.392752 0.603531
vt 0.598645 0.622032
vt 0.488488 0.619422
vt 0.419895 0.550140
vt 0.425381 0.482274
vt 0.624692 0.378617
vt 0.595818 0.616105
vt 0.621931 0.464583
vt 0.619541 0.406977
vt 0.624707 0.472146
vt 0.622356 0.446050
vt 0.595818 0.622349
vt 0.624447 0.544346
vt 0.602057 0.432951
vt 0.501439 0.625000
vt 0.620590 0.385909
vt 0.425168 0.492987
vt 0.601292 0.557203
vt 0.538691 0.432178
vt 0.413710 0.618174
vt 0.540138 0.583310
vt 0.418368 0.618618
vt 0.575524 0.461057
vt 0.427835 0.492438
vt 0.601342 0.554077
vt 0.392644 0.608784
vt 0.393196 0.620471
vt 0.395705 0.618175
vt 0.595023 0.434815
vt 0.595248 0.431197
vt 0.546793 0.432167
vt 0.397547 0.623098
vt 0.389704 0.608762
vt 0.525537 0.605821
vt 0.425229 0.483977
vt 0.617235 0.606197
vt 0.619610 0.585285
vt 0.534989 0.551746
vt 0.579160 0.490808
vt 0.537830 0.549690
vt 0.427911 0.496764
vt 0.617235 0.601186
vt 0.620255 0.599258
vt 0.612701 0.498301
vt 0.602777 0.498309
vt 0.622530 0.527254
vt 0.537402 0.621035
vt 0.623451 0.475945
vt 0.622185 0.567700
vt 0.544771 0.618015
vt 0.540435 0.619473
vt 0.397547 0.618175
vt 0.607816 0.501081
vt 0.600193 0.501030
vt 0.390761 0.624693
vt 0.602750 0.500885
vt 0.622958 0.378685
vt 0.459559 0.624516
vt 0.462079 0.529606
vt 0.466369 0.561189
vt 0.581669 0.565007
vt 0.510993 0.529205
vt 0.513694 0.506025
vt 0.544153 0.527555
vt 0.541152 0.513814
vt 0.403675 0.532747
vt 0.450133 0.561189
vt 0.447166 0.505344
vt 0.453720 0.495257
vt 0.608131 0.396028
vt 0.553742 0.613534
vt 0.605329 0.498309
vt 0.406334 0.624023
vt 0.432938 0.624589
vt 0.601471 0.624580
vt 0.619563 0.564577
vt 0.482398 0.614517
vt 0.584862 0.619236
vt 0.592950 0.611965
vt 0.623776 0.426279
vt 0.623117 0.433876
vt 0.611965 0.532916
vt 0.593658 0.620355
vt 0.622969 0.475355
vt 0.596242 0.488369
vt 0.624285 0.567700
vt 0.622718 0.553238
vt 0.623067 0.388020
vt 0.466639 0.603444
vt 0.446230 0.618020
vt 0.456681 0.621630
vt 0.459652 0.618364
vt 0.609535 0.533355
vt 0.425732 0.515607
vt 0.528778 0.622832
vt 0.597131 0.581394
vt 0.558455 0.616337
vt 0.426159 0.614497
vt 0.615964 0.450202
vt 0.618245 0.494062
vt 0.567378 0.616244
vt 0.580306 0.585152
vt 0.513446 0.622151
vt 0.505656 0.624863
vt 0.622909 0.620796
vt 0.415048 0.582346
vt 0.598506 0.435346
vt 0.593160 0.442774
vt 0.555200 0.487881
vt 0.445596 0.566443
vt 0.598211 0.462452
vt 0.582586 0.563989
vt 0.476837 0.516806
vt 0.575740 0.489461
vt 0.421280 0.584896
vt 0.575740 0.478612
vt 0.435337 0.573965
vt 0.601418 0.533368
vt 0.619071 0.419131
vt 0.561625 0.434782
vt 0.554831 0.434782
vt 0.538190 0.575988
vt 0.531523 0.575988
vt 0.616273 0.623016
vt 0.595106 0.532831
vt 0.614997 0.614371
vt 0.419624 0.555197
vt 0.621359 0.418153
vt 0.386630 0.624968
vt 0.622530 0.518314
vt 0.622715 0.553341
vt 0.591973 0.607584
vt 0.393695 0.618005
vt 0.609877 0.584601
vt 0.614761 0.422945
vt 0.393408 0.604028
vt 0.424830 0.599396
vt 0.506380 0.601973
vt 0.503037 0.588144
vt 0.594878 0.493785
vt 0.540327 0.574428
vt 0.485194 0.528167
vt 0.507718 0.613093
vt 0.618547 0.479355
vt 0.618357 0.585816
vt 0.530118 0.571258
vt 0.618862 0.533376
vt 0.415008 0.566430
vt 0.424884 0.456524
vt 0.422890 0.518582
vt 0.409309 0.608732
vt 0.579962 0.600736
vt 0.525492 0.614461
vt 0.594015 0.556857
vt 0.592533 0.434909
vt 0.585290 0.461142
vt 0.589099 0.462286
vt 0.522077 0.610561
vt 0.506877 0.587940
vt 0.622530 0.518354
vt 0.622383 0.442883
vt 0.611878 0.475355
vt 0.614988 0.433893
vt 0.406334 0.620999
vt 0.621359 0.417573
vt 0.619985 0.613917
vt 0.592397 0.618661
vt 0.589099 0.461142
vt 0.428153 0.501487
s 1
usemtl moon_dusted_01.001
f 3/1/1 2/2/2 1/3/3
f 1/4/3 6/5/4 5/6/5
f 6/7/4 7/8/6 5/9/5
f 3/10/1 8/11/7 4/12/8
f 5/13/5 3/14/1 1/15/3
f 4/16/8 6/17/4 2/18/2
f 9/19/9 12/20/10 10/21/11
f 10/22/11 13/23/12 9/24/9
f 13/25/12 16/26/13 15/27/14
f 15/28/14 12/29/10 11/30/15
f 9/31/9 15/32/14 11/33/15
f 10/34/11 16/35/13 14/36/16
f 17/37/17 20/38/18 18/39/19
f 18/40/19 21/41/20 17/42/17
f 21/43/20 24/44/21 23/45/22
f 19/46/23 24/47/21 20/48/18
f 21/49/20 19/50/23 17/51/17
f 20/52/18 22/53/24 18/54/19
f 25/55/25 28/56/26 26/57/27
f 26/58/27 29/59/28 25/60/25
f 30/61/29 31/62/30 29/63/28
f 31/64/30 28/65/26 27/66/31
f 25/67/25 31/62/30 27/68/31
f 26/57/27 32/69/32 30/70/29
f 126/71/33 132/72/34 125/73/35
f 127/74/36 133/75/37 126/71/33
f 128/76/38 134/77/39 127/74/36
f 129/78/40 135/79/41 128/76/38
f 130/80/42 136/81/43 129/78/40
f 131/82/44 137/83/45 130/80/42
f 133/75/37 139/84/46 132/72/34
f 134/77/39 140/85/47 133/75/37
f 135/79/41 141/86/48 134/77/39
f 136/81/43 142/87/49 135/79/41
f 137/83/45 143/88/50 136/81/43
f 138/89/51 144/90/52 137/83/45
f 140/85/47 146/91/53 139/84/46
f 141/86/48 147/92/54 140/85/47
f 142/87/49 148/93/55 141/86/48
f 143/88/50 149/94/56 142/87/49
f 144/90/52 150/95/57 143/88/50
f 145/96/58 151/97/59 144/90/52
f 147/92/54 153/98/60 146/91/53
f 148/93/55 154/99/61 147/92/54
f 149/94/56 155/100/62 148/93/55
f 150/95/57 156/101/63 149/94/56
f 151/97/59 157/102/64 150/95/57
f 152/103/65 158/104/66 151/105/59
f 154/106/61 160/107/67 153/108/60
f 155/109/62 161/110/68 154/106/61
f 156/101/63 162/111/69 155/100/62
f 157/102/64 163/112/70 156/101/63
f 158/104/66 164/113/71 157/114/64
f 159/115/72 165/116/73 158/104/66
f 161/110/68 167/117/74 160/107/67
f 162/118/69 168/119/75 161/120/68
f 163/121/70 169/122/76 162/123/69
f 164/113/71 170/124/77 163/121/70
f 165/116/73 171/125/78 164/113/71
f 166/126/79 172/127/80 165/116/73
f 48/128/81 41/129/82 33/130/83
f 49/131/84 125/73/35 48/128/81
f 50/132/85 126/71/33 49/131/84
f 51/133/86 127/74/36 50/132/85
f 52/134/87 128/76/38 51/133/86
f 53/135/88 129/78/40 52/134/87
f 54/136/89 130/80/42 53/135/88
f 35/137/90 131/82/44 54/136/89
f 55/138/91 138/89/51 131/82/44
f 138/89/51 57/139/92 145/96/58
f 57/140/92 152/141/65 145/142/58
f 152/103/65 59/143/93 159/115/72
f 59/143/93 166/126/79 159/115/72
f 60/144/94 173/145/95 166/126/79
f 61/146/96 68/147/97 173/145/95
f 173/145/95 67/148/98 172/127/80
f 172/127/80 66/149/99 171/125/78
f 171/125/78 65/150/100 170/124/77
f 170/124/77 64/151/101 169/122/76
f 169/122/76 63/152/102 168/153/75
f 168/153/75 62/154/103 167/117/74
f 167/155/74 34/156/104 47/157/105
f 160/158/67 47/157/105 46/159/106
f 153/160/60 46/159/106 45/161/107
f 146/91/53 45/162/107 44/163/108
f 139/84/46 44/163/108 43/164/109
f 132/72/34 43/164/109 42/165/110
f 125/73/35 42/165/110 41/129/82
f 174/166/111 182/167/112 181/168/113
f 175/169/114 183/170/115 182/167/112
f 176/171/116 184/172/117 183/170/115
f 177/173/118 185/174/119 184/172/117
f 178/175/120 186/176/121 185/174/119
f 179/177/122 187/178/123 186/176/121
f 181/168/113 189/179/124 188/180/125
f 182/167/112 190/181/126 189/179/124
f 183/170/115 191/182/127 190/181/126
f 184/172/117 192/183/128 191/182/127
f 185/174/119 193/184/129 192/183/128
f 186/176/121 194/185/130 193/184/129
f 188/180/125 196/186/131 195/187/132
f 189/179/124 197/188/133 196/186/131
f 190/181/126 198/189/134 197/188/133
f 191/182/127 199/190/135 198/189/134
f 192/183/128 200/191/136 199/190/135
f 193/184/129 201/192/137 200/191/136
f 195/187/132 203/193/138 202/194/139
f 196/186/131 204/195/140 203/193/138
f 197/188/133 205/196/141 204/195/140
f 198/189/134 206/197/142 205/196/141
f 199/190/135 207/198/143 206/197/142
f 200/191/136 208/199/144 207/198/143
f 202/200/139 210/201/145 209/202/146
f 203/193/138 211/203/147 210/204/145
f 204/195/140 212/205/148 211/203/147
f 205/196/141 213/206/149 212/205/148
f 206/197/142 214/207/150 213/206/149
f 207/198/143 215/208/151 214/207/150
f 209/209/146 217/210/152 216/211/153
f 210/204/145 218/212/154 217/213/152
f 211/203/147 219/214/155 218/212/154
f 212/205/148 220/215/156 219/214/155
f 213/206/149 221/216/157 220/215/156
f 214/207/150 222/217/158 221/216/157
f 33/130/83 174/218/111 69/219/159
f 41/129/82 175/220/114 174/218/111
f 42/165/110 176/221/116 175/220/114
f 43/222/109 177/173/118 176/171/116
f 44/223/108 178/175/120 177/173/118
f 45/161/107 179/177/122 178/175/120
f 46/159/106 180/224/160 179/177/122
f 47/157/105 76/225/161 180/224/160
f 180/224/160 77/226/162 187/178/123
f 187/178/123 78/227/163 194/185/130
f 194/185/130 79/228/164 201/192/137
f 201/192/137 80/229/165 208/199/144
f 208/199/144 81/230/166 215/208/151
f 215/231/151 82/232/167 222/233/158
f 222/233/158 38/234/168 89/235/169
f 221/216/157 89/236/169 88/237/170
f 220/215/156 88/237/170 87/238/171
f 219/214/155 87/238/171 86/239/172
f 218/212/154 86/239/172 85/240/173
f 218/212/154 84/241/174 217/213/152
f 217/210/152 83/242/175 216/211/153
f 75/243/176 83/242/175 37/244/177
f 74/245/178 216/211/153 75/243/176
f 73/246/179 209/209/146 74/245/178
f 72/247/180 202/248/139 73/249/179
f 71/250/181 195/187/132 72/251/180
f 70/252/182 188/180/125 71/250/181
f 69/253/159 181/168/113 70/252/182
f 224/254/183 230/255/184 223/256/185
f 225/257/186 231/258/187 224/254/183
f 226/259/188 232/260/189 225/261/186
f 227/262/190 233/263/191 226/259/188
f 228/264/192 234/265/193 227/262/190
f 228/264/192 236/266/194 235/267/195
f 231/258/187 237/268/196 230/255/184
f 232/260/189 238/269/197 231/270/187
f 233/263/191 239/271/198 232/260/189
f 234/265/193 240/272/199 233/263/191
f 235/267/195 241/273/200 234/265/193
f 236/266/194 242/274/201 235/267/195
f 238/275/197 244/276/202 237/268/196
f 239/271/198 245/277/203 238/269/197
f 240/272/199 246/278/204 239/271/198
f 241/273/200 247/279/205 240/272/199
f 242/274/201 248/280/206 241/273/200
f 243/281/207 249/282/208 242/274/201
f 245/283/203 251/284/209 244/276/202
f 246/278/204 252/285/210 245/277/203
f 247/279/205 253/286/211 246/278/204
f 248/280/206 254/287/212 247/279/205
f 249/282/208 255/288/213 248/280/206
f 250/289/214 256/290/215 249/282/208
f 252/291/210 258/292/216 251/284/209
f 253/286/211 259/293/217 252/285/210
f 254/287/212 260/294/218 253/286/211
f 255/295/213 261/296/219 254/297/212
f 256/290/215 262/298/220 255/288/213
f 257/299/221 263/300/222 256/290/215
f 259/293/217 265/301/223 258/302/216
f 260/294/218 266/303/224 259/293/217
f 261/296/219 267/304/225 260/305/218
f 262/306/220 268/307/226 261/296/219
f 263/308/222 269/309/227 262/306/220
f 264/310/228 270/311/229 263/300/222
f 83/242/175 90/312/230 37/244/177
f 83/242/175 224/254/183 223/256/185
f 84/313/174 225/257/186 224/254/183
f 86/239/172 225/314/186 85/240/173
f 86/315/172 227/262/190 226/259/188
f 87/316/171 228/264/192 227/262/190
f 88/317/170 229/318/231 228/264/192
f 89/235/169 97/319/232 229/318/231
f 229/318/231 98/320/233 236/266/194
f 98/320/233 243/281/207 236/266/194
f 99/321/234 250/289/214 243/281/207
f 100/322/235 257/299/221 250/289/214
f 101/323/236 264/310/228 257/299/221
f 102/324/237 271/325/238 264/310/228
f 103/326/239 110/327/240 271/325/238
f 271/325/238 109/328/241 270/311/229
f 270/329/229 108/330/242 269/309/227
f 269/309/227 107/331/243 268/307/226
f 268/307/226 106/332/244 267/304/225
f 267/333/225 105/334/245 266/303/224
f 266/303/224 104/335/246 265/301/223
f 265/336/223 39/337/247 96/338/248
f 258/292/216 96/339/248 95/340/249
f 251/284/209 95/340/249 94/341/250
f 244/276/202 94/341/250 93/342/251
f 237/268/196 93/342/251 92/343/252
f 230/255/184 92/343/252 91/344/253
f 223/256/185 91/344/253 90/312/230
f 272/345/254 280/346/255 279/347/256
f 273/348/257 281/349/258 280/350/255
f 274/351/259 282/352/260 281/349/258
f 275/353/261 283/354/262 282/352/260
f 276/355/263 284/356/264 283/357/262
f 277/358/265 285/359/266 284/356/264
f 279/360/256 287/361/267 286/362/268
f 280/363/255 288/364/269 287/361/267
f 281/365/258 289/366/270 288/364/269
f 282/367/260 290/368/271 289/366/270
f 283/357/262 291/369/272 290/368/271
f 284/356/264 292/370/273 291/369/272
f 286/362/268 294/371/274 293/372/275
f 287/361/267 295/373/276 294/371/274
f 288/364/269 296/374/277 295/373/276
f 289/366/270 297/375/278 296/374/277
f 290/368/271 298/376/279 297/375/278
f 291/369/272 299/377/280 298/376/279
f 293/372/275 301/378/281 300/379/282
f 294/371/274 302/380/283 301/378/281
f 295/373/276 303/381/284 302/380/283
f 296/374/277 304/382/285 303/381/284
f 297/375/278 305/383/286 304/382/285
f 298/376/279 306/384/287 305/383/286
f 300/385/282 308/386/288 307/387/289
f 301/378/281 309/388/290 308/389/288
f 302/380/283 310/390/291 309/388/290
f 303/381/284 311/391/292 310/390/291
f 304/382/285 312/392/293 311/391/292
f 305/383/286 313/393/294 312/392/293
f 307/394/289 315/395/295 314/396/296
f 308/389/288 316/397/297 315/395/295
f 309/388/290 317/398/298 316/397/297
f 310/390/291 318/399/299 317/398/298
f 311/391/292 319/400/300 318/399/299
f 312/392/293 320/401/301 319/400/300
f 35/137/90 272/345/254 55/138/91
f 111/402/302 273/403/257 272/345/254
f 112/404/303 274/351/259 273/348/257
f 113/405/304 275/353/261 274/351/259
f 114/406/305 276/407/263 275/353/261
f 115/408/306 277/358/265 276/355/263
f 116/409/307 278/410/308 277/358/265
f 117/411/309 104/412/246 278/413/308
f 278/410/308 105/414/245 285/359/266
f 285/359/266 106/415/244 292/370/273
f 292/370/273 107/416/243 299/377/280
f 299/417/280 108/330/242 306/418/287
f 306/384/287 109/419/241 313/393/294
f 313/393/294 110/420/240 320/401/301
f 320/401/301 40/421/310 124/422/311
f 319/400/300 124/422/311 123/423/312
f 318/399/299 123/423/312 122/424/313
f 317/398/298 122/424/313 121/425/314
f 316/426/297 121/427/314 120/428/315
f 315/395/295 120/429/315 119/430/316
f 314/396/296 119/430/316 118/431/317
f 61/146/96 118/432/317 36/433/318
f 60/144/94 314/434/296 61/146/96
f 59/143/93 307/387/289 60/144/94
f 58/435/319 300/385/282 59/143/93
f 57/140/92 293/372/275 58/436/319
f 56/437/320 286/362/268 57/140/92
f 55/138/91 279/347/256 56/438/320
f 321/439/321 329/440/322 328/441/323
f 322/442/324 330/443/325 329/440/322
f 324/444/326 330/443/325 323/445/327
f 325/446/328 331/447/329 324/444/326
f 326/448/330 332/449/331 325/450/328
f 327/451/332 333/452/333 326/448/330
f 328/441/323 336/453/334 335/454/335
f 329/440/322 337/455/336 336/453/334
f 331/447/329 337/455/336 330/443/325
f 332/456/331 338/457/337 331/447/329
f 333/452/333 339/458/338 332/449/331
f 334/459/339 340/460/340 333/452/333
f 335/454/335 343/461/341 342/462/342
f 336/453/334 344/463/343 343/461/341
f 337/455/336 345/464/344 344/463/343
f 339/465/338 345/464/344 338/457/337
f 340/460/340 346/466/345 339/458/338
f 341/467/346 347/468/347 340/460/340
f 343/461/341 349/469/348 342/462/342
f 344/463/343 350/470/349 343/461/341
f 345/464/344 351/471/350 344/463/343
f 346/472/345 352/473/351 345/464/344
f 347/468/347 353/474/352 346/466/345
f 348/475/353 354/476/354 347/468/347
f 350/470/349 356/477/355 349/469/348
f 351/471/350 357/478/356 350/470/349
f 352/473/351 358/479/357 351/471/350
f 352/473/351 360/480/358 359/481/359
f 353/474/352 361/482/360 360/483/358
f 355/484/361 361/482/360 354/476/354
f 357/478/356 363/485/362 356/477/355
f 358/479/357 364/486/363 357/478/356
f 359/481/359 365/487/364 358/479/357
f 359/488/359 367/489/365 366/490/366
f 360/483/358 368/491/367 367/489/365
f 361/482/360 369/492/368 368/491/367
f 33/130/83 321/439/321 48/128/81
f 70/493/182 321/439/321 69/219/159
f 71/494/181 322/442/324 70/493/182
f 72/247/180 323/445/327 71/494/181
f 73/249/179 324/444/326 72/247/180
f 74/245/178 325/450/328 73/246/179
f 75/243/176 326/448/330 74/245/178
f 37/244/177 327/451/332 75/243/176
f 90/312/230 334/459/339 327/451/332
f 91/344/253 341/467/346 334/459/339
f 92/343/252 348/475/353 341/467/346
f 93/342/251 355/484/361 348/475/353
f 94/341/250 362/495/369 355/484/361
f 362/495/369 96/339/248 369/492/368
f 369/492/368 39/496/247 117/411/309
f 368/491/367 117/411/309 116/497/307
f 367/498/365 116/499/307 115/500/306
f 366/490/366 115/501/306 114/406/305
f 365/502/364 114/406/305 113/405/304
f 364/486/363 113/503/304 112/504/303
f 363/485/362 112/504/303 111/402/302
f 363/485/362 35/137/90 54/136/89
f 53/135/88 363/485/362 54/136/89
f 52/134/87 356/477/355 53/135/88
f 342/462/342 52/134/87 51/133/86
f 335/454/335 51/133/86 50/132/85
f 49/131/84 335/454/335 50/132/85
f 48/128/81 328/441/323 49/131/84
f 370/505/370 378/506/371 377/507/372
f 371/508/373 379/509/374 378/506/371
f 373/510/375 379/509/374 372/511/376
f 374/512/377 380/513/378 373/510/375
f 375/514/379 381/515/380 374/512/377
f 376/516/381 382/517/382 375/518/379
f 377/507/372 385/519/383 384/520/384
f 378/506/371 386/521/385 385/519/383
f 380/513/378 386/521/385 379/509/374
f 381/515/380 387/522/386 380/513/378
f 382/523/382 388/524/387 381/515/380
f 383/525/388 389/526/389 382/523/382
f 384/527/384 392/528/390 391/529/391
f 385/530/383 393/531/392 392/528/390
f 387/532/386 393/531/392 386/533/385
f 388/534/387 394/535/393 387/532/386
f 389/526/389 395/536/394 388/524/387
f 390/537/395 396/538/396 389/526/389
f 391/529/391 399/539/397 398/540/398
f 392/528/390 400/541/399 399/539/397
f 394/535/393 400/541/399 393/531/392
f 395/542/394 401/543/400 394/535/393
f 396/544/396 402/545/401 395/542/394
f 397/546/402 403/547/403 396/538/396
f 399/548/397 405/549/404 398/550/398
f 400/551/399 406/552/405 399/548/397
f 400/551/399 408/553/406 407/554/407
f 402/555/401 408/553/406 401/556/400
f 403/547/403 409/557/408 402/555/401
f 404/558/409 410/559/410 403/547/403
f 406/552/405 412/560/411 405/549/404
f 407/554/407 413/561/412 406/552/405
f 407/554/407 415/562/413 414/563/414
f 408/553/406 416/564/415 415/562/413
f 409/557/408 417/565/416 416/564/415
f 411/566/417 417/565/416 410/559/410
f 34/567/104 370/568/370 76/569/161
f 62/154/103 371/570/373 370/568/370
f 63/152/102 372/571/376 371/570/373
f 65/150/100 372/571/376 64/151/101
f 66/149/99 373/572/375 65/150/100
f 67/148/98 374/573/377 66/149/99
f 68/147/97 375/518/379 67/148/98
f 36/433/318 376/516/381 68/147/97
f 118/432/317 383/574/388 376/516/381
f 119/575/316 390/537/395 383/525/388
f 120/428/315 397/546/402 390/537/395
f 121/427/314 404/558/409 397/546/402
f 122/576/313 411/566/417 404/558/409
f 123/577/312 418/578/418 411/566/417
f 418/578/418 40/579/310 103/326/239
f 417/565/416 103/326/239 102/324/237
f 416/564/415 102/324/237 101/323/236
f 415/562/413 101/323/236 100/322/235
f 414/563/414 100/322/235 99/321/234
f 413/561/412 99/321/234 98/320/233
f 413/561/412 97/319/232 412/560/411
f 412/560/411 38/234/168 82/232/167
f 405/549/404 82/232/167 81/580/166
f 398/550/398 81/580/166 80/581/165
f 79/582/164 398/540/398 80/583/165
f 78/584/163 391/529/391 79/582/164
f 377/507/372 78/585/163 77/586/162
f 370/505/370 77/586/162 76/587/161
f 463/588/419 467/589/420 466/590/421
f 465/591/422 467/589/420 464/592/423
f 466/593/421 470/594/424 469/595/425
f 468/596/426 470/594/424 467/597/420
f 419/598/427 463/588/419 427/599/428
f 430/600/429 464/592/423 463/588/419
f 431/601/430 465/591/422 464/592/423
f 421/602/431 465/591/422 432/603/432
f 433/604/433 468/605/426 465/591/422
f 468/605/426 435/606/434 471/607/435
f 471/608/435 422/609/436 438/610/437
f 470/594/424 438/610/437 437/611/438
f 469/595/425 437/611/438 436/612/439
f 429/613/440 436/612/439 420/614/441
f 428/615/442 469/616/425 429/617/440
f 427/599/428 466/590/421 428/615/442
f 473/618/443 475/619/444 472/620/445
f 474/621/446 476/622/447 473/618/443
f 475/619/444 479/623/448 478/624/449
f 476/622/447 480/625/450 479/623/448
f 419/626/427 472/620/445 439/627/451
f 428/628/442 472/620/445 427/629/428
f 429/630/440 473/618/443 428/628/442
f 420/631/441 474/621/446 429/630/440
f 442/632/452 477/633/453 474/621/446
f 443/634/454 480/625/450 477/633/453
f 480/625/450 424/635/455 447/636/456
f 480/625/450 446/637/457 479/623/448
f 479/623/448 445/638/458 478/624/449
f 478/639/449 423/640/459 441/641/460
f 475/619/444 441/642/460 440/643/461
f 472/620/445 440/643/461 439/627/451
f 481/644/462 485/645/463 484/646/464
f 482/647/465 486/648/466 485/645/463
f 484/646/464 488/649/467 487/650/468
f 485/645/463 489/651/469 488/649/467
f 423/640/459 481/652/462 448/653/470
f 445/654/458 482/647/465 481/644/462
f 447/655/456 482/647/465 446/656/457
f 424/657/455 483/658/471 447/655/456
f 483/658/471 452/659/472 486/648/466
f 486/648/466 453/660/473 489/651/469
f 489/651/469 426/661/474 456/662/475
f 488/649/467 456/662/475 455/663/476
f 487/650/468 455/663/476 454/664/477
f 487/665/468 425/666/478 450/667/479
f 449/668/480 487/665/468 450/667/479
f 448/653/470 484/669/464 449/668/480
f 490/670/481 494/671/482 493/672/483
f 492/673/484 494/671/482 491/674/485
f 494/671/482 496/675/486 493/672/483
f 495/676/487 497/677/488 494/671/482
f 421/602/431 490/678/481 433/604/433
f 457/679/489 491/674/485 490/670/481
f 459/680/490 491/674/485 458/681/491
f 425/682/478 492/673/484 459/680/490
f 454/683/477 495/676/487 492/673/484
f 455/684/476 498/685/492 495/676/487
f 498/685/492 426/686/474 462/687/493
f 498/685/492 461/688/494 497/677/488
f 497/677/488 460/689/495 496/675/486
f 496/690/486 422/609/436 435/691/434
f 434/692/496 496/675/486 435/693/434
f 490/670/481 434/692/496 433/694/433
f 499/695/497 503/696/498 502/697/499
f 501/698/500 503/699/498 500/700/501
f 503/696/498 505/701/502 502/697/499
f 503/699/498 507/702/503 506/703/504
f 419/598/427 499/695/497 430/600/429
f 439/704/451 500/705/501 499/695/497
f 440/706/461 501/698/500 500/700/501
f 423/640/459 501/698/500 441/641/460
f 501/698/500 449/668/480 504/707/505
f 504/707/505 450/667/479 507/702/503
f 507/702/503 425/666/478 459/708/490
f 506/703/504 459/708/490 458/709/491
f 506/710/504 457/711/489 505/701/502
f 505/701/502 421/602/431 432/603/432
f 502/697/499 432/603/432 431/601/430
f 430/600/429 502/697/499 431/601/430
f 509/712/506 511/713/507 508/714/508
f 509/712/506 513/715/509 512/716/510
f 511/713/507 515/717/511 514/718/512
f 513/715/509 515/717/511 512/716/510
f 420/614/441 508/714/508 442/719/452
f 436/612/439 509/712/506 508/714/508
f 437/611/438 510/720/513 509/712/506
f 422/609/436 510/720/513 438/610/437
f 510/720/513 461/721/494 513/715/509
f 513/715/509 462/722/493 516/723/514
f 516/724/514 426/661/474 453/660/473
f 515/725/511 453/660/473 452/659/472
f 515/725/511 451/726/515 514/727/512
f 514/727/512 424/657/455 444/728/516
f 511/713/507 444/729/516 443/730/454
f 508/714/508 443/730/454 442/719/452
f 517/731/517 520/732/518 518/733/519
f 518/734/519 521/735/520 517/736/517
f 521/737/520 524/738/521 523/739/522
f 523/740/522 520/741/518 519/742/523
f 517/743/517 523/744/522 519/745/523
f 518/746/519 524/747/521 522/748/524
f 525/749/525 545/750/526 533/751/527
f 527/752/528 545/750/526 534/753/529
f 535/754/530 536/755/531 545/750/526
f 545/750/526 526/756/532 533/751/527
f 525/757/525 546/758/533 537/759/534
f 533/760/527 538/761/535 546/758/533
f 546/758/533 530/762/536 539/763/537
f 537/759/534 539/763/537 529/764/538
f 539/765/537 540/766/539 529/767/538
f 530/768/536 547/769/540 539/765/537
f 541/770/541 542/771/542 547/769/540
f 547/769/540 531/772/543 540/766/539
f 527/773/528 548/774/544 535/775/530
f 543/776/545 542/777/542 548/774/544
f 548/774/544 532/778/546 544/779/547
f 535/775/530 544/779/547 528/780/548
f 537/781/534 534/782/529 525/783/525
f 529/784/538 549/785/549 537/781/534
f 540/786/539 543/787/545 549/785/549
f 549/788/549 527/752/528 534/753/529
f 536/789/531 538/761/535 526/790/532
f 528/791/548 550/792/550 536/793/531
f 544/794/547 541/770/541 550/795/550
f 550/795/550 530/768/536 538/796/535
f 596/797/551 598/798/552 595/799/553
f 597/800/554 599/801/555 596/797/551
f 599/801/555 601/802/556 598/798/552
f 600/803/557 602/804/558 599/801/555
f 562/805/559 559/806/560 551/807/561
f 563/808/562 595/799/553 562/805/559
f 564/809/563 596/797/551 563/808/562
f 553/810/564 597/811/554 564/812/563
f 565/813/565 600/814/557 597/815/554
f 566/816/566 603/817/567 600/814/557
f 567/818/568 570/819/569 603/817/567
f 603/820/567 569/821/570 602/804/558
f 602/804/558 568/822/571 601/802/556
f 601/802/556 552/823/572 561/824/573
f 598/798/552 561/824/573 560/825/574
f 595/799/553 560/825/574 559/806/560
f 604/826/575 608/827/576 607/828/577
f 605/829/578 609/830/579 608/827/576
f 607/828/577 611/831/580 610/832/581
f 608/827/576 612/833/582 611/831/580
f 551/807/561 604/834/575 571/835/583
f 559/806/560 605/836/578 604/834/575
f 560/825/574 606/837/584 605/836/578
f 561/838/573 574/839/585 606/840/584
f 606/840/584 575/841/586 609/830/579
f 609/830/579 576/842/587 612/833/582
f 612/833/582 556/843/588 579/844/589
f 612/845/582 578/846/590 611/847/580
f 611/847/580 577/848/591 610/849/581
f 610/849/581 555/850/592 573/851/593
f 607/852/577 573/853/593 572/854/594
f 604/834/575 572/854/594 571/835/583
f 614/855/595 616/856/596 613/857/597
f 615/858/598 617/859/599 614/860/595
f 617/859/599 619/861/600 616/862/596
f 618/863/601 620/864/602 617/859/599
f 577/848/591 580/865/603 555/850/592
f 578/846/590 613/857/597 577/848/591
f 579/866/589 614/855/595 578/846/590
f 556/843/588 615/867/598 579/844/589
f 583/868/604 618/869/601 615/867/598
f 584/870/605 621/871/606 618/869/601
f 585/872/607 588/873/608 621/874/606
f 621/874/606 587/875/609 620/864/602
f 620/864/602 586/876/610 619/861/600
f 619/861/600 557/877/611 582/878/612
f 616/862/596 582/878/612 581/879/613
f 613/880/597 581/879/613 580/881/603
f 622/882/614 626/883/615 625/884/616
f 623/885/617 627/886/618 626/883/615
f 626/883/615 628/887/619 625/884/616
f 626/883/615 630/888/620 629/889/621
f 553/810/564 622/890/614 565/891/565
f 589/892/622 623/893/617 622/890/614
f 590/894/623 624/895/624 623/893/617
f 591/896/625 586/876/610 624/897/624
f 624/897/624 587/875/609 627/886/618
f 627/886/618 588/873/608 630/888/620
f 630/888/620 558/898/626 594/899/627
f 630/888/620 593/900/628 629/889/621
f 629/889/621 592/901/629 628/887/619
f 628/902/619 554/903/630 567/818/568
f 625/904/616 567/818/568 566/816/566
f 622/905/614 566/816/566 565/813/565
f 631/906/631 635/907/632 634/908/633
f 632/909/634 636/910/635 635/907/632
f 634/908/633 638/911/636 637/912/637
f 635/907/632 639/913/638 638/911/636
f 551/807/561 631/914/631 562/805/559
f 571/915/583 632/909/634 631/906/631
f 572/916/594 633/917/639 632/909/634
f 555/850/592 633/918/639 573/851/593
f 633/917/639 581/919/613 636/910/635
f 636/910/635 582/920/612 639/913/638
f 639/913/638 557/921/611 591/922/625
f 638/911/636 591/922/625 590/894/623
f 637/912/637 590/894/623 589/892/622
f 564/812/563 589/892/622 553/810/564
f 563/923/562 637/912/637 564/812/563
f 562/924/559 634/908/633 563/923/562
f 640/925/640 644/926/641 643/927/642
f 641/928/643 645/929/644 644/926/641
f 643/927/642 647/930/645 646/931/646
f 644/926/641 648/932/647 647/930/645
f 552/933/572 640/925/640 574/839/585
f 568/934/571 641/928/643 640/925/640
f 570/935/569 641/928/643 569/936/570
f 554/903/630 642/937/648 570/819/569
f 642/938/648 593/900/628 645/939/644
f 645/929/644 594/940/627 648/932/647
f 648/932/647 558/941/626 585/942/607
f 647/930/645 585/942/607 584/870/605
f 646/931/646 584/870/605 583/868/604
f 576/842/587 583/868/604 556/843/588
f 575/841/586 646/931/646 576/842/587
f 574/839/585 643/927/642 575/841/586
f 693/943/649 697/944/650 696/945/651
f 694/946/652 698/947/653 697/944/650
f 696/945/651 700/948/654 699/949/655
f 697/944/650 701/950/656 700/948/654
f 649/951/657 693/952/649 657/953/658
f 660/954/659 694/946/652 693/943/649
f 661/955/660 695/956/661 694/946/652
f 662/957/662 663/958/663 695/959/661
f 695/956/661 664/960/664 698/947/653
f 698/947/653 665/961/665 701/950/656
f 701/962/656 652/963/666 668/964/667
f 700/948/654 668/965/667 667/966/668
f 699/949/655 667/966/668 666/967/669
f 659/968/670 666/967/669 650/969/671
f 658/970/672 699/949/655 659/968/670
f 657/971/658 696/945/651 658/970/672
f 702/972/673 706/973/674 705/974/675
f 703/975/676 707/976/677 706/977/674
f 705/978/675 709/979/678 708/980/679
f 706/977/674 710/981/680 709/979/678
f 649/951/657 702/972/673 669/982/681
f 657/953/658 703/983/676 702/972/673
f 658/984/672 704/985/682 703/983/676
f 650/986/671 704/987/682 659/988/670
f 704/987/682 673/989/683 707/976/677
f 707/976/677 674/990/684 710/981/680
f 710/981/680 654/991/685 677/992/686
f 709/979/678 677/992/686 676/993/687
f 708/980/679 676/993/687 675/994/688
f 671/995/689 675/996/688 653/997/690
f 670/998/691 708/999/679 671/995/689
f 669/982/681 705/974/675 670/998/691
f 711/1000/692 715/1001/693 714/1002/694
f 712/1003/695 716/1004/696 715/1001/693
f 714/1002/694 718/1005/697 717/1006/698
f 715/1001/693 719/1007/699 718/1005/697
f 653/997/690 711/1008/692 678/1009/700
f 675/1010/688 712/1003/695 711/1000/692
f 676/1011/687 713/1012/701 712/1003/695
f 677/1013/686 681/1014/702 713/1012/701
f 713/1012/701 682/1015/703 716/1004/696
f 716/1004/696 683/1016/704 719/1007/699
f 719/1017/699 656/1018/705 686/1019/706
f 718/1020/697 686/1019/706 685/1021/707
f 717/1006/698 685/1022/707 684/1023/708
f 717/1024/698 655/1025/709 680/1026/710
f 679/1027/711 717/1006/698 680/1028/710
f 678/1009/700 714/1029/694 679/1030/711
f 720/1031/712 724/1032/713 723/1033/714
f 721/1034/715 725/1035/716 724/1036/713
f 723/1037/714 727/1038/717 726/1039/718
f 724/1040/713 728/1041/719 727/1042/717
f 651/1043/720 720/1044/712 663/958/663
f 687/1045/721 721/1034/715 720/1044/712
f 689/1046/722 721/1034/715 688/1047/723
f 655/1025/709 722/1048/724 689/1046/722
f 722/1049/724 685/1021/707 725/1050/716
f 725/1050/716 686/1019/706 728/1041/719
f 728/1041/719 656/1018/705 692/1051/725
f 727/1042/717 692/1051/725 691/1052/726
f 726/1053/718 691/1052/726 690/1054/727
f 665/1055/665 690/1054/727 652/963/666
f 664/1056/664 726/1039/718 665/1057/665
f 663/1058/663 723/1033/714 664/1059/664
f 729/1060/728 733/1061/729 732/1062/730
f 731/1063/731 733/1061/729 730/1064/732
f 733/1061/729 735/1065/733 732/1062/730
f 733/1061/729 737/1066/734 736/1067/735
f 669/982/681 660/1068/659 649/951/657
f 670/998/691 729/1060/728 669/982/681
f 671/995/689 730/1064/732 670/998/691
f 653/997/690 731/1063/731 671/995/689
f 678/1009/700 734/1069/736 731/1063/731
f 734/1070/736 680/1026/710 737/1071/734
f 737/1071/734 655/1025/709 689/1046/722
f 736/1072/735 689/1046/722 688/1047/723
f 735/1073/733 688/1047/723 687/1045/721
f 735/1074/733 651/1075/720 662/1076/662
f 732/1077/730 662/1078/662 661/1079/660
f 729/1060/728 661/1080/660 660/1068/659
f 738/1081/737 742/1082/738 741/1083/739
f 740/1084/740 742/1082/738 739/1085/741
f 742/1082/738 744/1086/742 741/1083/739
f 743/1087/743 745/1088/744 742/1082/738
f 650/986/671 738/1089/737 672/1090/745
f 666/1091/669 739/1085/741 738/1081/737
f 668/964/667 739/1085/741 667/1092/668
f 652/963/666 740/1084/740 668/964/667
f 690/1054/727 743/1087/743 740/1084/740
f 691/1052/726 746/1093/746 743/1087/743
f 746/1093/746 656/1018/705 683/1094/704
f 746/1093/746 682/1095/703 745/1088/744
f 745/1088/744 681/1096/702 744/1086/742
f 744/1097/742 654/1098/685 674/1099/684
f 673/989/683 744/1100/742 674/990/684
f 672/1090/745 741/1101/739 673/989/683
f 747/1102/747 767/1103/748 755/1104/749
f 756/1105/750 757/1106/751 767/1107/748
f 767/1103/748 750/1108/752 758/1109/753
f 755/1104/749 758/1109/753 748/1110/754
f 747/1111/747 768/1112/755 759/1113/756
f 748/1110/754 768/1114/755 755/1104/749
f 768/1112/755 752/1115/757 761/1116/758
f 759/1113/756 761/1116/758 751/1117/759
f 751/1117/759 769/1118/760 762/1119/761
f 761/1120/758 763/1121/762 769/1122/760
f 769/1122/760 754/1123/763 764/1124/764
f 762/1125/761 764/1126/764 753/1127/765
f 749/1128/766 770/1129/767 757/1130/751
f 753/1131/765 770/1129/767 765/1132/768
f 770/1129/767 754/1133/763 766/1134/769
f 770/1129/767 750/1135/752 757/1130/751
f 747/1111/747 771/1136/770 756/1137/750
f 751/1117/759 771/1136/770 759/1113/756
f 771/1138/770 753/1139/765 765/1140/768
f 771/1138/770 749/1141/766 756/1105/750
f 748/1142/754 772/1143/771 760/1144/772
f 750/1135/752 772/1145/771 758/1146/753
f 772/1143/771 754/1123/763 763/1121/762
f 772/1143/771 752/1147/757 760/1144/772
f 775/1148/773 774/1149/774 773/1150/775
f 774/1151/774 777/1152/776 773/1153/775
f 778/1154/777 779/1155/778 777/1156/776
f 779/1157/778 776/1158/779 775/1159/773
f 777/1160/776 775/1161/773 773/1162/775
f 776/1163/779 778/1164/777 774/1165/774
f 781/1166/780 784/1167/781 782/1168/782
f 782/1169/782 785/1170/783 781/1171/780
f 785/1170/783 788/1172/784 787/1173/785
f 787/1174/785 784/1167/781 783/1175/786
f 785/1176/783 783/1177/786 781/1178/780
f 784/1179/781 786/1180/787 782/1181/782
f 881/1182/788 889/1183/789 888/1184/790
f 883/1185/791 889/1183/789 882/1186/792
f 883/1185/791 891/1187/793 890/1188/794
f 884/1189/795 892/1190/796 891/1187/793
f 885/1191/797 893/1192/798 892/1190/796
f 886/1193/799 894/1194/800 893/1192/798
f 889/1183/789 895/1195/801 888/1184/790
f 890/1188/794 896/1196/802 889/1183/789
f 890/1188/794 898/1197/803 897/1198/804
f 891/1187/793 899/1199/805 898/1197/803
f 892/1190/796 900/1200/806 899/1199/805
f 893/1192/798 901/1201/807 900/1200/806
f 895/1195/801 903/1202/808 902/1203/809
f 896/1196/802 904/1204/810 903/1202/808
f 897/1198/804 905/1205/811 904/1204/810
f 898/1197/803 906/1206/812 905/1205/811
f 899/1199/805 907/1207/813 906/1206/812
f 900/1200/806 908/1208/814 907/1207/813
f 902/1203/809 910/1209/815 909/1210/816
f 903/1202/808 911/1211/817 910/1209/815
f 904/1204/810 912/1212/818 911/1211/817
f 906/1206/812 912/1212/818 905/1205/811
f 907/1207/813 913/1213/819 906/1206/812
f 908/1214/814 914/1215/820 907/1216/813
f 909/1210/816 917/1217/821 916/1218/822
f 910/1209/815 918/1219/823 917/1217/821
f 911/1211/817 919/1220/824 918/1219/823
f 913/1213/819 919/1220/824 912/1212/818
f 914/1221/820 920/1222/825 913/1213/819
f 914/1215/820 922/1223/826 921/1224/827
f 917/1217/821 923/1225/828 916/1218/822
f 918/1219/823 924/1226/829 917/1217/821
f 919/1220/824 925/1227/830 918/1219/823
f 920/1222/825 926/1228/831 919/1220/824
f 920/1222/825 928/1229/832 927/1230/833
f 921/1224/827 929/1231/834 928/1232/832
f 789/1233/835 881/1182/788 797/1234/836
f 805/1235/837 881/1182/788 804/1236/838
f 806/1237/839 882/1186/792 805/1235/837
f 806/1237/839 884/1189/795 883/1185/791
f 807/1238/840 885/1191/797 884/1189/795
f 808/1239/841 886/1193/799 885/1191/797
f 810/1240/842 886/1193/799 809/1241/843
f 791/1242/844 887/1243/845 810/1240/842
f 811/1244/846 894/1245/800 887/1246/845
f 812/1247/847 901/1248/807 894/1245/800
f 901/1248/807 814/1249/848 908/1214/814
f 908/1214/814 815/1250/849 915/1251/850
f 815/1250/849 922/1223/826 915/1251/850
f 922/1223/826 817/1252/851 929/1231/834
f 929/1231/834 792/1253/852 824/1254/853
f 928/1232/832 824/1254/853 823/1255/854
f 927/1230/833 823/1256/854 822/1257/855
f 927/1230/833 821/1258/856 926/1228/831
f 926/1228/831 820/1259/857 925/1227/830
f 924/1226/829 820/1259/857 819/1260/858
f 924/1226/829 818/1261/859 923/1225/828
f 923/1225/828 790/1262/860 803/1263/861
f 916/1218/822 803/1263/861 802/1264/862
f 801/1265/863 916/1218/822 802/1264/862
f 800/1266/864 909/1210/816 801/1265/863
f 799/1267/865 902/1203/809 800/1266/864
f 798/1268/866 895/1195/801 799/1267/865
f 797/1234/836 888/1184/790 798/1268/866
f 931/1269/867 937/1270/868 930/1271/869
f 932/1272/870 938/1273/871 931/1269/867
f 933/1274/872 939/1275/873 932/1272/870
f 934/1276/874 940/1277/875 933/1274/872
f 935/1278/876 941/1279/877 934/1280/874
f 936/1281/878 942/1282/879 935/1278/876
f 938/1273/871 944/1283/880 937/1270/868
f 939/1275/873 945/1284/881 938/1273/871
f 940/1277/875 946/1285/882 939/1275/873
f 941/1279/877 947/1286/883 940/1287/875
f 942/1282/879 948/1288/884 941/1279/877
f 943/1289/885 949/1290/886 942/1282/879
f 944/1283/880 952/1291/887 951/1292/888
f 946/1285/882 952/1291/887 945/1284/881
f 947/1293/883 953/1294/889 946/1285/882
f 948/1288/884 954/1295/890 947/1286/883
f 949/1290/886 955/1296/891 948/1288/884
f 950/1297/892 956/1298/893 949/1290/886
f 952/1299/887 958/1300/894 951/1301/888
f 953/1302/889 959/1303/895 952/1299/887
f 954/1295/890 960/1304/896 953/1302/889
f 955/1296/891 961/1305/897 954/1295/890
f 956/1298/893 962/1306/898 955/1296/891
f 957/1307/899 963/1308/900 956/1298/893
f 959/1303/895 965/1309/901 958/1300/894
f 960/1304/896 966/1310/902 959/1303/895
f 961/1305/897 967/1311/903 960/1304/896
f 962/1306/898 968/1312/904 961/1305/897
f 963/1308/900 969/1313/905 962/1306/898
f 964/1314/906 970/1315/907 963/1308/900
f 966/1310/902 972/1316/908 965/1309/901
f 967/1311/903 973/1317/909 966/1310/902
f 968/1312/904 974/1318/910 967/1311/903
f 969/1313/905 975/1319/911 968/1312/904
f 970/1315/907 976/1320/912 969/1313/905
f 971/1321/913 977/1322/914 970/1315/907
f 797/1234/836 825/1323/915 789/1233/835
f 798/1268/866 930/1271/869 797/1234/836
f 799/1267/865 931/1269/867 798/1268/866
f 800/1266/864 932/1272/870 799/1267/865
f 801/1265/863 933/1274/872 800/1266/864
f 802/1264/862 934/1276/874 801/1265/863
f 802/1264/862 936/1324/878 935/1325/876
f 790/1326/860 936/1327/878 803/1328/861
f 832/1329/916 943/1330/885 936/1327/878
f 833/1331/917 950/1332/892 943/1330/885
f 834/1333/918 957/1334/899 950/1332/892
f 835/1335/919 964/1336/906 957/1334/899
f 836/1337/920 971/1338/913 964/1336/906
f 837/1339/921 978/1340/922 971/1341/913
f 838/1342/923 845/1343/924 978/1340/922
f 978/1340/922 844/1344/925 977/1345/914
f 977/1345/914 843/1346/926 976/1347/912
f 975/1319/911 843/1348/926 842/1349/927
f 975/1319/911 841/1350/928 974/1318/910
f 974/1318/910 840/1351/929 973/1317/909
f 973/1317/909 839/1352/930 972/1316/908
f 972/1316/908 793/1353/931 831/1354/932
f 965/1309/901 831/1354/932 830/1355/933
f 958/1300/894 830/1355/933 829/1356/934
f 951/1301/888 829/1356/934 828/1357/935
f 944/1283/880 828/1358/935 827/1359/936
f 937/1270/868 827/1359/936 826/1360/937
f 930/1271/869 826/1360/937 825/1323/915
f 979/1361/938 987/1362/939 986/1363/940
f 980/1364/941 988/1365/942 987/1362/939
f 981/1366/943 989/1367/944 988/1365/942
f 983/1368/945 989/1367/944 982/1369/946
f 984/1370/947 990/1371/948 983/1368/945
f 985/1372/949 991/1373/950 984/1370/947
f 986/1363/940 994/1374/951 993/1375/952
f 987/1362/939 995/1376/953 994/1374/951
f 988/1365/942 996/1377/954 995/1376/953
f 990/1371/948 996/1377/954 989/1367/944
f 991/1373/950 997/1378/955 990/1371/948
f 992/1379/956 998/1380/957 991/1373/950
f 994/1374/951 1000/1381/958 993/1375/952
f 995/1376/953 1001/1382/959 994/1374/951
f 996/1377/954 1002/1383/960 995/1376/953
f 997/1378/955 1003/1384/961 996/1377/954
f 998/1380/957 1004/1385/962 997/1378/955
f 999/1386/963 1005/1387/964 998/1380/957
f 1001/1382/959 1007/1388/965 1000/1381/958
f 1002/1383/960 1008/1389/966 1001/1382/959
f 1002/1383/960 1010/1390/967 1009/1391/968
f 1003/1384/961 1011/1392/969 1010/1390/967
f 1004/1385/962 1012/1393/970 1011/1392/969
f 1005/1387/964 1013/1394/971 1012/1393/970
f 1008/1389/966 1014/1395/972 1007/1388/965
f 1009/1391/968 1015/1396/973 1008/1389/966
f 1009/1391/968 1017/1397/974 1016/1398/975
f 1010/1390/967 1018/1399/976 1017/1397/974
f 1011/1392/969 1019/1400/977 1018/1399/976
f 1012/1393/970 1020/1401/978 1019/1400/977
f 1015/1396/973 1021/1402/979 1014/1395/972
f 1016/1398/975 1022/1403/980 1015/1396/973
f 1016/1398/975 1024/1404/981 1023/1405/982
f 1017/1397/974 1025/1406/983 1024/1404/981
f 1018/1399/976 1026/1407/984 1025/1406/983
f 1019/1400/977 1027/1408/985 1026/1407/984
f 793/1353/931 979/1409/938 846/1410/986
f 839/1352/930 980/1411/941 979/1409/938
f 840/1351/929 981/1412/943 980/1411/941
f 841/1350/928 982/1413/946 981/1412/943
f 842/1414/927 983/1368/945 982/1369/946
f 844/1344/925 983/1368/945 843/1346/926
f 845/1343/924 984/1370/947 844/1344/925
f 794/1415/987 985/1372/949 845/1343/924
f 853/1416/988 992/1379/956 985/1372/949
f 854/1417/989 999/1386/963 992/1379/956
f 855/1418/990 1006/1419/991 999/1386/963
f 1006/1419/991 857/1420/992 1013/1394/971
f 1013/1394/971 858/1421/993 1020/1401/978
f 858/1421/993 1027/1408/985 1020/1401/978
f 1027/1408/985 796/1422/994 866/1423/995
f 1026/1407/984 866/1423/995 865/1424/996
f 1025/1406/983 865/1424/996 864/1425/997
f 1024/1404/981 864/1425/997 863/1426/998
f 1023/1405/982 863/1426/998 862/1427/999
f 1023/1405/982 861/1428/1000 1022/1403/980
f 1022/1403/980 860/1429/1001 1021/1402/979
f 1021/1402/979 795/1430/1002 852/1431/1003
f 1014/1395/972 852/1431/1003 851/1432/1004
f 1007/1388/965 851/1432/1004 850/1433/1005
f 1000/1381/958 850/1433/1005 849/1434/1006
f 993/1375/952 849/1434/1006 848/1435/1007
f 986/1363/940 848/1435/1007 847/1436/1008
f 846/1437/986 986/1363/940 847/1436/1008
f 1029/1438/1009 1035/1439/1010 1028/1440/1011
f 1030/1441/1012 1036/1442/1013 1029/1443/1009
f 1031/1444/1014 1037/1445/1015 1030/1441/1012
f 1032/1446/1016 1038/1447/1017 1031/1448/1014
f 1033/1449/1018 1039/1450/1019 1032/1451/1016
f 1034/1452/1020 1040/1453/1021 1033/1449/1018
f 1036/1454/1013 1042/1455/1022 1035/1439/1010
f 1037/1445/1015 1043/1456/1023 1036/1442/1013
f 1038/1457/1017 1044/1458/1024 1037/1445/1015
f 1039/1459/1019 1045/1460/1025 1038/1447/1017
f 1040/1453/1021 1046/1461/1026 1039/1450/1019
f 1041/1462/1027 1047/1463/1028 1040/1453/1021
f 1043/1464/1023 1049/1465/1029 1042/1455/1022
f 1044/1466/1024 1050/1467/1030 1043/1464/1023
f 1045/1468/1025 1051/1469/1031 1044/1466/1024
f 1046/1461/1026 1052/1470/1032 1045/1468/1025
f 1047/1463/1028 1053/1471/1033 1046/1461/1026
f 1048/1472/1034 1054/1473/1035 1047/1463/1028
f 1050/1467/1030 1056/1474/1036 1049/1465/1029
f 1051/1469/1031 1057/1475/1037 1050/1467/1030
f 1052/1476/1032 1058/1477/1038 1051/1478/1031
f 1053/1471/1033 1059/1479/1039 1052/1470/1032
f 1054/1473/1035 1060/1480/1040 1053/1471/1033
f 1055/1481/1041 1061/1482/1042 1054/1483/1035
f 1057/1475/1037 1063/1484/1043 1056/1474/1036
f 1058/1485/1038 1064/1486/1044 1057/1475/1037
f 1059/1479/1039 1065/1487/1045 1058/1485/1038
f 1060/1480/1040 1066/1488/1046 1059/1479/1039
f 1061/1489/1042 1067/1490/1047 1060/1480/1040
f 1062/1491/1048 1068/1492/1049 1061/1482/1042
f 1064/1486/1044 1070/1493/1050 1063/1484/1043
f 1065/1487/1045 1071/1494/1051 1064/1486/1044
f 1066/1488/1046 1072/1495/1052 1065/1487/1045
f 1066/1488/1046 1074/1496/1053 1073/1497/1054
f 1067/1490/1047 1075/1498/1055 1074/1496/1053
f 1069/1499/1056 1075/1498/1055 1068/1500/1049
f 867/1501/1057 811/1244/846 791/1502/844
f 868/1503/1058 1028/1504/1011 867/1505/1057
f 869/1506/1059 1029/1443/1009 868/1507/1058
f 870/1508/1060 1030/1441/1012 869/1506/1059
f 871/1509/1061 1031/1448/1014 870/1510/1060
f 872/1511/1062 1032/1446/1016 871/1509/1061
f 873/1512/1063 1033/1513/1018 872/1511/1062
f 873/1514/1063 860/1429/1001 1034/1515/1020
f 1034/1516/1020 861/1517/1000 1041/1518/1027
f 1041/1519/1027 862/1427/999 1048/1520/1034
f 862/1427/999 1055/1481/1041 1048/1520/1034
f 863/1426/998 1062/1491/1048 1055/1481/1041
f 864/1425/997 1069/1521/1056 1062/1491/1048
f 865/1424/996 1076/1522/1064 1069/1521/1056
f 866/1423/995 880/1523/1065 1076/1522/1064
f 1076/1524/1064 879/1525/1066 1075/1498/1055
f 1074/1496/1053 879/1525/1066 878/1526/1067
f 1073/1497/1054 878/1526/1067 877/1527/1068
f 1073/1497/1054 876/1528/1069 1072/1495/1052
f 1072/1495/1052 875/1529/1070 1071/1494/1051
f 1071/1494/1051 874/1530/1071 1070/1493/1050
f 1070/1493/1050 792/1253/852 817/1252/851
f 1063/1484/1043 817/1252/851 816/1531/1072
f 1056/1474/1036 816/1531/1072 815/1250/849
f 1049/1465/1029 815/1250/849 814/1249/848
f 813/1532/1073 1049/1465/1029 814/1249/848
f 1035/1439/1010 813/1532/1073 812/1247/847
f 1028/1440/1011 812/1247/847 811/1244/846
f 1077/1533/1074 1085/1534/1075 1084/1535/1076
f 1078/1536/1077 1086/1537/1078 1085/1534/1075
f 1079/1538/1079 1087/1539/1080 1086/1537/1078
f 1081/1540/1081 1087/1539/1080 1080/1541/1082
f 1082/1542/1083 1088/1543/1084 1081/1544/1081
f 1083/1545/1085 1089/1546/1086 1082/1542/1083
f 1085/1534/1075 1091/1547/1087 1084/1535/1076
f 1086/1537/1078 1092/1548/1088 1085/1534/1075
f 1086/1537/1078 1094/1549/1089 1093/1550/1090
f 1087/1539/1080 1095/1551/1091 1094/1549/1089
f 1089/1552/1086 1095/1553/1091 1088/1554/1084
f 1090/1555/1092 1096/1556/1093 1089/1552/1086
f 1092/1548/1088 1098/1557/1094 1091/1547/1087
f 1093/1550/1090 1099/1558/1095 1092/1548/1088
f 1094/1549/1089 1100/1559/1096 1093/1550/1090
f 1095/1551/1091 1101/1560/1097 1094/1549/1089
f 1096/1556/1093 1102/1561/1098 1095/1553/1091
f 1097/1562/1099 1103/1563/1100 1096/1556/1093
f 1099/1558/1095 1105/1564/1101 1098/1557/1094
f 1100/1559/1096 1106/1565/1102 1099/1558/1095
f 1101/1560/1097 1107/1566/1103 1100/1559/1096
f 1102/1567/1098 1108/1568/1104 1101/1560/1097
f 1103/1563/1100 1109/1569/1105 1102/1561/1098
f 1104/1570/1106 1110/1571/1107 1103/1563/1100
f 1106/1565/1102 1112/1572/1108 1105/1564/1101
f 1107/1566/1103 1113/1573/1109 1106/1565/1102
f 1108/1568/1104 1114/1574/1110 1107/1566/1103
f 1109/1575/1105 1115/1576/1111 1108/1568/1104
f 1109/1569/1105 1117/1577/1112 1116/1578/1113
f 1110/1571/1107 1118/1579/1114 1117/1577/1112
f 1113/1573/1109 1119/1580/1115 1112/1572/1108
f 1114/1574/1110 1120/1581/1116 1113/1573/1109
f 1115/1576/1111 1121/1582/1117 1114/1574/1110
f 1116/1583/1113 1122/1584/1118 1115/1576/1111
f 1116/1578/1113 1124/1585/1119 1123/1586/1120
f 1117/1577/1112 1125/1587/1121 1124/1585/1119
f 789/1233/835 1077/1588/1074 804/1236/838
f 825/1323/915 1078/1589/1077 1077/1588/1074
f 826/1360/937 1079/1590/1079 1078/1589/1077
f 827/1591/936 1080/1592/1082 1079/1593/1079
f 828/1357/935 1081/1544/1081 1080/1592/1082
f 829/1356/934 1082/1542/1083 1081/1544/1081
f 830/1355/933 1083/1545/1085 1082/1542/1083
f 831/1354/932 846/1410/986 1083/1545/1085
f 1083/1545/1085 847/1594/1008 1090/1595/1092
f 847/1436/1008 1097/1562/1099 1090/1555/1092
f 848/1435/1007 1104/1570/1106 1097/1562/1099
f 849/1434/1006 1111/1596/1122 1104/1570/1106
f 850/1433/1005 1118/1579/1114 1111/1596/1122
f 851/1432/1004 1125/1587/1121 1118/1579/1114
f 1125/1587/1121 795/1430/1002 873/1514/1063
f 1124/1585/1119 873/1514/1063 872/1597/1062
f 1124/1585/1119 871/1598/1061 1123/1586/1120
f 1123/1599/1120 870/1510/1060 1122/1584/1118
f 1122/1584/1118 869/1600/1059 1121/1582/1117
f 1121/1582/1117 868/1503/1058 1120/1581/1116
f 1120/1581/1116 867/1505/1057 1119/1580/1115
f 1119/1580/1115 791/1601/844 810/1602/842
f 809/1603/843 1119/1580/1115 810/1602/842
f 808/1604/841 1112/1572/1108 809/1603/843
f 1098/1557/1094 808/1604/841 807/1605/840
f 1091/1547/1087 807/1605/840 806/1606/839
f 805/1235/837 1091/1607/1087 806/1237/839
f 804/1236/838 1084/1608/1076 805/1235/837
f 1127/1609/1123 1133/1610/1124 1126/1611/1125
f 1128/1612/1126 1134/1613/1127 1127/1609/1123
f 1129/1614/1128 1135/1615/1129 1128/1612/1126
f 1130/1616/1130 1136/1617/1131 1129/1614/1128
f 1130/1616/1130 1138/1618/1132 1137/1619/1133
f 1131/1620/1134 1139/1621/1135 1138/1622/1132
f 1134/1613/1127 1140/1623/1136 1133/1610/1124
f 1135/1615/1129 1141/1624/1137 1134/1613/1127
f 1136/1617/1131 1142/1625/1138 1135/1615/1129
f 1137/1619/1133 1143/1626/1139 1136/1617/1131
f 1137/1627/1133 1145/1628/1140 1144/1629/1141
f 1138/1622/1132 1146/1630/1142 1145/1628/1140
f 1141/1624/1137 1147/1631/1143 1140/1623/1136
f 1142/1625/1138 1148/1632/1144 1141/1624/1137
f 1143/1626/1139 1149/1633/1145 1142/1625/1138
f 1144/1634/1141 1150/1635/1146 1143/1626/1139
f 1145/1628/1140 1151/1636/1147 1144/1629/1141
f 1145/1628/1140 1153/1637/1148 1152/1638/1149
f 1148/1632/1144 1154/1639/1150 1147/1631/1143
f 1149/1633/1145 1155/1640/1151 1148/1632/1144
f 1150/1635/1146 1156/1641/1152 1149/1633/1145
f 1151/1642/1147 1157/1643/1153 1150/1635/1146
f 1152/1638/1149 1158/1644/1154 1151/1636/1147
f 1152/1638/1149 1160/1645/1155 1159/1646/1156
f 1155/1640/1151 1161/1647/1157 1154/1639/1150
f 1156/1641/1152 1162/1648/1158 1155/1640/1151
f 1157/1643/1153 1163/1649/1159 1156/1641/1152
f 1158/1650/1154 1164/1651/1160 1157/1643/1153
f 1159/1652/1156 1165/1653/1161 1158/1650/1154
f 1160/1645/1155 1166/1654/1162 1159/1646/1156
f 1162/1648/1158 1168/1655/1163 1161/1647/1157
f 1163/1649/1159 1169/1656/1164 1162/1648/1158
f 1164/1651/1160 1170/1657/1165 1163/1649/1159
f 1165/1653/1161 1171/1658/1166 1164/1651/1160
f 1166/1659/1162 1172/1660/1167 1165/1653/1161
f 1167/1661/1168 1173/1662/1169 1166/1659/1162
f 818/1663/859 832/1329/916 790/1326/860
f 819/1260/858 1126/1664/1125 818/1261/859
f 820/1259/857 1127/1665/1123 819/1260/858
f 821/1258/856 1128/1666/1126 820/1259/857
f 822/1257/855 1129/1667/1128 821/1258/856
f 822/1668/855 1131/1620/1134 1130/1669/1130
f 823/1255/854 1132/1670/1170 1131/1620/1134
f 824/1254/853 874/1530/1071 1132/1670/1170
f 1132/1670/1170 875/1529/1070 1139/1621/1135
f 1139/1621/1135 876/1528/1069 1146/1630/1142
f 1146/1630/1142 877/1527/1068 1153/1637/1148
f 877/1527/1068 1160/1645/1155 1153/1637/1148
f 878/1526/1067 1167/1671/1168 1160/1645/1155
f 879/1525/1066 1174/1672/1171 1167/1671/1168
f 880/1523/1065 859/1673/1172 1174/1674/1171
f 1174/1674/1171 858/1421/993 1173/1675/1169
f 1173/1675/1169 857/1420/992 1172/1676/1167
f 1172/1660/1167 856/1677/1173 1171/1658/1166
f 1170/1657/1165 856/1677/1173 855/1678/990
f 1169/1679/1164 855/1418/990 854/1417/989
f 1168/1680/1163 854/1417/989 853/1416/988
f 1168/1680/1163 794/1415/987 838/1342/923
f 1161/1681/1157 838/1342/923 837/1339/921
f 1154/1639/1150 837/1682/921 836/1337/920
f 1147/1631/1143 836/1337/920 835/1335/919
f 1140/1623/1136 835/1335/919 834/1333/918
f 1133/1610/1124 834/1333/918 833/1331/917
f 1126/1611/1125 833/1331/917 832/1329/916
f 1177/1683/1174 1176/1684/1175 1175/1685/1176
f 1176/1686/1175 1179/1687/1177 1175/1688/1176
f 1180/1689/1178 1181/1690/1179 1179/1691/1177
f 1181/1692/1179 1178/1693/1180 1177/1694/1174
f 1179/1695/1177 1177/1696/1174 1175/1697/1176
f 1178/1698/1180 1180/1699/1178 1176/1700/1175
f 1192/1701/1181 1191/1702/1182 1183/1703/1183
f 1185/1704/1184 1203/1705/1185 1192/1701/1181
f 1193/1706/1186 1194/1707/1187 1203/1705/1185
f 1203/1705/1185 1184/1708/1188 1191/1702/1182
f 1183/1703/1183 1204/1709/1189 1195/1710/1190
f 1191/1702/1182 1196/1711/1191 1204/1709/1189
f 1204/1709/1189 1188/1712/1192 1197/1713/1193
f 1195/1710/1190 1197/1713/1193 1187/1714/1194
f 1197/1715/1193 1198/1716/1195 1187/1717/1194
f 1188/1718/1192 1205/1719/1196 1197/1715/1193
f 1199/1720/1197 1200/1721/1198 1205/1719/1196
f 1205/1719/1196 1189/1722/1199 1198/1716/1195
f 1185/1723/1184 1206/1724/1200 1193/1725/1186
f 1201/1726/1201 1200/1721/1198 1206/1727/1200
f 1206/1727/1200 1190/1728/1202 1202/1729/1203
f 1193/1730/1186 1202/1729/1203 1186/1731/1204
f 1183/1732/1183 1207/1733/1205 1192/1734/1181
f 1195/1735/1190 1198/1736/1195 1207/1733/1205
f 1207/1733/1205 1189/1737/1199 1201/1738/1201
f 1192/1734/1181 1201/1738/1201 1185/1739/1184
f 1184/1740/1188 1208/1741/1206 1196/1742/1191
f 1194/1743/1187 1202/1744/1203 1208/1741/1206
f 1208/1741/1206 1190/1745/1202 1199/1746/1197
f 1196/1742/1191 1199/1746/1197 1188/1747/1192
f 1211/1748/1207 1210/1749/1208 1209/1750/1209
f 1210/1751/1208 1213/1752/1210 1209/1753/1209
f 1214/1754/1211 1215/1755/1212 1213/1756/1210
f 1215/1755/1212 1212/1757/1213 1211/1758/1207
f 1213/1756/1210 1211/1758/1207 1209/1759/1209
f 1210/1760/1208 1216/1761/1214 1214/1762/1211
f 1217/1763/1215 1220/1764/1216 1218/1765/1217
f 1218/1766/1217 1221/1767/1218 1217/1768/1215
f 1221/1769/1218 1224/1770/1219 1223/1771/1220
f 1219/1772/1221 1224/1773/1219 1220/1774/1216
f 1221/1775/1218 1219/1776/1221 1217/1777/1215
f 1218/1778/1217 1224/1779/1219 1222/1780/1222
f 1227/1781/1223 1226/1782/1224 1225/1783/1225
f 1226/1784/1224 1229/1785/1226 1225/1786/1225
f 1230/1787/1227 1231/1788/1228 1229/1789/1226
f 1231/1790/1228 1228/1791/1229 1227/1792/1223
f 1229/1793/1226 1227/1794/1223 1225/1795/1225
f 1228/1796/1229 1230/1797/1227 1226/1798/1224
f 1242/1799/1230 1241/1800/1231 1233/1801/1232
f 1235/1802/1233 1253/1803/1234 1242/1804/1230
f 1253/1803/1234 1236/1805/1235 1244/1806/1236
f 1241/1800/1231 1244/1807/1236 1234/1808/1237
f 1233/1801/1232 1254/1809/1238 1245/1810/1239
f 1241/1800/1231 1246/1811/1240 1254/1809/1238
f 1254/1812/1238 1238/1813/1241 1247/1814/1242
f 1254/1809/1238 1237/1815/1243 1245/1810/1239
f 1237/1816/1243 1255/1817/1244 1248/1818/1245
f 1238/1813/1241 1255/1817/1244 1247/1814/1242
f 1255/1817/1244 1240/1819/1246 1250/1820/1247
f 1255/1821/1244 1239/1822/1248 1248/1823/1245
f 1235/1824/1233 1256/1825/1249 1243/1826/1250
f 1239/1822/1248 1256/1825/1249 1251/1827/1251
f 1256/1825/1249 1240/1828/1246 1252/1829/1252
f 1256/1825/1249 1236/1830/1235 1243/1826/1250
f 1233/1831/1232 1257/1832/1253 1242/1833/1230
f 1237/1834/1243 1257/1832/1253 1245/1835/1239
f 1257/1832/1253 1239/1836/1248 1251/1837/1251
f 1257/1832/1253 1235/1838/1233 1242/1833/1230
f 1234/1839/1237 1258/1840/1254 1246/1841/1240
f 1236/1842/1235 1258/1840/1254 1244/1843/1236
f 1252/1844/1252 1249/1845/1255 1258/1840/1254
f 1258/1840/1254 1238/1846/1241 1246/1841/1240
f 1261/1847/1256 1260/1848/1257 1259/1849/1258
f 1260/1850/1257 1263/1851/1259 1259/1852/1258
f 1263/1853/1259 1266/1854/1260 1265/1855/1261
f 1261/1856/1256 1266/1857/1260 1262/1858/1262
f 1263/1859/1259 1261/1860/1256 1259/1861/1258
f 1260/1862/1257 1266/1854/1260 1264/1863/1263
f 1267/1864/1264 1270/1865/1265 1268/1866/1266
f 1267/1867/1264 1272/1868/1267 1271/1869/1268
f 1271/1869/1268 1274/1870/1269 1273/1871/1270
f 1269/1872/1271 1274/1873/1269 1270/1874/1265
f 1267/1875/1264 1273/1876/1270 1269/1877/1271
f 1270/1878/1265 1272/1879/1267 1268/1880/1266
f 1277/1881/1272 1276/1882/1273 1275/1883/1274
f 1276/1884/1273 1279/1881/1275 1275/1885/1274
f 1280/1886/1276 1281/1887/1277 1279/1888/1275
f 1281/1889/1277 1278/1890/1278 1277/1891/1272
f 1279/1892/1275 1277/1893/1272 1275/1894/1274
f 1278/1895/1278 1280/1896/1276 1276/1897/1273
f 1328/1898/1279 1330/1899/1280 1327/1900/1281
f 1329/1901/1282 1331/1902/1283 1328/1898/1279
f 1331/1902/1283 1333/1903/1284 1330/1899/1280
f 1331/1902/1283 1335/1904/1285 1334/1905/1286
f 1283/1906/1287 1327/1900/1281 1291/1907/1288
f 1295/1908/1289 1327/1900/1281 1294/1909/1290
f 1296/1910/1291 1328/1898/1279 1295/1908/1289
f 1285/1911/1292 1329/1901/1282 1296/1910/1291
f 1297/1912/1293 1332/1913/1294 1329/1901/1282
f 1332/1913/1294 1299/1914/1295 1335/1904/1285
f 1335/1904/1285 1286/1915/1296 1302/1916/1297
f 1335/1904/1285 1301/1917/1298 1334/1905/1286
f 1334/1905/1286 1300/1918/1299 1333/1903/1284
f 1333/1919/1284 1284/1920/1300 1293/1921/1301
f 1330/1922/1280 1293/1921/1301 1292/1923/1302
f 1327/1900/1281 1292/1924/1302 1291/1907/1288
f 1336/1925/1303 1340/1926/1304 1339/1927/1305
f 1337/1928/1306 1341/1929/1307 1340/1926/1304
f 1339/1927/1305 1343/1930/1308 1342/1931/1309
f 1340/1926/1304 1344/1932/1310 1343/1930/1308
f 1283/1933/1287 1336/1925/1303 1303/1934/1311
f 1291/1935/1288 1337/1928/1306 1336/1925/1303
f 1292/1936/1302 1338/1937/1312 1337/1928/1306
f 1284/1938/1300 1338/1937/1312 1293/1939/1301
f 1306/1940/1313 1341/1929/1307 1338/1937/1312
f 1341/1929/1307 1308/1941/1314 1344/1932/1310
f 1344/1942/1310 1288/1943/1315 1311/1944/1316
f 1343/1930/1308 1311/1945/1316 1310/1946/1317
f 1342/1931/1309 1310/1946/1317 1309/1947/1318
f 1342/1931/1309 1287/1948/1319 1305/1949/1320
f 1339/1927/1305 1305/1949/1320 1304/1950/1321
f 1303/1934/1311 1339/1927/1305 1304/1950/1321
f 1346/1951/1322 1348/1952/1323 1345/1953/1324
f 1347/1954/1325 1349/1955/1326 1346/1951/1322
f 1349/1955/1326 1351/1956/1327 1348/1952/1323
f 1349/1955/1326 1353/1957/1328 1352/1958/1329
f 1287/1959/1319 1345/1960/1324 1312/1961/1330
f 1310/1962/1317 1345/1953/1324 1309/1963/1318
f 1310/1962/1317 1347/1954/1325 1346/1951/1322
f 1288/1943/1315 1347/1954/1325 1311/1944/1316
f 1315/1964/1331 1350/1965/1332 1347/1954/1325
f 1350/1965/1332 1317/1966/1333 1353/1957/1328
f 1353/1967/1328 1290/1968/1334 1320/1969/1335
f 1352/1958/1329 1320/1970/1335 1319/1971/1336
f 1352/1972/1329 1318/1973/1337 1351/1974/1327
f 1351/1974/1327 1289/1975/1338 1314/1976/1339
f 1348/1977/1323 1314/1976/1339 1313/1978/1340
f 1312/1961/1330 1348/1977/1323 1313/1978/1340
f 1354/1979/1341 1358/1980/1342 1357/1981/1343
f 1355/1982/1344 1359/1983/1345 1358/1980/1342
f 1357/1981/1343 1361/1984/1346 1360/1985/1347
f 1358/1980/1342 1362/1986/1348 1361/1984/1346
f 1285/1911/1292 1354/1987/1341 1297/1912/1293
f 1321/1988/1349 1355/1982/1344 1354/1979/1341
f 1322/1989/1350 1356/1990/1351 1355/1982/1344
f 1289/1975/1338 1356/1991/1351 1323/1992/1352
f 1318/1993/1337 1359/1983/1345 1356/1990/1351
f 1359/1983/1345 1320/1969/1335 1362/1986/1348
f 1362/1986/1348 1290/1968/1334 1326/1994/1353
f 1361/1984/1346 1326/1994/1353 1325/1995/1354
f 1360/1985/1347 1325/1995/1354 1324/1996/1355
f 1360/1985/1347 1286/1997/1296 1299/1998/1295
f 1357/1981/1343 1299/1998/1295 1298/1999/1356
f 1297/2000/1293 1357/1981/1343 1298/1999/1356
f 1363/2001/1357 1367/2002/1358 1366/2003/1359
f 1365/2004/1360 1367/2002/1358 1364/2005/1361
f 1366/2003/1359 1370/2006/1362 1369/2007/1363
f 1368/2008/1364 1370/2006/1362 1367/2002/1358
f 1283/1933/1287 1363/2009/1357 1294/2010/1290
f 1303/1934/1311 1364/2011/1361 1363/2009/1357
f 1305/2012/1320 1364/2005/1361 1304/2013/1321
f 1287/1959/1319 1365/2004/1360 1305/2012/1320
f 1312/1961/1330 1368/2008/1364 1365/2004/1360
f 1368/2008/1364 1314/1976/1339 1371/2014/1365
f 1371/2014/1365 1289/1975/1338 1323/1992/1352
f 1370/2006/1362 1323/1992/1352 1322/2015/1350
f 1370/2006/1362 1321/2016/1349 1369/2007/1363
f 1369/2017/1363 1285/1911/1292 1296/1910/1291
f 1366/2018/1359 1296/1910/1291 1295/1908/1289
f 1294/1909/1290 1366/2018/1359 1295/1908/1289
f 1372/2019/1366 1376/2020/1367 1375/2021/1368
f 1374/2022/1369 1376/2020/1367 1373/2023/1370
f 1376/2020/1367 1378/2024/1371 1375/2021/1368
f 1376/2020/1367 1380/2025/1372 1379/2026/1373
f 1284/1920/1300 1372/2019/1366 1306/2027/1313
f 1301/2028/1298 1372/2019/1366 1300/2029/1299
f 1302/2030/1297 1373/2023/1370 1301/2028/1298
f 1286/2031/1296 1374/2022/1369 1302/2030/1297
f 1324/2032/1355 1377/2033/1374 1374/2022/1369
f 1377/2034/1374 1326/2035/1353 1380/2036/1372
f 1380/2037/1372 1290/1968/1334 1317/2038/1333
f 1379/2039/1373 1317/1966/1333 1316/2040/1375
f 1379/2039/1373 1315/1964/1331 1378/2041/1371
f 1378/2041/1371 1288/1943/1315 1308/2042/1314
f 1307/2043/1376 1378/2024/1371 1308/2044/1314
f 1306/2027/1313 1375/2021/1368 1307/2043/1376
f 1381/2045/1377 1401/2046/1378 1389/2047/1379
f 1390/2048/1380 1391/2049/1381 1401/2050/1378
f 1401/2050/1378 1384/2051/1382 1392/2052/1383
f 1401/2053/1378 1382/2054/1384 1389/2055/1379
f 1381/2045/1377 1402/2056/1385 1393/2057/1386
f 1382/2054/1384 1402/2058/1385 1389/2055/1379
f 1402/2059/1385 1386/2060/1387 1395/2061/1388
f 1393/2062/1386 1395/2061/1388 1385/2063/1389
f 1385/2063/1389 1403/2064/1390 1396/2065/1391
f 1386/2060/1387 1403/2064/1390 1395/2061/1388
f 1403/2066/1390 1388/2067/1392 1398/2068/1393
f 1403/2069/1390 1387/2070/1394 1396/2071/1391
f 1383/2072/1395 1404/2073/1396 1391/2049/1381
f 1387/2070/1394 1404/2074/1396 1399/2075/1397
f 1404/2076/1396 1388/2067/1392 1400/2077/1398
f 1404/2073/1396 1384/2051/1382 1391/2049/1381
f 1381/2045/1377 1405/2078/1399 1390/2079/1380
f 1385/2080/1389 1405/2078/1399 1393/2057/1386
f 1405/2081/1399 1387/2070/1394 1399/2075/1397
f 1405/2078/1399 1383/2082/1395 1390/2079/1380
f 1382/2054/1384 1406/2083/1400 1394/2084/1401
f 1384/2085/1382 1406/2086/1400 1392/2087/1383
f 1406/2086/1400 1388/2067/1392 1397/2088/1402
f 1406/2086/1400 1386/2089/1387 1394/2090/1401
f 1409/2091/1403 1408/2092/1404 1407/2093/1405
f 1408/2094/1404 1411/2095/1406 1407/2096/1405
f 1411/2097/1406 1414/2098/1407 1413/2099/1408
f 1409/2100/1403 1414/2101/1407 1410/2102/1409
f 1407/2103/1405 1413/2104/1408 1409/2105/1403
f 1408/2106/1404 1414/2107/1407 1412/2108/1410
f 1417/2109/1411 1416/2110/1412 1415/2111/1413
f 1416/2112/1412 1419/2113/1414 1415/2114/1413
f 1420/2115/1415 1421/2116/1416 1419/2117/1414
f 1421/2118/1416 1418/2119/1417 1417/2120/1411
f 1415/2121/1413 1421/2118/1416 1417/2120/1411
f 1416/2122/1412 1422/2123/1418 1420/2124/1415
f 1423/2125/1419 1443/2126/1420 1431/2127/1421
f 1425/2128/1422 1443/2126/1420 1432/2129/1423
f 1443/2130/1420 1426/2131/1424 1434/2132/1425
f 1443/2130/1420 1424/2133/1426 1431/2134/1421
f 1423/2135/1419 1444/2136/1427 1435/2137/1428
f 1424/2138/1426 1444/2136/1427 1431/2139/1421
f 1444/2136/1427 1428/2140/1429 1437/2141/1430
f 1444/2136/1427 1427/2142/1431 1435/2137/1428
f 1427/2143/1431 1445/2144/1432 1438/2145/1433
f 1428/2146/1429 1445/2144/1432 1437/2147/1430
f 1445/2144/1432 1430/2148/1434 1440/2149/1435
f 1445/2144/1432 1429/2150/1436 1438/2145/1433
f 1425/2151/1422 1446/2152/1437 1433/2153/1438
f 1429/2154/1436 1446/2152/1437 1441/2155/1439
f 1446/2152/1437 1430/2156/1434 1442/2157/1440
f 1446/2152/1437 1426/2158/1424 1433/2153/1438
f 1423/2125/1419 1447/2159/1441 1432/2129/1423
f 1427/2160/1431 1447/2161/1441 1435/2162/1428
f 1447/2161/1441 1429/2163/1436 1441/2164/1439
f 1447/2161/1441 1425/2165/1422 1432/2166/1423
f 1424/2133/1426 1448/2167/1442 1436/2168/1443
f 1426/2131/1424 1448/2167/1442 1434/2132/1425
f 1442/2169/1440 1439/2170/1444 1448/2171/1442
f 1448/2171/1442 1428/2146/1429 1436/2172/1443
f 1451/2173/1445 1450/2174/1446 1449/2175/1447
f 1449/2176/1447 1454/2177/1448 1453/2178/1449
f 1454/2179/1448 1455/2180/1450 1453/2181/1449
f 1451/2182/1445 1456/2183/1451 1452/2184/1452
f 1449/2175/1447 1455/2185/1450 1451/2173/1445
f 1452/2186/1452 1454/2179/1448 1450/2187/1446
f 1502/2188/1453 1504/2189/1454 1501/2190/1455
f 1503/2191/1456 1505/2192/1457 1502/2193/1453
f 1505/2194/1457 1507/2195/1458 1504/2189/1454
f 1505/2194/1457 1509/2196/1459 1508/2197/1460
f 1457/2198/1461 1501/2199/1455 1465/2200/1462
f 1469/2201/1463 1501/2190/1455 1468/2202/1464
f 1470/2203/1465 1502/2188/1453 1469/2201/1463
f 1459/2204/1466 1503/2205/1456 1470/2203/1465
f 1503/2191/1456 1472/2206/1467 1506/2207/1468
f 1506/2208/1468 1473/2209/1469 1509/2196/1459
f 1509/2210/1459 1460/2211/1470 1476/2212/1471
f 1509/2210/1459 1475/2213/1472 1508/2214/1460
f 1508/2214/1460 1474/2215/1473 1507/2216/1458
f 1507/2217/1458 1458/2218/1474 1467/2219/1475
f 1504/2220/1454 1467/2219/1475 1466/2221/1476
f 1501/2199/1455 1466/2221/1476 1465/2200/1462
f 1510/2222/1477 1514/2223/1478 1513/2224/1479
f 1511/2225/1480 1515/2226/1481 1514/2223/1478
f 1513/2224/1479 1517/2227/1482 1516/2228/1483
f 1514/2223/1478 1518/2229/1484 1517/2227/1482
f 1457/2198/1461 1510/2222/1477 1477/2230/1485
f 1465/2200/1462 1511/2225/1480 1510/2222/1477
f 1466/2221/1476 1512/2231/1486 1511/2225/1480
f 1458/2218/1474 1512/2231/1486 1467/2219/1475
f 1512/2231/1486 1481/2232/1487 1515/2226/1481
f 1515/2226/1481 1482/2233/1488 1518/2229/1484
f 1518/2229/1484 1462/2234/1489 1485/2235/1490
f 1517/2227/1482 1485/2235/1490 1484/2236/1491
f 1517/2227/1482 1483/2237/1492 1516/2228/1483
f 1516/2228/1483 1461/2238/1493 1479/2239/1494
f 1478/2240/1495 1516/2228/1483 1479/2239/1494
f 1477/2230/1485 1513/2224/1479 1478/2240/1495
f 1519/2241/1496 1523/2242/1497 1522/2243/1498
f 1520/2244/1499 1524/2245/1500 1523/2242/1497
f 1523/2242/1497 1525/2246/1501 1522/2243/1498
f 1524/2245/1500 1526/2247/1502 1523/2242/1497
f 1461/2248/1493 1519/2249/1496 1486/2250/1503
f 1483/2251/1492 1520/2252/1499 1519/2249/1496
f 1485/2253/1490 1520/2244/1499 1484/2254/1491
f 1462/2255/1489 1521/2256/1504 1485/2253/1490
f 1489/2257/1505 1524/2245/1500 1521/2256/1504
f 1490/2258/1506 1527/2259/1507 1524/2245/1500
f 1491/2260/1508 1494/2261/1509 1527/2259/1507
f 1527/2259/1507 1493/2262/1510 1526/2247/1502
f 1526/2247/1502 1492/2263/1511 1525/2246/1501
f 1525/2264/1501 1463/2265/1512 1488/2266/1513
f 1487/2267/1514 1525/2268/1501 1488/2269/1513
f 1519/2249/1496 1487/2267/1514 1486/2250/1503
f 1528/2270/1515 1532/2271/1516 1531/2272/1517
f 1530/2273/1518 1532/2271/1516 1529/2274/1519
f 1531/2272/1517 1535/2275/1520 1534/2276/1521
f 1532/2271/1516 1536/2277/1522 1535/2275/1520
f 1459/2204/1466 1528/2278/1515 1471/2279/1523
f 1495/2280/1524 1529/2274/1519 1528/2270/1515
f 1496/2281/1525 1530/2273/1518 1529/2274/1519
f 1463/2265/1512 1530/2273/1518 1497/2282/1526
f 1530/2273/1518 1493/2283/1510 1533/2284/1527
f 1533/2284/1527 1494/2285/1509 1536/2277/1522
f 1536/2277/1522 1464/2286/1528 1500/2287/1529
f 1535/2275/1520 1500/2287/1529 1499/2288/1530
f 1534/2276/1521 1499/2288/1530 1498/2289/1531
f 1473/2290/1469 1498/2289/1531 1460/2291/1470
f 1472/2292/1467 1534/2276/1521 1473/2290/1469
f 1471/2293/1523 1531/2272/1517 1472/2292/1467
f 1538/2294/1532 1540/2295/1533 1537/2296/1534
f 1539/2297/1535 1541/2298/1536 1538/2294/1532
f 1541/2298/1536 1543/2299/1537 1540/2295/1533
f 1541/2298/1536 1545/2300/1538 1544/2301/1539
f 1457/2302/1461 1537/2303/1534 1468/2202/1464
f 1477/2304/1485 1538/2294/1532 1537/2296/1534
f 1478/2305/1495 1539/2297/1535 1538/2294/1532
f 1461/2248/1493 1539/2297/1535 1479/2306/1494
f 1486/2250/1503 1542/2307/1540 1539/2297/1535
f 1542/2307/1540 1488/2269/1513 1545/2300/1538
f 1545/2308/1538 1463/2265/1512 1497/2282/1526
f 1544/2309/1539 1497/2282/1526 1496/2281/1525
f 1543/2310/1537 1496/2311/1525 1495/2312/1524
f 1543/2310/1537 1459/2204/1466 1470/2203/1465
f 1540/2313/1533 1470/2203/1465 1469/2201/1463
f 1537/2303/1534 1469/2201/1463 1468/2202/1464
f 1546/2314/1541 1550/2315/1542 1549/2316/1543
f 1548/2317/1544 1550/2315/1542 1547/2318/1545
f 1549/2319/1543 1553/2320/1546 1552/2321/1547
f 1551/2322/1548 1553/2320/1546 1550/2323/1542
f 1458/2324/1474 1546/2314/1541 1480/2325/1549
f 1474/2215/1473 1547/2318/1545 1546/2314/1541
f 1476/2212/1471 1547/2318/1545 1475/2213/1472
f 1460/2211/1470 1548/2317/1544 1476/2212/1471
f 1498/2326/1531 1551/2327/1548 1548/2317/1544
f 1551/2327/1548 1500/2328/1529 1554/2329/1550
f 1554/2330/1550 1464/2331/1528 1491/2260/1508
f 1553/2320/1546 1491/2260/1508 1490/2258/1506
f 1552/2321/1547 1490/2258/1506 1489/2257/1505
f 1552/2321/1547 1462/2255/1489 1482/2332/1488
f 1481/2333/1487 1552/2321/1547 1482/2332/1488
f 1480/2325/1549 1549/2316/1543 1481/2334/1487
f 1557/2335/1551 1556/2336/1552 1555/2337/1553
f 1555/2338/1553 1560/2339/1554 1559/2340/1555
f 1560/2341/1554 1561/2342/1556 1559/2343/1555
f 1557/2344/1551 1562/2345/1557 1558/2346/1558
f 1555/2347/1553 1561/2348/1556 1557/2349/1551
f 1556/2350/1552 1562/2351/1557 1560/2352/1554
f 1607/2353/1559 1611/2354/1560 1610/2355/1561
f 1608/2356/1562 1612/2357/1563 1611/2354/1560
f 1611/2358/1560 1613/2359/1564 1610/2360/1561
f 1611/2358/1560 1615/2361/1565 1614/2362/1566
f 1563/2363/1567 1607/2353/1559 1571/2364/1568
f 1574/2365/1569 1608/2356/1562 1607/2353/1559
f 1575/2366/1570 1609/2367/1571 1608/2356/1562
f 1565/2368/1572 1609/2367/1571 1576/2369/1573
f 1609/2370/1571 1578/2371/1574 1612/2372/1563
f 1612/2372/1563 1579/2373/1575 1615/2361/1565
f 1615/2361/1565 1566/2374/1576 1582/2375/1577
f 1614/2362/1566 1582/2375/1577 1581/2376/1578
f 1614/2377/1566 1580/2378/1579 1613/2379/1564
f 1613/2379/1564 1564/2380/1580 1573/2381/1581
f 1610/2382/1561 1573/2381/1581 1572/2383/1582
f 1571/2364/1568 1610/2355/1561 1572/2384/1582
f 1616/2385/1583 1620/2386/1584 1619/2387/1585
f 1618/2388/1586 1620/2389/1584 1617/2390/1587
f 1619/2391/1585 1623/2392/1588 1622/2393/1589
f 1620/2389/1584 1624/2394/1590 1623/2392/1588
f 1563/2363/1567 1616/2395/1583 1583/2396/1591
f 1572/2383/1582 1616/2385/1583 1571/2397/1568
f 1573/2381/1581 1617/2398/1587 1572/2383/1582
f 1564/2380/1580 1618/2399/1586 1573/2381/1581
f 1586/2400/1592 1621/2401/1593 1618/2399/1586
f 1621/2401/1593 1588/2402/1594 1624/2403/1590
f 1624/2394/1590 1568/2404/1595 1591/2405/1596
f 1623/2392/1588 1591/2405/1596 1590/2406/1597
f 1622/2393/1589 1590/2406/1597 1589/2407/1598
f 1622/2393/1589 1567/2408/1599 1585/2409/1600
f 1584/2410/1601 1622/2393/1589 1585/2409/1600
f 1583/2411/1591 1619/2391/1585 1584/2410/1601
f 1625/2412/1602 1629/2413/1603 1628/2414/1604
f 1626/2415/1605 1630/2416/1606 1629/2413/1603
f 1628/2414/1604 1632/2417/1607 1631/2418/1608
f 1629/2413/1603 1633/2419/1609 1632/2417/1607
f 1567/2408/1599 1625/2420/1602 1592/2421/1610
f 1589/2422/1598 1626/2415/1605 1625/2412/1602
f 1590/2423/1597 1627/2424/1611 1626/2415/1605
f 1568/2425/1595 1627/2424/1611 1591/2426/1596
f 1627/2424/1611 1596/2427/1612 1630/2416/1606
f 1630/2416/1606 1597/2428/1613 1633/2419/1609
f 1633/2419/1609 1570/2429/1614 1600/2430/1615
f 1632/2417/1607 1600/2430/1615 1599/2431/1616
f 1631/2418/1608 1599/2431/1616 1598/2432/1617
f 1631/2433/1608 1569/2434/1618 1594/2435/1619
f 1628/2436/1604 1594/2435/1619 1593/2437/1620
f 1592/2438/1610 1628/2436/1604 1593/2437/1620
f 1634/2439/1621 1638/2440/1622 1637/2441/1623
f 1636/2442/1624 1638/2443/1622 1635/2444/1625
f 1637/2441/1623 1641/2445/1626 1640/2446/1627
f 1638/2440/1622 1642/2447/1628 1641/2445/1626
f 1565/2448/1572 1634/2449/1621 1577/2450/1629
f 1601/2451/1630 1635/2444/1625 1634/2449/1621
f 1603/2452/1631 1635/2444/1625 1602/2453/1632
f 1569/2434/1618 1636/2442/1624 1603/2452/1631
f 1636/2442/1624 1599/2454/1616 1639/2455/1633
f 1599/2454/1616 1642/2456/1628 1639/2455/1633
f 1642/2457/1628 1570/2429/1614 1606/2458/1634
f 1641/2445/1626 1606/2459/1634 1605/2460/1635
f 1640/2446/1627 1605/2460/1635 1604/2461/1636
f 1640/2446/1627 1566/2374/1576 1579/2373/1575
f 1578/2371/1574 1640/2446/1627 1579/2373/1575
f 1577/2462/1629 1637/2441/1623 1578/2371/1574
f 1643/2463/1637 1647/2464/1638 1646/2465/1639
f 1645/2466/1640 1647/2467/1638 1644/2468/1641
f 1647/2464/1638 1649/2469/1642 1646/2465/1639
f 1647/2467/1638 1651/2470/1643 1650/2471/1644
f 1563/2363/1567 1643/2463/1637 1574/2365/1569
f 1584/2472/1601 1643/2463/1637 1583/2396/1591
f 1585/2409/1600 1644/2473/1641 1584/2410/1601
f 1567/2408/1599 1645/2474/1640 1585/2409/1600
f 1645/2466/1640 1593/2437/1620 1648/2475/1645
f 1648/2475/1645 1594/2435/1619 1651/2470/1643
f 1651/2470/1643 1569/2434/1618 1603/2452/1631
f 1650/2471/1644 1603/2452/1631 1602/2453/1632
f 1650/2476/1644 1601/2477/1630 1649/2469/1642
f 1649/2469/1642 1565/2368/1572 1576/2369/1573
f 1646/2465/1639 1576/2369/1573 1575/2366/1570
f 1643/2463/1637 1575/2366/1570 1574/2365/1569
f 1652/2478/1646 1656/2479/1647 1655/2480/1648
f 1654/2481/1649 1656/2482/1647 1653/2483/1650
f 1656/2482/1647 1658/2484/1651 1655/2485/1648
f 1657/2486/1652 1659/2487/1653 1656/2482/1647
f 1564/2380/1580 1652/2478/1646 1586/2400/1592
f 1580/2378/1579 1653/2488/1650 1652/2478/1646
f 1582/2375/1577 1653/2489/1650 1581/2376/1578
f 1566/2374/1576 1654/2490/1649 1582/2375/1577
f 1604/2461/1636 1657/2491/1652 1654/2490/1649
f 1657/2486/1652 1606/2458/1634 1660/2492/1654
f 1660/2492/1654 1570/2429/1614 1597/2428/1613
f 1660/2492/1654 1596/2427/1612 1659/2487/1653
f 1659/2487/1653 1595/2493/1655 1658/2484/1651
f 1658/2484/1651 1568/2425/1595 1588/2494/1594
f 1655/2480/1648 1588/2402/1594 1587/2495/1656
f 1586/2400/1592 1655/2480/1648 1587/2495/1656
f 1661/2496/1657 1664/2497/1658 1662/2498/1659
f 1661/2499/1657 1666/2500/1660 1665/2501/1661
f 1665/2502/1661 1668/2503/1662 1667/2504/1663
f 1663/2505/1664 1668/2506/1662 1664/2507/1658
f 1665/2508/1661 1663/2509/1664 1661/2510/1657
f 1664/2511/1658 1666/2512/1660 1662/2513/1659
f 1669/2514/1665 1689/2515/1666 1677/2516/1667
f 1671/2517/1668 1689/2515/1666 1678/2518/1669
f 1689/2515/1666 1672/2519/1670 1680/2520/1671
f 1689/2521/1666 1670/2522/1672 1677/2523/1667
f 1669/2524/1665 1690/2525/1673 1681/2526/1674
f 1670/2527/1672 1690/2525/1673 1677/2528/1667
f 1690/2525/1673 1674/2529/1675 1683/2530/1676
f 1690/2525/1673 1673/2531/1677 1681/2526/1674
f 1673/2532/1677 1691/2533/1678 1684/2534/1679
f 1674/2535/1675 1691/2536/1678 1683/2537/1676
f 1691/2536/1678 1676/2538/1680 1686/2539/1681
f 1691/2533/1678 1675/2540/1682 1684/2534/1679
f 1671/2541/1668 1692/2542/1683 1679/2543/1684
f 1675/2544/1682 1692/2542/1683 1687/2545/1685
f 1692/2542/1683 1676/2546/1680 1688/2547/1686
f 1692/2542/1683 1672/2548/1670 1679/2543/1684
f 1681/2549/1674 1678/2518/1669 1669/2514/1665
f 1673/2532/1677 1693/2550/1687 1681/2551/1674
f 1684/2534/1679 1687/2552/1685 1693/2550/1687
f 1693/2553/1687 1671/2517/1668 1678/2518/1669
f 1680/2554/1671 1682/2555/1688 1670/2522/1672
f 1672/2556/1670 1694/2557/1689 1680/2554/1671
f 1688/2558/1686 1685/2559/1690 1694/2560/1689
f 1694/2560/1689 1674/2535/1675 1682/2561/1688
f 1697/2562/1691 1696/2563/1692 1695/2564/1693
f 1695/2565/1693 1700/2566/1694 1699/2567/1695
f 1700/2568/1694 1701/2569/1696 1699/2570/1695
f 1701/2571/1696 1698/2572/1697 1697/2562/1691
f 1695/2573/1693 1701/2574/1696 1697/2575/1691
f 1698/2576/1697 1700/2577/1694 1696/2578/1692
f 1703/2579/1698 1706/2580/1699 1704/2581/1700
f 1704/2582/1700 1707/2583/1701 1703/2584/1698
f 1707/2585/1701 1710/2586/1702 1709/2587/1703
f 1709/2588/1703 1706/2589/1699 1705/2590/1704
f 1707/2583/1701 1705/2591/1704 1703/2584/1698
f 1706/2589/1699 1708/2592/1705 1704/2593/1700
f 1711/2594/1706 1731/2595/1707 1719/2596/1708
f 1713/2597/1709 1731/2595/1707 1720/2598/1710
f 1721/2599/1711 1722/2600/1712 1731/2595/1707
f 1731/2595/1707 1712/2601/1713 1719/2596/1708
f 1711/2602/1706 1732/2603/1714 1723/2604/1715
f 1712/2605/1713 1732/2603/1714 1719/2606/1708
f 1732/2603/1714 1716/2607/1716 1725/2608/1717
f 1732/2603/1714 1715/2609/1718 1723/2604/1715
f 1725/2610/1717 1726/2611/1719 1715/2612/1718
f 1716/2613/1716 1733/2614/1720 1725/2610/1717
f 1727/2615/1721 1728/2616/1722 1733/2614/1720
f 1733/2614/1720 1717/2617/1723 1726/2611/1719
f 1713/2618/1709 1734/2619/1724 1721/2620/1711
f 1717/2621/1723 1734/2619/1724 1729/2622/1725
f 1734/2619/1724 1718/2623/1726 1730/2624/1727
f 1721/2620/1711 1730/2624/1727 1714/2625/1728
f 1711/2626/1706 1735/2627/1729 1720/2628/1710
f 1715/2629/1718 1735/2627/1729 1723/2630/1715
f 1735/2627/1729 1717/2631/1723 1729/2632/1725
f 1735/2633/1729 1713/2597/1709 1720/2598/1710
f 1712/2605/1713 1736/2634/1730 1724/2635/1731
f 1714/2636/1728 1736/2637/1730 1722/2638/1712
f 1730/2639/1727 1727/2640/1721 1736/2637/1730
f 1736/2637/1730 1716/2641/1716 1724/2642/1731
f 1737/2643/1732 1757/2644/1733 1745/2645/1734
f 1739/2646/1735 1757/2644/1733 1746/2647/1736
f 1757/2644/1733 1740/2648/1737 1748/2649/1738
f 1757/2644/1733 1738/2650/1739 1745/2645/1734
f 1737/2651/1732 1758/2652/1740 1749/2653/1741
f 1738/2654/1739 1758/2655/1740 1745/2656/1734
f 1758/2655/1740 1742/2657/1742 1751/2658/1743
f 1758/2655/1740 1741/2659/1744 1749/2660/1741
f 1751/2658/1743 1752/2661/1745 1741/2659/1744
f 1742/2657/1742 1759/2662/1746 1751/2658/1743
f 1759/2663/1746 1744/2664/1747 1754/2665/1748
f 1752/2661/1745 1754/2666/1748 1743/2667/1749
f 1739/2646/1735 1760/2668/1750 1747/2669/1751
f 1743/2670/1749 1760/2671/1750 1755/2672/1752
f 1760/2671/1750 1744/2664/1747 1756/2673/1753
f 1760/2668/1750 1740/2648/1737 1747/2669/1751
f 1749/2674/1741 1746/2675/1736 1737/2676/1732
f 1741/2677/1744 1761/2678/1754 1749/2674/1741
f 1752/2679/1745 1755/2680/1752 1761/2678/1754
f 1761/2678/1754 1739/2681/1735 1746/2675/1736
f 1748/2682/1738 1750/2683/1755 1738/2684/1739
f 1740/2685/1737 1762/2686/1756 1748/2682/1738
f 1756/2687/1753 1753/2688/1757 1762/2686/1756
f 1762/2686/1756 1742/2689/1742 1750/2683/1755
f 1765/2690/1758 1764/2691/1759 1763/2692/1760
f 1764/2693/1759 1767/2694/1761 1763/2695/1760
f 1768/2696/1762 1769/2697/1763 1767/2698/1761
f 1769/2699/1763 1766/2700/1764 1765/2701/1758
f 1767/2702/1761 1765/2703/1758 1763/2704/1760
f 1764/2705/1759 1770/2706/1765 1768/2707/1762
f 1773/2708/1766 1772/2709/1767 1771/2710/1768
f 1771/2711/1768 1776/2712/1769 1775/2713/1770
f 1776/2714/1769 1777/2715/1771 1775/2716/1770
f 1777/2717/1771 1774/2718/1772 1773/2719/1766
f 1775/2720/1770 1773/2721/1766 1771/2722/1768
f 1774/2723/1772 1776/2724/1769 1772/2725/1767
f 1779/2726/1773 1782/2727/1774 1780/2728/1775
f 1779/2729/1773 1784/2730/1776 1783/2731/1777
f 1783/2732/1777 1786/2733/1778 1785/2734/1779
f 1781/2735/1780 1786/2736/1778 1782/2737/1774
f 1783/2738/1777 1781/2739/1780 1779/2740/1773
f 1782/2741/1774 1784/2742/1776 1780/2743/1775
f 1789/2744/1781 1788/2745/1782 1787/2746/1783
f 1788/2747/1782 1791/2748/1784 1787/2749/1783
f 1792/2750/1785 1793/2751/1786 1791/2752/1784
f 1793/2753/1786 1790/2754/1787 1789/2755/1781
f 1787/2756/1783 1793/2753/1786 1789/2755/1781
f 1788/2747/1782 1794/2757/1788 1792/2758/1785
f 1795/2759/1789 1798/2760/1790 1796/2761/1791
f 1796/2762/1791 1799/2763/1792 1795/2764/1789
f 1799/2765/1792 1802/2766/1793 1801/2767/1794
f 1801/2768/1794 1798/2769/1790 1797/2770/1795
f 1799/2771/1792 1797/2772/1795 1795/2773/1789
f 1798/2774/1790 1800/2775/1796 1796/2776/1791
f 1803/2777/1797 1823/2778/1798 1811/2779/1799
f 1805/2780/1800 1823/2778/1798 1812/2781/1801
f 1823/2778/1798 1806/2782/1802 1814/2783/1803
f 1823/2778/1798 1804/2784/1804 1811/2779/1799
f 1803/2785/1797 1824/2786/1805 1815/2787/1806
f 1804/2788/1804 1824/2786/1805 1811/2789/1799
f 1824/2786/1805 1808/2790/1807 1817/2791/1808
f 1824/2786/1805 1807/2792/1809 1815/2787/1806
f 1807/2793/1809 1825/2794/1810 1818/2795/1811
f 1808/2796/1807 1825/2794/1810 1817/2797/1808
f 1825/2794/1810 1810/2798/1812 1820/2799/1813
f 1825/2794/1810 1809/2800/1814 1818/2795/1811
f 1805/2801/1800 1826/2802/1815 1813/2803/1816
f 1809/2804/1814 1826/2802/1815 1821/2805/1817
f 1826/2802/1815 1810/2806/1812 1822/2807/1818
f 1826/2802/1815 1806/2808/1802 1813/2803/1816
f 1803/2809/1797 1827/2810/1819 1812/2811/1801
f 1807/2812/1809 1827/2810/1819 1815/2813/1806
f 1827/2810/1819 1809/2814/1814 1821/2815/1817
f 1827/2810/1819 1805/2816/1800 1812/2811/1801
f 1804/2817/1804 1828/2818/1820 1816/2819/1821
f 1814/2820/1803 1822/2821/1818 1828/2818/1820
f 1828/2818/1820 1810/2822/1812 1819/2823/1822
f 1816/2819/1821 1819/2823/1822 1808/2824/1807
f 1831/2825/1823 1830/2826/1824 1829/2827/1825
f 1829/2828/1825 1834/2829/1826 1833/2830/1827
f 1834/2831/1826 1835/2832/1828 1833/2833/1827
f 1831/2834/1823 1836/2835/1829 1832/2836/1830
f 1833/2837/1827 1831/2838/1823 1829/2839/1825
f 1832/2840/1830 1834/2831/1826 1830/2841/1824
f 1839/2842/1831 1838/2843/1832 1837/2844/1833
f 1837/2845/1833 1842/2846/1834 1841/2847/1835
f 1842/2846/1834 1843/2848/1836 1841/2847/1835
f 1839/2842/1831 1844/2849/1837 1840/2850/1838
f 1837/2851/1833 1843/2852/1836 1839/2853/1831
f 1838/2854/1832 1844/2855/1837 1842/2856/1834
f 1854/2857/1839 1853/2858/1840 1845/2859/1841
f 1847/2860/1842 1865/2861/1843 1854/2857/1839
f 1865/2861/1843 1848/2862/1844 1856/2863/1845
f 1865/2861/1843 1846/2864/1846 1853/2858/1840
f 1845/2865/1841 1866/2866/1847 1857/2867/1848
f 1846/2868/1846 1866/2866/1847 1853/2869/1840
f 1866/2870/1847 1850/2871/1849 1859/2872/1850
f 1866/2866/1847 1849/2873/1851 1857/2867/1848
f 1849/2874/1851 1867/2875/1852 1860/2876/1853
f 1850/2877/1849 1867/2875/1852 1859/2878/1850
f 1861/2879/1854 1862/2880/1855 1867/2881/1852
f 1867/2875/1852 1851/2882/1856 1860/2876/1853
f 1847/2883/1842 1868/2884/1857 1855/2885/1858
f 1863/2886/1859 1862/2887/1855 1868/2884/1857
f 1868/2888/1857 1852/2889/1860 1864/2890/1861
f 1868/2888/1857 1848/2891/1844 1855/2892/1858
f 1845/2893/1841 1869/2894/1862 1854/2895/1839
f 1849/2896/1851 1869/2894/1862 1857/2897/1848
f 1869/2894/1862 1851/2898/1856 1863/2886/1859
f 1854/2895/1839 1863/2886/1859 1847/2883/1842
f 1846/2899/1846 1870/2900/1863 1858/2901/1864
f 1848/2902/1844 1870/2900/1863 1856/2903/1845
f 1870/2900/1863 1852/2904/1860 1861/2905/1854
f 1870/2900/1863 1850/2871/1849 1858/2901/1864
f 1871/2906/1865 1891/2907/1866 1879/2908/1867
f 1880/2909/1868 1881/2910/1869 1891/2907/1866
f 1891/2907/1866 1874/2911/1870 1882/2912/1871
f 1891/2907/1866 1872/2913/1872 1879/2908/1867
f 1871/2914/1865 1892/2915/1873 1883/2916/1874
f 1872/2917/1872 1892/2915/1873 1879/2918/1867
f 1892/2915/1873 1876/2919/1875 1885/2920/1876
f 1892/2915/1873 1875/2921/1877 1883/2916/1874
f 1875/2922/1877 1893/2923/1878 1886/2924/1879
f 1885/2925/1876 1887/2926/1880 1893/2923/1878
f 1893/2923/1878 1878/2927/1881 1888/2928/1882
f 1893/2923/1878 1877/2929/1883 1886/2924/1879
f 1889/2930/1884 1881/2931/1869 1873/2932/1885
f 1877/2933/1883 1894/2934/1886 1889/2930/1884
f 1894/2934/1886 1878/2935/1881 1890/2936/1887
f 1894/2934/1886 1874/2937/1870 1881/2931/1869
f 1883/2938/1874 1880/2939/1868 1871/2940/1865
f 1875/2941/1877 1895/2942/1888 1883/2938/1874
f 1886/2943/1879 1889/2944/1884 1895/2942/1888
f 1895/2942/1888 1873/2945/1885 1880/2939/1868
f 1882/2946/1871 1884/2947/1889 1872/2948/1872
f 1874/2949/1870 1896/2950/1890 1882/2946/1871
f 1890/2951/1887 1887/2952/1880 1896/2950/1890
f 1896/2950/1890 1876/2953/1875 1884/2947/1889
f 1897/2954/1891 1917/2955/1892 1905/2956/1893
f 1899/2957/1894 1917/2955/1892 1906/2958/1895
f 1917/2955/1892 1900/2959/1896 1908/2960/1897
f 1917/2955/1892 1898/2961/1898 1905/2956/1893
f 1897/2962/1891 1918/2963/1899 1909/2964/1900
f 1898/2965/1898 1918/2966/1899 1905/2967/1893
f 1918/2966/1899 1902/2968/1901 1911/2969/1902
f 1918/2963/1899 1901/2970/1903 1909/2964/1900
f 1901/2971/1903 1919/2972/1904 1912/2973/1905
f 1902/2974/1901 1919/2972/1904 1911/2975/1902
f 1913/2976/1906 1914/2977/1907 1919/2972/1904
f 1919/2972/1904 1903/2978/1908 1912/2973/1905
f 1899/2979/1894 1920/2980/1909 1907/2981/1910
f 1903/2982/1908 1920/2980/1909 1915/2983/1911
f 1920/2984/1909 1904/2985/1912 1916/2986/1913
f 1920/2984/1909 1900/2987/1896 1907/2988/1910
f 1897/2962/1891 1921/2989/1914 1906/2990/1895
f 1901/2970/1903 1921/2989/1914 1909/2964/1900
f 1921/2991/1914 1903/2982/1908 1915/2983/1911
f 1921/2991/1914 1899/2979/1894 1906/2992/1895
f 1898/2965/1898 1922/2993/1915 1910/2994/1916
f 1900/2987/1896 1922/2995/1915 1908/2996/1897
f 1916/2986/1913 1913/2997/1906 1922/2995/1915
f 1922/2993/1915 1902/2968/1901 1910/2994/1916
f 1923/2998/1917 1926/2999/1918 1924/3000/1919
f 1924/3001/1919 1927/3002/1920 1923/3003/1917
f 1927/3004/1920 1930/3005/1921 1929/3006/1922
f 1929/3007/1922 1926/3008/1918 1925/3009/1923
f 1923/3010/1917 1929/3011/1922 1925/3012/1923
f 1924/3013/1919 1930/3014/1921 1928/3015/1924
f 1931/3016/1925 1951/3017/1926 1939/3018/1927
f 1940/3019/1928 1941/3020/1929 1951/3017/1926
f 1951/3017/1926 1934/3021/1930 1942/3022/1931
f 1939/3018/1927 1942/3022/1931 1932/3023/1932
f 1931/3024/1925 1952/3025/1933 1943/3026/1934
f 1932/3027/1932 1952/3025/1933 1939/3028/1927
f 1952/3025/1933 1936/3029/1935 1945/3030/1936
f 1952/3025/1933 1935/3031/1937 1943/3026/1934
f 1935/3032/1937 1953/3033/1938 1946/3034/1939
f 1945/3035/1936 1947/3036/1940 1953/3033/1938
f 1953/3033/1938 1938/3037/1941 1948/3038/1942
f 1953/3033/1938 1937/3039/1943 1946/3034/1939
f 1933/3040/1944 1954/3041/1945 1941/3042/1929
f 1937/3043/1943 1954/3044/1945 1949/3045/1946
f 1954/3044/1945 1938/3046/1941 1950/3047/1947
f 1954/3044/1945 1934/3048/1930 1941/3049/1929
f 1931/3024/1925 1955/3050/1948 1940/3051/1928
f 1935/3031/1937 1955/3050/1948 1943/3026/1934
f 1955/3052/1948 1937/3039/1943 1949/3053/1946
f 1955/3054/1948 1933/3040/1944 1940/3055/1928
f 1932/3023/1932 1956/3056/1949 1944/3057/1950
f 1934/3021/1930 1956/3056/1949 1942/3022/1931
f 1956/3058/1949 1938/3046/1941 1947/3059/1940
f 1956/3060/1949 1936/3061/1935 1944/3062/1950
f 1957/3063/1951 1960/3064/1952 1958/3065/1953
f 1957/3066/1951 1962/3067/1954 1961/3068/1955
f 1962/3069/1954 1963/3070/1956 1961/3071/1955
f 1959/3072/1957 1964/3073/1958 1960/3074/1952
f 1957/3063/1951 1963/3075/1956 1959/3076/1957
f 1958/3077/1953 1964/3078/1958 1962/3069/1954
f 1965/3079/1959 1968/3080/1960 1966/3081/1961
f 1965/3082/1959 1970/3083/1962 1969/3084/1963
f 1970/3085/1962 1971/3086/1964 1969/3087/1963
f 1971/3088/1964 1968/3089/1960 1967/3090/1965
f 1969/3091/1963 1967/3092/1965 1965/3093/1959
f 1968/3094/1960 1970/3095/1962 1966/3096/1961
f 1973/3097/1966 1976/3098/1967 1974/3099/1968
f 1973/3100/1966 1978/3101/1969 1977/3102/1970
f 1978/3103/1969 1979/3104/1971 1977/3105/1970
f 1975/3106/1972 1980/3107/1973 1976/3108/1967
f 1977/3109/1970 1975/3110/1972 1973/3111/1966
f 1976/3112/1967 1978/3103/1969 1974/3113/1968
f 1981/3114/1974 2001/3115/1975 1989/3116/1976
f 1983/3117/1977 2001/3115/1975 1990/3118/1978
f 2001/3119/1975 1984/3120/1979 1992/3121/1980
f 2001/3119/1975 1982/3122/1981 1989/3123/1976
f 1981/3124/1974 2002/3125/1982 1993/3126/1983
f 1982/3127/1981 2002/3125/1982 1989/3128/1976
f 2002/3125/1982 1986/3129/1984 1995/3130/1985
f 2002/3125/1982 1985/3131/1986 1993/3126/1983
f 1985/3132/1986 2003/3133/1987 1996/3134/1988
f 1986/3135/1984 2003/3136/1987 1995/3137/1985
f 2003/3136/1987 1988/3138/1989 1998/3139/1990
f 2003/3133/1987 1987/3140/1991 1996/3134/1988
f 1983/3141/1977 2004/3142/1992 1991/3143/1993
f 1987/3144/1991 2004/3142/1992 1999/3145/1994
f 2004/3142/1992 1988/3146/1989 2000/3147/1995
f 2004/3142/1992 1984/3148/1979 1991/3143/1993
f 1981/3149/1974 2005/3150/1996 1990/3151/1978
f 1993/3152/1983 1996/3134/1988 2005/3150/1996
f 2005/3150/1996 1987/3140/1991 1999/3153/1994
f 2005/3154/1996 1983/3117/1977 1990/3118/1978
f 1982/3122/1981 2006/3155/1997 1994/3156/1998
f 1984/3120/1979 2006/3155/1997 1992/3121/1980
f 2006/3155/1997 1988/3157/1989 1997/3158/1999
f 2006/3155/1997 1986/3159/1984 1994/3156/1998
f 2007/3160/2000 2027/3161/2001 2015/3162/2002
f 2009/3163/2003 2027/3161/2001 2016/3164/2004
f 2017/3165/2005 2018/3166/2006 2027/3167/2001
f 2027/3167/2001 2008/3168/2007 2015/3169/2002
f 2007/3170/2000 2028/3171/2008 2019/3172/2009
f 2008/3168/2007 2028/3173/2008 2015/3169/2002
f 2028/3171/2008 2012/3174/2010 2021/3175/2011
f 2028/3171/2008 2011/3176/2012 2019/3172/2009
f 2011/3177/2012 2029/3178/2013 2022/3179/2014
f 2012/3180/2010 2029/3181/2013 2021/3182/2011
f 2029/3181/2013 2014/3183/2015 2024/3184/2016
f 2029/3178/2013 2013/3185/2017 2022/3179/2014
f 2025/3186/2018 2017/3187/2005 2009/3188/2003
f 2013/3185/2017 2030/3189/2019 2025/3190/2018
f 2030/3191/2019 2014/3192/2015 2026/3193/2020
f 2030/3191/2019 2010/3194/2021 2017/3187/2005
f 2019/3195/2009 2016/3164/2004 2007/3160/2000
f 2011/3176/2012 2031/3196/2022 2019/3172/2009
f 2022/3179/2014 2025/3190/2018 2031/3197/2022
f 2031/3198/2022 2009/3163/2003 2016/3164/2004
f 2018/3166/2006 2020/3199/2023 2008/3168/2007
f 2010/3200/2021 2032/3201/2024 2018/3166/2006
f 2032/3202/2024 2014/3183/2015 2023/3203/2025
f 2032/3202/2024 2012/3180/2010 2020/3204/2023
f 2033/3205/2026 2053/3206/2027 2041/3207/2028
f 2035/3208/2029 2053/3206/2027 2042/3209/2030
f 2053/3206/2027 2036/3210/2031 2044/3211/2032
f 2041/3207/2028 2044/3211/2032 2034/3212/2033
f 2041/3213/2028 2045/3214/2034 2033/3215/2026
f 2034/3212/2033 2054/3216/2035 2041/3207/2028
f 2046/3217/2036 2047/3218/2037 2054/3219/2035
f 2054/3220/2035 2037/3221/2038 2045/3214/2034
f 2037/3222/2038 2055/3223/2039 2048/3224/2040
f 2038/3225/2041 2055/3226/2039 2047/3218/2037
f 2055/3223/2039 2040/3227/2042 2050/3228/2043
f 2055/3223/2039 2039/3229/2044 2048/3224/2040
f 2051/3230/2045 2043/3231/2046 2035/3232/2029
f 2039/3233/2044 2056/3234/2047 2051/3230/2045
f 2050/3235/2043 2052/3236/2048 2056/3237/2047
f 2056/3237/2047 2036/3238/2031 2043/3239/2046
f 2033/3215/2026 2057/3240/2049 2042/3241/2030
f 2045/3242/2034 2048/3224/2040 2057/3243/2049
f 2057/3243/2049 2039/3229/2044 2051/3244/2045
f 2057/3243/2049 2035/3245/2029 2042/3246/2030
f 2034/3212/2033 2058/3247/2050 2046/3248/2036
f 2036/3210/2031 2058/3247/2050 2044/3211/2032
f 2058/3249/2050 2040/3250/2042 2049/3251/2051
f 2058/3247/2050 2038/3252/2041 2046/3248/2036
f 2059/3253/2052 2062/3254/2053 2060/3255/2054
f 2060/3256/2054 2063/3257/2055 2059/3258/2052
f 2064/3259/2056 2065/3260/2057 2063/3261/2055
f 2065/3262/2057 2062/3263/2053 2061/3264/2058
f 2063/3265/2055 2061/3266/2058 2059/3267/2052
f 2062/3268/2053 2064/3269/2056 2060/3270/2054
f 2067/3271/2059 2070/3272/2060 2068/3273/2061
f 2068/3274/2061 2071/3275/2062 2067/3276/2059
f 2072/3277/2063 2073/3278/2064 2071/3279/2062
f 2073/3280/2064 2070/3281/2060 2069/3282/2065
f 2067/3283/2059 2073/3280/2064 2069/3282/2065
f 2070/3284/2060 2072/3285/2063 2068/3274/2061
f 2077/3286/2066 2076/3287/2067 2075/3288/2068
f 2075/3289/2068 2080/3290/2069 2079/3291/2070
f 2080/3292/2069 2081/3293/2071 2079/3294/2070
f 2081/3295/2071 2078/3296/2072 2077/3297/2066
f 2075/3298/2068 2081/3299/2071 2077/3300/2066
f 2076/3301/2067 2082/3302/2073 2080/3303/2069
f 2127/3304/2074 2131/3305/2075 2130/3306/2076
f 2128/3307/2077 2132/3308/2078 2131/3305/2075
f 2130/3306/2076 2134/3309/2079 2133/3310/2080
f 2131/3305/2075 2135/3311/2081 2134/3309/2079
f 2083/3312/2082 2127/3313/2074 2091/3314/2083
f 2095/3315/2084 2127/3304/2074 2094/3316/2085
f 2096/3317/2086 2128/3318/2077 2095/3319/2084
f 2085/3320/2087 2129/3321/2088 2096/3317/2086
f 2097/3322/2089 2132/3308/2078 2129/3323/2088
f 2132/3308/2078 2099/3324/2090 2135/3311/2081
f 2135/3311/2081 2086/3325/2091 2102/3326/2092
f 2134/3309/2079 2102/3326/2092 2101/3327/2093
f 2134/3309/2079 2100/3328/2094 2133/3310/2080
f 2133/3310/2080 2084/3329/2095 2093/3330/2096
f 2130/3306/2076 2093/3330/2096 2092/3331/2097
f 2091/3314/2083 2130/3332/2076 2092/3333/2097
f 2137/3334/2098 2139/3335/2099 2136/3336/2100
f 2138/3337/2101 2140/3338/2102 2137/3334/2098
f 2140/3338/2102 2142/3339/2103 2139/3335/2099
f 2141/3340/2104 2143/3341/2105 2140/3338/2102
f 2091/3314/2083 2103/3342/2106 2083/3312/2082
f 2091/3343/2083 2137/3334/2098 2136/3336/2100
f 2093/3344/2096 2137/3334/2098 2092/3345/2097
f 2084/3346/2095 2138/3337/2101 2093/3344/2096
f 2138/3337/2101 2107/3347/2107 2141/3340/2104
f 2141/3340/2104 2108/3348/2108 2144/3349/2109
f 2144/3350/2109 2088/3351/2110 2111/3352/2111
f 2144/3353/2109 2110/3354/2112 2143/3355/2105
f 2143/3355/2105 2109/3356/2113 2142/3357/2103
f 2142/3357/2103 2087/3358/2114 2105/3359/2115
f 2139/3360/2099 2105/3359/2115 2104/3361/2116
f 2136/3362/2100 2104/3361/2116 2103/3363/2106
f 2145/3364/2117 2149/3365/2118 2148/3366/2119
f 2147/3367/2120 2149/3368/2118 2146/3369/2121
f 2149/3365/2118 2151/3370/2122 2148/3366/2119
f 2149/3368/2118 2153/3371/2123 2152/3372/2124
f 2087/3358/2114 2145/3364/2117 2112/3373/2125
f 2109/3356/2113 2146/3374/2121 2145/3364/2117
f 2111/3352/2111 2146/3369/2121 2110/3375/2112
f 2088/3351/2110 2147/3367/2120 2111/3352/2111
f 2115/3376/2126 2150/3377/2127 2147/3367/2120
f 2116/3378/2128 2153/3371/2123 2150/3377/2127
f 2153/3371/2123 2090/3379/2129 2120/3380/2130
f 2152/3372/2124 2120/3380/2130 2119/3381/2131
f 2152/3382/2124 2118/3383/2132 2151/3384/2122
f 2151/3384/2122 2089/3385/2133 2114/3386/2134
f 2113/3387/2135 2151/3370/2122 2114/3388/2134
f 2112/3373/2125 2148/3366/2119 2113/3387/2135
f 2154/3389/2136 2158/3390/2137 2157/3391/2138
f 2156/3392/2139 2158/3390/2137 2155/3393/2140
f 2158/3390/2137 2160/3394/2141 2157/3391/2138
f 2159/3395/2142 2161/3396/2143 2158/3390/2137
f 2085/3397/2087 2154/3389/2136 2097/3398/2089
f 2121/3399/2144 2155/3393/2140 2154/3389/2136
f 2123/3400/2145 2155/3393/2140 2122/3401/2146
f 2089/3385/2133 2156/3392/2139 2123/3400/2145
f 2118/3383/2132 2159/3395/2142 2156/3392/2139
f 2159/3395/2142 2120/3402/2130 2162/3403/2147
f 2120/3380/2130 2126/3404/2148 2162/3405/2147
f 2162/3405/2147 2125/3406/2149 2161/3407/2143
f 2161/3396/2143 2124/3408/2150 2160/3394/2141
f 2160/3394/2141 2086/3409/2091 2099/3410/2090
f 2157/3411/2138 2099/3324/2090 2098/3412/2151
f 2097/3398/2089 2157/3391/2138 2098/3413/2151
f 2163/3414/2152 2167/3415/2153 2166/3416/2154
f 2164/3417/2155 2168/3418/2156 2167/3419/2153
f 2166/3420/2154 2170/3421/2157 2169/3422/2158
f 2167/3419/2153 2171/3423/2159 2170/3421/2157
f 2083/3312/2082 2163/3424/2152 2094/3425/2085
f 2103/3363/2106 2164/3426/2155 2163/3414/2152
f 2104/3427/2116 2165/3428/2160 2164/3417/2155
f 2105/3429/2115 2112/3430/2125 2165/3428/2160
f 2165/3431/2160 2113/3387/2135 2168/3432/2156
f 2168/3432/2156 2114/3388/2134 2171/3433/2159
f 2171/3434/2159 2089/3385/2133 2123/3400/2145
f 2170/3435/2157 2123/3400/2145 2122/3401/2146
f 2169/3422/2158 2122/3436/2146 2121/3437/2144
f 2169/3422/2158 2085/3320/2087 2096/3317/2086
f 2095/3319/2084 2169/3422/2158 2096/3317/2086
f 2094/3425/2085 2166/3420/2154 2095/3319/2084
f 2172/3438/2161 2176/3439/2162 2175/3440/2163
f 2173/3441/2164 2177/3442/2165 2176/3439/2162
f 2175/3440/2163 2179/3443/2166 2178/3444/2167
f 2176/3439/2162 2180/3445/2168 2179/3443/2166
f 2084/3446/2095 2172/3438/2161 2106/3447/2169
f 2100/3448/2094 2173/3441/2164 2172/3438/2161
f 2101/3327/2093 2174/3449/2170 2173/3450/2164
f 2102/3326/2092 2124/3451/2150 2174/3449/2170
f 2174/3452/2170 2125/3406/2149 2177/3442/2165
f 2177/3442/2165 2126/3404/2148 2180/3445/2168
f 2180/3445/2168 2090/3379/2129 2117/3453/2171
f 2179/3443/2166 2117/3453/2171 2116/3378/2128
f 2178/3444/2167 2116/3378/2128 2115/3376/2126
f 2108/3454/2108 2115/3376/2126 2088/3351/2110
f 2107/3455/2107 2178/3444/2167 2108/3454/2108
f 2106/3447/2169 2175/3440/2163 2107/3455/2107
f 2183/3456/2172 2182/3457/2173 2181/3458/2174
f 2182/3459/2173 2185/3460/2175 2181/3461/2174
f 2185/3462/2175 2188/3463/2176 2187/3464/2177
f 2183/3465/2172 2188/3466/2176 2184/3467/2178
f 2185/3468/2175 2183/3469/2172 2181/3470/2174
f 2182/3471/2173 2188/3472/2176 2186/3473/2179
f 2189/3474/2180 2192/3475/2181 2190/3476/2182
f 2189/3477/2180 2194/3478/2183 2193/3479/2184
f 2193/3480/2184 2196/3481/2185 2195/3482/2186
f 2191/3483/2187 2196/3484/2185 2192/3485/2181
f 2189/3486/2180 2195/3487/2186 2191/3488/2187
f 2190/3489/2182 2196/3490/2185 2194/3491/2183
f 2199/3492/2188 2198/3493/2189 2197/3494/2190
f 2197/3495/2190 2202/3496/2191 2201/3497/2192
f 2201/3498/2192 2204/3499/2193 2203/3500/2194
f 2199/3501/2188 2204/3502/2193 2200/3503/2195
f 2197/3504/2190 2203/3505/2194 2199/3506/2188
f 2198/3507/2189 2204/3508/2193 2202/3509/2191
f 2205/3510/2196 2208/3511/2197 2206/3512/2198
f 2206/3513/2198 2209/3514/2199 2205/3515/2196
f 2209/3516/2199 2212/3517/2200 2211/3518/2201
f 2207/3519/2202 2212/3520/2200 2208/3521/2197
f 2205/3510/2196 2211/3522/2201 2207/3523/2202
f 2206/3524/2198 2212/3517/2200 2210/3525/2203
f 2215/3526/2204 2214/3527/2205 2213/3528/2206
f 2214/3529/2205 2217/3530/2207 2213/3531/2206
f 2218/3532/2208 2219/3533/2209 2217/3534/2207
f 2215/3535/2204 2220/3536/2210 2216/3537/2211
f 2217/3538/2207 2215/3539/2204 2213/3540/2206
f 2214/3541/2205 2220/3542/2210 2218/3543/2208
f 2221/3544/2212 2241/3545/2213 2229/3546/2214
f 2223/3547/2215 2241/3545/2213 2230/3548/2216
f 2241/3545/2213 2224/3549/2217 2232/3550/2218
f 2241/3545/2213 2222/3551/2219 2229/3546/2214
f 2221/3552/2212 2242/3553/2220 2233/3554/2221
f 2222/3555/2219 2242/3553/2220 2229/3556/2214
f 2242/3553/2220 2226/3557/2222 2235/3558/2223
f 2242/3553/2220 2225/3559/2224 2233/3554/2221
f 2225/3560/2224 2243/3561/2225 2236/3562/2226
f 2226/3563/2222 2243/3561/2225 2235/3564/2223
f 2243/3561/2225 2228/3565/2227 2238/3566/2228
f 2243/3561/2225 2227/3567/2229 2236/3562/2226
f 2223/3568/2215 2244/3569/2230 2231/3570/2231
f 2227/3571/2229 2244/3569/2230 2239/3572/2232
f 2244/3569/2230 2228/3573/2227 2240/3574/2233
f 2231/3570/2231 2240/3574/2233 2224/3575/2217
f 2233/3576/2221 2230/3577/2216 2221/3578/2212
f 2225/3579/2224 2245/3580/2234 2233/3576/2221
f 2245/3580/2234 2227/3581/2229 2239/3582/2232
f 2245/3580/2234 2223/3583/2215 2230/3577/2216
f 2222/3584/2219 2246/3585/2235 2234/3586/2236
f 2224/3587/2217 2246/3585/2235 2232/3588/2218
f 2240/3589/2233 2237/3590/2237 2246/3585/2235
f 2246/3585/2235 2226/3591/2222 2234/3586/2236
f 2247/3592/2238 2250/3593/2239 2248/3594/2240
f 2247/3595/2238 2252/3596/2241 2251/3597/2242
f 2251/3598/2242 2254/3599/2243 2253/3600/2244
f 2249/3601/2245 2254/3602/2243 2250/3603/2239
f 2247/3604/2238 2253/3605/2244 2249/3606/2245
f 2248/3607/2240 2254/3599/2243 2252/3608/2241
f 2299/3609/2246 2303/3610/2247 2302/3611/2248
f 2300/3612/2249 2304/3613/2250 2303/3610/2247
f 2302/3611/2248 2306/3614/2251 2305/3615/2252
f 2303/3610/2247 2307/3616/2253 2306/3614/2251
f 2255/3617/2254 2299/3609/2246 2263/3618/2255
f 2266/3619/2256 2300/3620/2249 2299/3621/2246
f 2267/3622/2257 2301/3623/2258 2300/3620/2249
f 2257/3624/2259 2301/3623/2258 2268/3625/2260
f 2269/3626/2261 2304/3627/2250 2301/3623/2258
f 2304/3628/2250 2271/3629/2262 2307/3630/2253
f 2307/3630/2253 2258/3631/2263 2274/3632/2264
f 2306/3633/2251 2274/3632/2264 2273/3634/2265
f 2305/3635/2252 2273/3636/2265 2272/3637/2266
f 2265/3638/2267 2272/3639/2266 2256/3640/2268
f 2264/3641/2269 2305/3615/2252 2265/3638/2267
f 2263/3618/2255 2302/3611/2248 2264/3641/2269
f 2309/3642/2270 2311/3643/2271 2308/3644/2272
f 2310/3645/2273 2312/3646/2274 2309/3647/2270
f 2312/3648/2274 2314/3649/2275 2311/3643/2271
f 2313/3650/2276 2315/3651/2277 2312/3648/2274
f 2263/3618/2255 2275/3652/2278 2255/3617/2254
f 2264/3641/2269 2308/3653/2272 2263/3618/2255
f 2265/3638/2267 2309/3647/2270 2264/3641/2269
f 2256/3640/2268 2310/3645/2273 2265/3638/2267
f 2278/3654/2279 2313/3655/2276 2310/3656/2273
f 2279/3657/2280 2316/3658/2281 2313/3655/2276
f 2280/3659/2282 2283/3660/2283 2316/3658/2281
f 2316/3661/2281 2282/3662/2284 2315/3651/2277
f 2315/3651/2277 2281/3663/2285 2314/3649/2275
f 2314/3649/2275 2259/3664/2286 2277/3665/2287
f 2311/3643/2271 2277/3665/2287 2276/3666/2288
f 2308/3644/2272 2276/3666/2288 2275/3667/2278
f 2317/3668/2289 2321/3669/2290 2320/3670/2291
f 2318/3671/2292 2322/3672/2293 2321/3669/2290
f 2320/3673/2291 2324/3674/2294 2323/3675/2295
f 2321/3676/2290 2325/3677/2296 2324/3674/2294
f 2259/3664/2286 2317/3668/2289 2284/3678/2297
f 2281/3663/2285 2318/3671/2292 2317/3668/2289
f 2283/3679/2283 2318/3671/2292 2282/3662/2284
f 2260/3680/2298 2319/3681/2299 2283/3660/2283
f 2319/3681/2299 2288/3682/2300 2322/3683/2293
f 2322/3684/2293 2289/3685/2301 2325/3677/2296
f 2325/3677/2296 2262/3686/2302 2292/3687/2303
f 2324/3674/2294 2292/3687/2303 2291/3688/2304
f 2323/3675/2295 2291/3688/2304 2290/3689/2305
f 2286/3690/2306 2290/3689/2305 2261/3691/2307
f 2285/3692/2308 2323/3693/2295 2286/3694/2306
f 2284/3678/2297 2320/3670/2291 2285/3692/2308
f 2327/3695/2309 2329/3696/2310 2326/3697/2311
f 2328/3698/2312 2330/3699/2313 2327/3700/2309
f 2330/3701/2313 2332/3702/2314 2329/3696/2310
f 2331/3703/2315 2333/3704/2316 2330/3701/2313
f 2293/3705/2317 2269/3626/2261 2257/3624/2259
f 2294/3706/2318 2326/3707/2311 2293/3705/2317
f 2295/3708/2319 2327/3709/2309 2294/3706/2318
f 2261/3710/2307 2328/3711/2312 2295/3708/2319
f 2290/3689/2305 2331/3712/2315 2328/3698/2312
f 2291/3688/2304 2334/3713/2320 2331/3712/2315
f 2292/3714/2303 2298/3715/2321 2334/3716/2320
f 2334/3717/2320 2297/3718/2322 2333/3704/2316
f 2333/3704/2316 2296/3719/2323 2332/3702/2314
f 2332/3702/2314 2258/3631/2263 2271/3629/2262
f 2329/3696/2310 2271/3629/2262 2270/3720/2324
f 2326/3697/2311 2270/3720/2324 2269/3721/2261
f 2336/3722/2325 2338/3723/2326 2335/3724/2327
f 2337/3725/2328 2339/3726/2329 2336/3722/2325
f 2339/3726/2329 2341/3727/2330 2338/3723/2326
f 2340/3728/2331 2342/3729/2332 2339/3726/2329
f 2255/3730/2254 2335/3724/2327 2266/3619/2256
f 2275/3731/2278 2336/3722/2325 2335/3724/2327
f 2277/3732/2287 2336/3722/2325 2276/3733/2288
f 2259/3734/2286 2337/3725/2328 2277/3732/2287
f 2284/3735/2297 2340/3728/2331 2337/3725/2328
f 2340/3728/2331 2286/3736/2306 2343/3737/2333
f 2343/3737/2333 2261/3710/2307 2295/3708/2319
f 2343/3737/2333 2294/3706/2318 2342/3729/2332
f 2342/3729/2332 2293/3705/2317 2341/3727/2330
f 2341/3727/2330 2257/3624/2259 2268/3625/2260
f 2338/3723/2326 2268/3625/2260 2267/3622/2257
f 2335/3724/2327 2267/3622/2257 2266/3619/2256
f 2344/3738/2334 2348/3739/2335 2347/3740/2336
f 2345/3741/2337 2349/3742/2338 2348/3739/2335
f 2348/3739/2335 2350/3743/2339 2347/3740/2336
f 2348/3739/2335 2352/3744/2340 2351/3745/2341
f 2256/3640/2268 2344/3746/2334 2278/3747/2279
f 2272/3637/2266 2345/3741/2337 2344/3738/2334
f 2274/3748/2264 2345/3741/2337 2273/3636/2265
f 2258/3749/2263 2346/3750/2342 2274/3748/2264
f 2346/3750/2342 2297/3751/2322 2349/3742/2338
f 2349/3742/2338 2298/3715/2321 2352/3744/2340
f 2352/3744/2340 2262/3752/2302 2289/3753/2301
f 2351/3745/2341 2289/3753/2301 2288/3682/2300
f 2351/3745/2341 2287/3754/2343 2350/3743/2339
f 2350/3743/2339 2260/3680/2298 2280/3659/2282
f 2347/3740/2336 2280/3659/2282 2279/3657/2280
f 2344/3738/2334 2279/3657/2280 2278/3654/2279
f 2353/3755/2344 2373/3756/2345 2361/3757/2346
f 2355/3758/2347 2373/3759/2345 2362/3760/2348
f 2373/3761/2345 2356/3762/2349 2364/3763/2350
f 2373/3761/2345 2354/3764/2351 2361/3765/2346
f 2353/3755/2344 2374/3766/2352 2365/3767/2353
f 2354/3768/2351 2374/3769/2352 2361/3770/2346
f 2374/3769/2352 2358/3771/2354 2367/3772/2355
f 2374/3766/2352 2357/3773/2356 2365/3767/2353
f 2357/3774/2356 2375/3775/2357 2368/3776/2358
f 2358/3777/2354 2375/3775/2357 2367/3778/2355
f 2375/3779/2357 2360/3780/2359 2370/3781/2360
f 2375/3775/2357 2359/3782/2361 2368/3776/2358
f 2355/3758/2347 2376/3783/2362 2363/3784/2363
f 2359/3785/2361 2376/3783/2362 2371/3786/2364
f 2376/3787/2362 2360/3780/2359 2372/3788/2365
f 2376/3787/2362 2356/3789/2349 2363/3790/2363
f 2353/3755/2344 2377/3791/2366 2362/3792/2348
f 2357/3774/2356 2377/3793/2366 2365/3794/2353
f 2377/3795/2366 2359/3785/2361 2371/3786/2364
f 2377/3795/2366 2355/3758/2347 2362/3760/2348
f 2354/3768/2351 2378/3796/2367 2366/3797/2368
f 2356/3762/2349 2378/3798/2367 2364/3763/2350
f 2378/3799/2367 2360/3780/2359 2369/3800/2369
f 2378/3796/2367 2358/3771/2354 2366/3797/2368
f 2379/3801/2370 2382/3802/2371 2380/3803/2372
f 2379/3801/2370 2384/3804/2373 2383/3805/2374
f 2383/3806/2374 2386/3807/2375 2385/3808/2376
f 2385/3809/2376 2382/3810/2371 2381/3811/2377
f 2379/3812/2370 2385/3813/2376 2381/3814/2377
f 2380/3815/2372 2386/3816/2375 2384/3817/2373
f 2387/3818/2378 2407/3819/2379 2395/3820/2380
f 2396/3821/2381 2397/3822/2382 2407/3819/2379
f 2407/3819/2379 2390/3823/2383 2398/3824/2384
f 2407/3819/2379 2388/3825/2385 2395/3820/2380
f 2387/3826/2378 2408/3827/2386 2399/3828/2387
f 2388/3829/2385 2408/3827/2386 2395/3830/2380
f 2400/3831/2388 2401/3832/2389 2408/3827/2386
f 2408/3827/2386 2391/3833/2390 2399/3828/2387
f 2391/3834/2390 2409/3835/2391 2402/3836/2392
f 2401/3837/2389 2403/3838/2393 2409/3835/2391
f 2409/3835/2391 2394/3839/2394 2404/3840/2395
f 2409/3835/2391 2393/3841/2396 2402/3836/2392
f 2389/3842/2397 2410/3843/2398 2397/3844/2382
f 2393/3845/2396 2410/3846/2398 2405/3847/2399
f 2410/3846/2398 2394/3848/2394 2406/3849/2400
f 2397/3850/2382 2406/3849/2400 2390/3851/2383
f 2399/3852/2387 2396/3853/2381 2387/3854/2378
f 2391/3833/2390 2411/3855/2401 2399/3828/2387
f 2411/3856/2401 2393/3857/2396 2405/3858/2399
f 2411/3856/2401 2389/3842/2397 2396/3853/2381
f 2388/3859/2385 2412/3860/2402 2400/3861/2388
f 2390/3851/2383 2412/3862/2402 2398/3863/2384
f 2406/3864/2400 2403/3865/2393 2412/3860/2402
f 2412/3860/2402 2392/3866/2403 2400/3861/2388
f 2413/3867/2404 2433/3868/2405 2421/3869/2406
f 2415/3870/2407 2433/3868/2405 2422/3871/2408
f 2433/3868/2405 2416/3872/2409 2424/3873/2410
f 2433/3868/2405 2414/3874/2411 2421/3869/2406
f 2413/3875/2404 2434/3876/2412 2425/3877/2413
f 2421/3878/2406 2426/3879/2414 2434/3880/2412
f 2434/3880/2412 2418/3881/2415 2427/3882/2416
f 2425/3883/2413 2427/3882/2416 2417/3884/2417
f 2417/3885/2417 2435/3886/2418 2428/3887/2419
f 2418/3888/2415 2435/3886/2418 2427/3889/2416
f 2435/3886/2418 2420/3890/2420 2430/3891/2421
f 2435/3886/2418 2419/3892/2422 2428/3887/2419
f 2415/3893/2407 2436/3894/2423 2423/3895/2424
f 2431/3896/2425 2430/3897/2421 2436/3894/2423
f 2436/3898/2423 2420/3899/2420 2432/3900/2426
f 2423/3901/2424 2432/3900/2426 2416/3902/2409
f 2413/3875/2404 2437/3903/2427 2422/3904/2408
f 2425/3877/2413 2428/3905/2419 2437/3903/2427
f 2437/3903/2427 2419/3906/2422 2431/3907/2425
f 2422/3904/2408 2431/3907/2425 2415/3908/2407
f 2414/3909/2411 2438/3910/2428 2426/3911/2414
f 2424/3912/2410 2432/3900/2426 2438/3910/2428
f 2438/3910/2428 2420/3899/2420 2429/3913/2429
f 2426/3911/2414 2429/3913/2429 2418/3914/2415
f 2448/3915/2430 2447/3916/2431 2439/3917/2432
f 2441/3918/2433 2459/3919/2434 2448/3915/2430
f 2449/3920/2435 2450/3921/2436 2459/3919/2434
f 2459/3919/2434 2440/3922/2437 2447/3916/2431
f 2447/3923/2431 2451/3924/2438 2439/3925/2432
f 2440/3926/2437 2460/3927/2439 2447/3923/2431
f 2452/3928/2440 2453/3929/2441 2460/3927/2439
f 2460/3927/2439 2443/3930/2442 2451/3924/2438
f 2453/3931/2441 2454/3932/2443 2443/3933/2442
f 2444/3934/2444 2461/3935/2445 2453/3931/2441
f 2455/3936/2446 2456/3937/2447 2461/3935/2445
f 2461/3935/2445 2445/3938/2448 2454/3932/2443
f 2457/3939/2449 2449/3940/2435 2441/3941/2433
f 2445/3942/2448 2462/3943/2450 2457/3939/2449
f 2462/3943/2450 2446/3944/2451 2458/3945/2452
f 2462/3943/2450 2442/3946/2453 2449/3940/2435
f 2439/3947/2432 2463/3948/2454 2448/3949/2430
f 2443/3950/2442 2463/3948/2454 2451/3951/2438
f 2454/3952/2443 2457/3939/2449 2463/3953/2454
f 2463/3953/2454 2441/3941/2433 2448/3954/2430
f 2450/3955/2436 2452/3928/2440 2440/3926/2437
f 2442/3956/2453 2464/3957/2455 2450/3921/2436
f 2464/3958/2455 2446/3959/2451 2455/3960/2446
f 2464/3961/2455 2444/3962/2444 2452/3928/2440
f 2465/3963/2456 2485/3964/2457 2473/3965/2458
f 2467/3966/2459 2485/3964/2457 2474/3967/2460
f 2485/3968/2457 2468/3969/2461 2476/3970/2462
f 2485/3968/2457 2466/3971/2463 2473/3972/2458
f 2465/3973/2456 2486/3974/2464 2477/3975/2465
f 2466/3976/2463 2486/3974/2464 2473/3977/2458
f 2486/3974/2464 2470/3978/2466 2479/3979/2467
f 2486/3974/2464 2469/3980/2468 2477/3975/2465
f 2469/3981/2468 2487/3982/2469 2480/3983/2470
f 2470/3984/2466 2487/3985/2469 2479/3986/2467
f 2481/3987/2471 2482/3988/2472 2487/3989/2469
f 2487/3982/2469 2471/3990/2473 2480/3983/2470
f 2467/3991/2459 2488/3992/2474 2475/3993/2475
f 2471/3994/2473 2488/3992/2474 2483/3995/2476
f 2488/3992/2474 2472/3996/2477 2484/3997/2478
f 2488/3992/2474 2468/3998/2461 2475/3993/2475
f 2465/3963/2456 2489/3999/2479 2474/3967/2460
f 2477/4000/2465 2480/3983/2470 2489/4001/2479
f 2489/4001/2479 2471/3990/2473 2483/4002/2476
f 2474/3967/2460 2483/4003/2476 2467/3966/2459
f 2466/3971/2463 2490/4004/2480 2478/4005/2481
f 2476/3970/2462 2484/4006/2478 2490/4004/2480
f 2490/4007/2480 2472/4008/2477 2481/4009/2471
f 2478/4010/2481 2481/4009/2471 2470/3984/2466
f 2491/4011/2482 2494/4012/2483 2492/4013/2484
f 2491/4014/2482 2496/4015/2485 2495/4016/2486
f 2496/4017/2485 2497/4018/2487 2495/4019/2486
f 2493/4020/2488 2498/4021/2489 2494/4022/2483
f 2491/4011/2482 2497/4023/2487 2493/4024/2488
f 2492/4025/2484 2498/4026/2489 2496/4017/2485
f 2499/4027/2490 2502/4028/2491 2500/4029/2492
f 2499/4030/2490 2504/4031/2493 2503/4032/2494
f 2503/4033/2494 2506/4034/2495 2505/4035/2496
f 2501/4036/2497 2506/4037/2495 2502/4038/2491
f 2503/4039/2494 2501/4040/2497 2499/4041/2490
f 2502/4042/2491 2504/4043/2493 2500/4044/2492
f 3/1/1 4/4045/8 2/2/2
f 1/4/3 2/4046/2 6/5/4
f 6/7/4 8/4047/7 7/8/6
f 3/10/1 7/4048/6 8/11/7
f 5/13/5 7/4049/6 3/14/1
f 4/16/8 8/4050/7 6/17/4
f 9/19/9 11/4051/15 12/20/10
f 10/22/11 14/4052/16 13/23/12
f 13/25/12 14/4053/16 16/26/13
f 15/28/14 16/4054/13 12/29/10
f 9/31/9 13/4055/12 15/32/14
f 10/34/11 12/4056/10 16/35/13
f 17/37/17 19/4057/23 20/38/18
f 18/40/19 22/4058/24 21/41/20
f 21/43/20 22/4059/24 24/44/21
f 19/46/23 23/4060/22 24/47/21
f 21/49/20 23/4061/22 19/50/23
f 20/52/18 24/4062/21 22/53/24
f 25/55/25 27/4063/31 28/56/26
f 26/58/27 30/4064/29 29/59/28
f 30/61/29 32/4065/32 31/62/30
f 31/64/30 32/4066/32 28/65/26
f 25/67/25 29/63/28 31/62/30
f 26/57/27 28/56/26 32/69/32
f 126/71/33 133/75/37 132/72/34
f 127/74/36 134/77/39 133/75/37
f 128/76/38 135/79/41 134/77/39
f 129/78/40 136/81/43 135/79/41
f 130/80/42 137/83/45 136/81/43
f 131/82/44 138/89/51 137/83/45
f 133/75/37 140/85/47 139/84/46
f 134/77/39 141/86/48 140/85/47
f 135/79/41 142/87/49 141/86/48
f 136/81/43 143/88/50 142/87/49
f 137/83/45 144/90/52 143/88/50
f 138/89/51 145/96/58 144/90/52
f 140/85/47 147/92/54 146/91/53
f 141/86/48 148/93/55 147/92/54
f 142/87/49 149/94/56 148/93/55
f 143/88/50 150/95/57 149/94/56
f 144/90/52 151/97/59 150/95/57
f 145/96/58 152/4067/65 151/97/59
f 147/92/54 154/99/61 153/98/60
f 148/93/55 155/100/62 154/99/61
f 149/94/56 156/101/63 155/100/62
f 150/95/57 157/102/64 156/101/63
f 151/97/59 158/4068/66 157/102/64
f 152/103/65 159/115/72 158/104/66
f 154/106/61 161/110/68 160/107/67
f 155/109/62 162/123/69 161/110/68
f 156/101/63 163/112/70 162/111/69
f 157/102/64 164/4069/71 163/112/70
f 158/104/66 165/116/73 164/113/71
f 159/115/72 166/126/79 165/116/73
f 161/110/68 168/153/75 167/117/74
f 162/118/69 169/4070/76 168/119/75
f 163/121/70 170/124/77 169/122/76
f 164/113/71 171/125/78 170/124/77
f 165/116/73 172/127/80 171/125/78
f 166/126/79 173/145/95 172/127/80
f 48/128/81 125/73/35 41/129/82
f 49/131/84 126/71/33 125/73/35
f 50/132/85 127/74/36 126/71/33
f 51/133/86 128/76/38 127/74/36
f 52/134/87 129/78/40 128/76/38
f 53/135/88 130/80/42 129/78/40
f 54/136/89 131/82/44 130/80/42
f 35/137/90 55/138/91 131/82/44
f 55/138/91 56/438/320 138/89/51
f 138/89/51 56/438/320 57/139/92
f 57/140/92 58/436/319 152/141/65
f 152/103/65 58/435/319 59/143/93
f 59/143/93 60/144/94 166/126/79
f 60/144/94 61/146/96 173/145/95
f 61/146/96 36/433/318 68/147/97
f 173/145/95 68/147/97 67/148/98
f 172/127/80 67/148/98 66/149/99
f 171/125/78 66/149/99 65/150/100
f 170/124/77 65/150/100 64/151/101
f 169/122/76 64/151/101 63/152/102
f 168/153/75 63/152/102 62/154/103
f 167/155/74 62/4071/103 34/156/104
f 160/158/67 167/155/74 47/157/105
f 153/160/60 160/158/67 46/159/106
f 146/91/53 153/98/60 45/162/107
f 139/84/46 146/91/53 44/163/108
f 132/72/34 139/84/46 43/164/109
f 125/73/35 132/72/34 42/165/110
f 174/166/111 175/169/114 182/167/112
f 175/169/114 176/171/116 183/170/115
f 176/171/116 177/173/118 184/172/117
f 177/173/118 178/175/120 185/174/119
f 178/175/120 179/177/122 186/176/121
f 179/177/122 180/224/160 187/178/123
f 181/168/113 182/167/112 189/179/124
f 182/167/112 183/170/115 190/181/126
f 183/170/115 184/172/117 191/182/127
f 184/172/117 185/174/119 192/183/128
f 185/174/119 186/176/121 193/184/129
f 186/176/121 187/178/123 194/185/130
f 188/180/125 189/179/124 196/186/131
f 189/179/124 190/181/126 197/188/133
f 190/181/126 191/182/127 198/189/134
f 191/182/127 192/183/128 199/190/135
f 192/183/128 193/184/129 200/191/136
f 193/184/129 194/185/130 201/192/137
f 195/187/132 196/186/131 203/193/138
f 196/186/131 197/188/133 204/195/140
f 197/188/133 198/189/134 205/196/141
f 198/189/134 199/190/135 206/197/142
f 199/190/135 200/191/136 207/198/143
f 200/191/136 201/192/137 208/199/144
f 202/200/139 203/4072/138 210/201/145
f 203/193/138 204/195/140 211/203/147
f 204/195/140 205/196/141 212/205/148
f 205/196/141 206/197/142 213/206/149
f 206/197/142 207/198/143 214/207/150
f 207/198/143 208/199/144 215/208/151
f 209/209/146 210/4073/145 217/210/152
f 210/204/145 211/203/147 218/212/154
f 211/203/147 212/205/148 219/214/155
f 212/205/148 213/206/149 220/215/156
f 213/206/149 214/207/150 221/216/157
f 214/207/150 215/208/151 222/217/158
f 33/130/83 41/129/82 174/218/111
f 41/129/82 42/165/110 175/220/114
f 42/165/110 43/164/109 176/221/116
f 43/222/109 44/223/108 177/173/118
f 44/223/108 45/161/107 178/175/120
f 45/161/107 46/159/106 179/177/122
f 46/159/106 47/157/105 180/224/160
f 47/157/105 34/156/104 76/225/161
f 180/224/160 76/225/161 77/226/162
f 187/178/123 77/226/162 78/227/163
f 194/185/130 78/227/163 79/228/164
f 201/192/137 79/228/164 80/229/165
f 208/199/144 80/229/165 81/230/166
f 215/231/151 81/580/166 82/232/167
f 222/233/158 82/232/167 38/234/168
f 221/216/157 222/217/158 89/236/169
f 220/215/156 221/216/157 88/237/170
f 219/214/155 220/215/156 87/238/171
f 218/212/154 219/214/155 86/239/172
f 218/212/154 85/240/173 84/241/174
f 217/210/152 84/313/174 83/242/175
f 75/243/176 216/211/153 83/242/175
f 74/245/178 209/209/146 216/211/153
f 73/246/179 202/4074/139 209/209/146
f 72/247/180 195/4075/132 202/248/139
f 71/250/181 188/180/125 195/187/132
f 70/252/182 181/168/113 188/180/125
f 69/253/159 174/166/111 181/168/113
f 224/254/183 231/258/187 230/255/184
f 225/257/186 232/4076/189 231/258/187
f 226/259/188 233/263/191 232/260/189
f 227/262/190 234/265/193 233/263/191
f 228/264/192 235/267/195 234/265/193
f 228/264/192 229/318/231 236/266/194
f 231/258/187 238/275/197 237/268/196
f 232/260/189 239/271/198 238/269/197
f 233/263/191 240/272/199 239/271/198
f 234/265/193 241/273/200 240/272/199
f 235/267/195 242/274/201 241/273/200
f 236/266/194 243/281/207 242/274/201
f 238/275/197 245/283/203 244/276/202
f 239/271/198 246/278/204 245/277/203
f 240/272/199 247/279/205 246/278/204
f 241/273/200 248/280/206 247/279/205
f 242/274/201 249/282/208 248/280/206
f 243/281/207 250/289/214 249/282/208
f 245/283/203 252/291/210 251/284/209
f 246/278/204 253/286/211 252/285/210
f 247/279/205 254/287/212 253/286/211
f 248/280/206 255/288/213 254/287/212
f 249/282/208 256/290/215 255/288/213
f 250/289/214 257/299/221 256/290/215
f 252/291/210 259/4077/217 258/292/216
f 253/286/211 260/294/218 259/293/217
f 254/287/212 261/4078/219 260/294/218
f 255/295/213 262/306/220 261/296/219
f 256/290/215 263/300/222 262/298/220
f 257/299/221 264/310/228 263/300/222
f 259/293/217 266/303/224 265/301/223
f 260/294/218 267/333/225 266/303/224
f 261/296/219 268/307/226 267/304/225
f 262/306/220 269/309/227 268/307/226
f 263/308/222 270/329/229 269/309/227
f 264/310/228 271/325/238 270/311/229
f 83/242/175 223/256/185 90/312/230
f 83/242/175 84/313/174 224/254/183
f 84/313/174 85/4079/173 225/257/186
f 86/239/172 226/4080/188 225/314/186
f 86/315/172 87/316/171 227/262/190
f 87/316/171 88/317/170 228/264/192
f 88/317/170 89/235/169 229/318/231
f 89/235/169 38/234/168 97/319/232
f 229/318/231 97/319/232 98/320/233
f 98/320/233 99/321/234 243/281/207
f 99/321/234 100/322/235 250/289/214
f 100/322/235 101/323/236 257/299/221
f 101/323/236 102/324/237 264/310/228
f 102/324/237 103/326/239 271/325/238
f 103/326/239 40/579/310 110/327/240
f 271/325/238 110/327/240 109/328/241
f 270/329/229 109/4081/241 108/330/242
f 269/309/227 108/330/242 107/331/243
f 268/307/226 107/331/243 106/332/244
f 267/333/225 106/4082/244 105/334/245
f 266/303/224 105/334/245 104/335/246
f 265/336/223 104/4083/246 39/337/247
f 258/292/216 265/4084/223 96/339/248
f 251/284/209 258/292/216 95/340/249
f 244/276/202 251/284/209 94/341/250
f 237/268/196 244/276/202 93/342/251
f 230/255/184 237/268/196 92/343/252
f 223/256/185 230/255/184 91/344/253
f 272/345/254 273/403/257 280/346/255
f 273/348/257 274/351/259 281/349/258
f 274/351/259 275/353/261 282/352/260
f 275/353/261 276/407/263 283/354/262
f 276/355/263 277/358/265 284/356/264
f 277/358/265 278/410/308 285/359/266
f 279/360/256 280/363/255 287/361/267
f 280/363/255 281/365/258 288/364/269
f 281/365/258 282/367/260 289/366/270
f 282/367/260 283/357/262 290/368/271
f 283/357/262 284/356/264 291/369/272
f 284/356/264 285/359/266 292/370/273
f 286/362/268 287/361/267 294/371/274
f 287/361/267 288/364/269 295/373/276
f 288/364/269 289/366/270 296/374/277
f 289/366/270 290/368/271 297/375/278
f 290/368/271 291/369/272 298/376/279
f 291/369/272 292/370/273 299/377/280
f 293/372/275 294/371/274 301/378/281
f 294/371/274 295/373/276 302/380/283
f 295/373/276 296/374/277 303/381/284
f 296/374/277 297/375/278 304/382/285
f 297/375/278 298/376/279 305/383/286
f 298/376/279 299/377/280 306/384/287
f 300/385/282 301/4085/281 308/386/288
f 301/378/281 302/380/283 309/388/290
f 302/380/283 303/381/284 310/390/291
f 303/381/284 304/382/285 311/391/292
f 304/382/285 305/383/286 312/392/293
f 305/383/286 306/384/287 313/393/294
f 307/394/289 308/389/288 315/395/295
f 308/389/288 309/388/290 316/397/297
f 309/388/290 310/390/291 317/398/298
f 310/390/291 311/391/292 318/399/299
f 311/391/292 312/392/293 319/400/300
f 312/392/293 313/393/294 320/401/301
f 35/137/90 111/402/302 272/345/254
f 111/402/302 112/504/303 273/403/257
f 112/404/303 113/405/304 274/351/259
f 113/405/304 114/406/305 275/353/261
f 114/406/305 115/501/306 276/407/263
f 115/408/306 116/409/307 277/358/265
f 116/409/307 117/4086/309 278/410/308
f 117/411/309 39/496/247 104/412/246
f 278/410/308 104/4087/246 105/414/245
f 285/359/266 105/414/245 106/415/244
f 292/370/273 106/415/244 107/416/243
f 299/417/280 107/331/243 108/330/242
f 306/384/287 108/4088/242 109/419/241
f 313/393/294 109/419/241 110/420/240
f 320/401/301 110/420/240 40/421/310
f 319/400/300 320/401/301 124/422/311
f 318/399/299 319/400/300 123/423/312
f 317/398/298 318/399/299 122/424/313
f 316/426/297 317/4089/298 121/427/314
f 315/395/295 316/397/297 120/429/315
f 314/396/296 315/395/295 119/430/316
f 61/146/96 314/434/296 118/432/317
f 60/144/94 307/387/289 314/434/296
f 59/143/93 300/385/282 307/387/289
f 58/435/319 293/4090/275 300/385/282
f 57/140/92 286/362/268 293/372/275
f 56/437/320 279/360/256 286/362/268
f 55/138/91 272/345/254 279/347/256
f 321/439/321 322/442/324 329/440/322
f 322/442/324 323/445/327 330/443/325
f 324/444/326 331/447/329 330/443/325
f 325/446/328 332/456/331 331/447/329
f 326/448/330 333/452/333 332/449/331
f 327/451/332 334/459/339 333/452/333
f 328/441/323 329/440/322 336/453/334
f 329/440/322 330/443/325 337/455/336
f 331/447/329 338/457/337 337/455/336
f 332/456/331 339/465/338 338/457/337
f 333/452/333 340/460/340 339/458/338
f 334/459/339 341/467/346 340/460/340
f 335/454/335 336/453/334 343/461/341
f 336/453/334 337/455/336 344/463/343
f 337/455/336 338/457/337 345/464/344
f 339/465/338 346/472/345 345/464/344
f 340/460/340 347/468/347 346/466/345
f 341/467/346 348/475/353 347/468/347
f 343/461/341 350/470/349 349/469/348
f 344/463/343 351/471/350 350/470/349
f 345/464/344 352/473/351 351/471/350
f 346/472/345 353/4091/352 352/473/351
f 347/468/347 354/476/354 353/474/352
f 348/475/353 355/484/361 354/476/354
f 350/470/349 357/478/356 356/477/355
f 351/471/350 358/479/357 357/478/356
f 352/473/351 359/481/359 358/479/357
f 352/473/351 353/4091/352 360/480/358
f 353/474/352 354/476/354 361/482/360
f 355/484/361 362/495/369 361/482/360
f 357/478/356 364/486/363 363/485/362
f 358/479/357 365/487/364 364/486/363
f 359/481/359 366/4092/366 365/487/364
f 359/488/359 360/483/358 367/489/365
f 360/483/358 361/482/360 368/491/367
f 361/482/360 362/495/369 369/492/368
f 33/130/83 69/219/159 321/439/321
f 70/493/182 322/442/324 321/439/321
f 71/494/181 323/445/327 322/442/324
f 72/247/180 324/444/326 323/445/327
f 73/249/179 325/446/328 324/444/326
f 74/245/178 326/448/330 325/450/328
f 75/243/176 327/451/332 326/448/330
f 37/244/177 90/312/230 327/451/332
f 90/312/230 91/344/253 334/459/339
f 91/344/253 92/343/252 341/467/346
f 92/343/252 93/342/251 348/475/353
f 93/342/251 94/341/250 355/484/361
f 94/341/250 95/340/249 362/495/369
f 362/495/369 95/340/249 96/339/248
f 369/492/368 96/339/248 39/496/247
f 368/491/367 369/492/368 117/411/309
f 367/498/365 368/4093/367 116/499/307
f 366/490/366 367/489/365 115/501/306
f 365/502/364 366/490/366 114/406/305
f 364/486/363 365/487/364 113/503/304
f 363/485/362 364/486/363 112/504/303
f 363/485/362 111/402/302 35/137/90
f 53/135/88 356/477/355 363/485/362
f 52/134/87 349/469/348 356/477/355
f 342/462/342 349/469/348 52/134/87
f 335/454/335 342/462/342 51/133/86
f 49/131/84 328/441/323 335/454/335
f 48/128/81 321/439/321 328/441/323
f 370/505/370 371/508/373 378/506/371
f 371/508/373 372/511/376 379/509/374
f 373/510/375 380/513/378 379/509/374
f 374/512/377 381/515/380 380/513/378
f 375/514/379 382/523/382 381/515/380
f 376/516/381 383/574/388 382/517/382
f 377/507/372 378/506/371 385/519/383
f 378/506/371 379/509/374 386/521/385
f 380/513/378 387/522/386 386/521/385
f 381/515/380 388/524/387 387/522/386
f 382/523/382 389/526/389 388/524/387
f 383/525/388 390/537/395 389/526/389
f 384/527/384 385/530/383 392/528/390
f 385/530/383 386/533/385 393/531/392
f 387/532/386 394/535/393 393/531/392
f 388/534/387 395/542/394 394/535/393
f 389/526/389 396/538/396 395/536/394
f 390/537/395 397/546/402 396/538/396
f 391/529/391 392/528/390 399/539/397
f 392/528/390 393/531/392 400/541/399
f 394/535/393 401/543/400 400/541/399
f 395/542/394 402/545/401 401/543/400
f 396/544/396 403/4094/403 402/545/401
f 397/546/402 404/558/409 403/547/403
f 399/548/397 406/552/405 405/549/404
f 400/551/399 407/554/407 406/552/405
f 400/551/399 401/556/400 408/553/406
f 402/555/401 409/557/408 408/553/406
f 403/547/403 410/559/410 409/557/408
f 404/558/409 411/566/417 410/559/410
f 406/552/405 413/561/412 412/560/411
f 407/554/407 414/563/414 413/561/412
f 407/554/407 408/553/406 415/562/413
f 408/553/406 409/557/408 416/564/415
f 409/557/408 410/559/410 417/565/416
f 411/566/417 418/578/418 417/565/416
f 34/567/104 62/154/103 370/568/370
f 62/154/103 63/152/102 371/570/373
f 63/152/102 64/151/101 372/571/376
f 65/150/100 373/572/375 372/571/376
f 66/149/99 374/573/377 373/572/375
f 67/148/98 375/518/379 374/573/377
f 68/147/97 376/516/381 375/518/379
f 36/433/318 118/432/317 376/516/381
f 118/432/317 119/4095/316 383/574/388
f 119/575/316 120/428/315 390/537/395
f 120/428/315 121/427/314 397/546/402
f 121/427/314 122/576/313 404/558/409
f 122/576/313 123/577/312 411/566/417
f 123/577/312 124/4096/311 418/578/418
f 418/578/418 124/4096/311 40/579/310
f 417/565/416 418/578/418 103/326/239
f 416/564/415 417/565/416 102/324/237
f 415/562/413 416/564/415 101/323/236
f 414/563/414 415/562/413 100/322/235
f 413/561/412 414/563/414 99/321/234
f 413/561/412 98/320/233 97/319/232
f 412/560/411 97/319/232 38/234/168
f 405/549/404 412/560/411 82/232/167
f 398/550/398 405/549/404 81/580/166
f 79/582/164 391/529/391 398/540/398
f 78/584/163 384/527/384 391/529/391
f 377/507/372 384/520/384 78/585/163
f 370/505/370 377/507/372 77/586/162
f 463/588/419 464/592/423 467/589/420
f 465/591/422 468/605/426 467/589/420
f 466/593/421 467/597/420 470/594/424
f 468/596/426 471/608/435 470/594/424
f 419/598/427 430/600/429 463/588/419
f 430/600/429 431/601/430 464/592/423
f 431/601/430 432/603/432 465/591/422
f 421/602/431 433/604/433 465/591/422
f 433/604/433 434/4097/496 468/605/426
f 468/605/426 434/4097/496 435/606/434
f 471/608/435 435/691/434 422/609/436
f 470/594/424 471/608/435 438/610/437
f 469/595/425 470/594/424 437/611/438
f 429/613/440 469/595/425 436/612/439
f 428/615/442 466/590/421 469/616/425
f 427/599/428 463/588/419 466/590/421
f 473/618/443 476/622/447 475/619/444
f 474/621/446 477/633/453 476/622/447
f 475/619/444 476/622/447 479/623/448
f 476/622/447 477/633/453 480/625/450
f 419/626/427 427/629/428 472/620/445
f 428/628/442 473/618/443 472/620/445
f 429/630/440 474/621/446 473/618/443
f 420/631/441 442/632/452 474/621/446
f 442/632/452 443/634/454 477/633/453
f 443/634/454 444/4098/516 480/625/450
f 480/625/450 444/4098/516 424/635/455
f 480/625/450 447/636/456 446/637/457
f 479/623/448 446/637/457 445/638/458
f 478/639/449 445/4099/458 423/640/459
f 475/619/444 478/624/449 441/642/460
f 472/620/445 475/619/444 440/643/461
f 481/644/462 482/647/465 485/645/463
f 482/647/465 483/658/471 486/648/466
f 484/646/464 485/645/463 488/649/467
f 485/645/463 486/648/466 489/651/469
f 423/640/459 445/4099/458 481/652/462
f 445/654/458 446/656/457 482/647/465
f 447/655/456 483/658/471 482/647/465
f 424/657/455 451/726/515 483/658/471
f 483/658/471 451/726/515 452/659/472
f 486/648/466 452/659/472 453/660/473
f 489/651/469 453/660/473 426/661/474
f 488/649/467 489/651/469 456/662/475
f 487/650/468 488/649/467 455/663/476
f 487/665/468 454/4100/477 425/666/478
f 449/668/480 484/669/464 487/665/468
f 448/653/470 481/652/462 484/669/464
f 490/670/481 491/674/485 494/671/482
f 492/673/484 495/676/487 494/671/482
f 494/671/482 497/677/488 496/675/486
f 495/676/487 498/685/492 497/677/488
f 421/602/431 457/711/489 490/678/481
f 457/679/489 458/681/491 491/674/485
f 459/680/490 492/673/484 491/674/485
f 425/682/478 454/683/477 492/673/484
f 454/683/477 455/684/476 495/676/487
f 455/684/476 456/4101/475 498/685/492
f 498/685/492 456/4101/475 426/686/474
f 498/685/492 462/687/493 461/688/494
f 497/677/488 461/688/494 460/689/495
f 496/690/486 460/4102/495 422/609/436
f 434/692/496 493/672/483 496/675/486
f 490/670/481 493/672/483 434/692/496
f 499/695/497 500/705/501 503/696/498
f 501/698/500 504/707/505 503/699/498
f 503/696/498 506/710/504 505/701/502
f 503/699/498 504/707/505 507/702/503
f 419/598/427 439/704/451 499/695/497
f 439/704/451 440/4103/461 500/705/501
f 440/706/461 441/641/460 501/698/500
f 423/640/459 448/653/470 501/698/500
f 501/698/500 448/653/470 449/668/480
f 504/707/505 449/668/480 450/667/479
f 507/702/503 450/667/479 425/666/478
f 506/703/504 507/702/503 459/708/490
f 506/710/504 458/4104/491 457/711/489
f 505/701/502 457/711/489 421/602/431
f 502/697/499 505/701/502 432/603/432
f 430/600/429 499/695/497 502/697/499
f 509/712/506 512/716/510 511/713/507
f 509/712/506 510/720/513 513/715/509
f 511/713/507 512/716/510 515/717/511
f 513/715/509 516/723/514 515/717/511
f 420/614/441 436/612/439 508/714/508
f 436/612/439 437/611/438 509/712/506
f 437/611/438 438/610/437 510/720/513
f 422/609/436 460/4102/495 510/720/513
f 510/720/513 460/4102/495 461/721/494
f 513/715/509 461/721/494 462/722/493
f 516/724/514 462/4105/493 426/661/474
f 515/725/511 516/724/514 453/660/473
f 515/725/511 452/659/472 451/726/515
f 514/727/512 451/726/515 424/657/455
f 511/713/507 514/718/512 444/729/516
f 508/714/508 511/713/507 443/730/454
f 517/731/517 519/4106/523 520/732/518
f 518/734/519 522/4107/524 521/735/520
f 521/737/520 522/4108/524 524/738/521
f 523/740/522 524/4109/521 520/741/518
f 517/743/517 521/4110/520 523/744/522
f 518/746/519 520/4111/518 524/747/521
f 525/749/525 534/753/529 545/750/526
f 527/752/528 535/754/530 545/750/526
f 535/754/530 528/4112/548 536/755/531
f 545/750/526 536/755/531 526/756/532
f 525/757/525 533/760/527 546/758/533
f 533/760/527 526/790/532 538/761/535
f 546/758/533 538/761/535 530/762/536
f 537/759/534 546/758/533 539/763/537
f 539/765/537 547/769/540 540/766/539
f 530/768/536 541/770/541 547/769/540
f 541/770/541 532/4113/546 542/771/542
f 547/769/540 542/771/542 531/772/543
f 527/773/528 543/776/545 548/774/544
f 543/776/545 531/4114/543 542/777/542
f 548/774/544 542/777/542 532/778/546
f 535/775/530 548/774/544 544/779/547
f 537/781/534 549/785/549 534/782/529
f 529/784/538 540/786/539 549/785/549
f 540/786/539 531/4115/543 543/787/545
f 549/788/549 543/4116/545 527/752/528
f 536/789/531 550/4117/550 538/761/535
f 528/791/548 544/4118/547 550/792/550
f 544/794/547 532/4113/546 541/770/541
f 550/795/550 541/770/541 530/768/536
f 596/797/551 599/801/555 598/798/552
f 597/800/554 600/803/557 599/801/555
f 599/801/555 602/804/558 601/802/556
f 600/803/557 603/820/567 602/804/558
f 562/805/559 595/799/553 559/806/560
f 563/808/562 596/797/551 595/799/553
f 564/809/563 597/800/554 596/797/551
f 553/810/564 565/891/565 597/811/554
f 565/813/565 566/816/566 600/814/557
f 566/816/566 567/818/568 603/817/567
f 567/818/568 554/903/630 570/819/569
f 603/820/567 570/4119/569 569/821/570
f 602/804/558 569/821/570 568/822/571
f 601/802/556 568/822/571 552/823/572
f 598/798/552 601/802/556 561/824/573
f 595/799/553 598/798/552 560/825/574
f 604/826/575 605/829/578 608/827/576
f 605/829/578 606/840/584 609/830/579
f 607/828/577 608/827/576 611/831/580
f 608/827/576 609/830/579 612/833/582
f 551/807/561 559/806/560 604/834/575
f 559/806/560 560/825/574 605/836/578
f 560/825/574 561/824/573 606/837/584
f 561/838/573 552/933/572 574/839/585
f 606/840/584 574/839/585 575/841/586
f 609/830/579 575/841/586 576/842/587
f 612/833/582 576/842/587 556/843/588
f 612/845/582 579/866/589 578/846/590
f 611/847/580 578/846/590 577/848/591
f 610/849/581 577/848/591 555/850/592
f 607/852/577 610/4120/581 573/853/593
f 604/834/575 607/852/577 572/854/594
f 614/855/595 617/4121/599 616/856/596
f 615/858/598 618/863/601 617/859/599
f 617/859/599 620/864/602 619/861/600
f 618/863/601 621/874/606 620/864/602
f 577/848/591 613/857/597 580/865/603
f 578/846/590 614/855/595 613/857/597
f 579/866/589 615/4122/598 614/855/595
f 556/843/588 583/868/604 615/867/598
f 583/868/604 584/870/605 618/869/601
f 584/870/605 585/942/607 621/871/606
f 585/872/607 558/898/626 588/873/608
f 621/874/606 588/873/608 587/875/609
f 620/864/602 587/875/609 586/876/610
f 619/861/600 586/876/610 557/877/611
f 616/862/596 619/861/600 582/878/612
f 613/880/597 616/862/596 581/879/613
f 622/882/614 623/885/617 626/883/615
f 623/885/617 624/897/624 627/886/618
f 626/883/615 629/889/621 628/887/619
f 626/883/615 627/886/618 630/888/620
f 553/810/564 589/892/622 622/890/614
f 589/892/622 590/894/623 623/893/617
f 590/894/623 591/922/625 624/895/624
f 591/896/625 557/877/611 586/876/610
f 624/897/624 586/876/610 587/875/609
f 627/886/618 587/875/609 588/873/608
f 630/888/620 588/873/608 558/898/626
f 630/888/620 594/899/627 593/900/628
f 629/889/621 593/900/628 592/901/629
f 628/902/619 592/4123/629 554/903/630
f 625/904/616 628/902/619 567/818/568
f 622/905/614 625/904/616 566/816/566
f 631/906/631 632/909/634 635/907/632
f 632/909/634 633/917/639 636/910/635
f 634/908/633 635/907/632 638/911/636
f 635/907/632 636/910/635 639/913/638
f 551/807/561 571/835/583 631/914/631
f 571/915/583 572/916/594 632/909/634
f 572/916/594 573/4124/593 633/917/639
f 555/850/592 580/865/603 633/918/639
f 633/917/639 580/4125/603 581/919/613
f 636/910/635 581/919/613 582/920/612
f 639/913/638 582/920/612 557/921/611
f 638/911/636 639/913/638 591/922/625
f 637/912/637 638/911/636 590/894/623
f 564/812/563 637/912/637 589/892/622
f 563/923/562 634/908/633 637/912/637
f 562/924/559 631/906/631 634/908/633
f 640/925/640 641/928/643 644/926/641
f 641/928/643 642/4126/648 645/929/644
f 643/927/642 644/926/641 647/930/645
f 644/926/641 645/929/644 648/932/647
f 552/933/572 568/934/571 640/925/640
f 568/934/571 569/936/570 641/928/643
f 570/935/569 642/4126/648 641/928/643
f 554/903/630 592/4123/629 642/937/648
f 642/938/648 592/901/629 593/900/628
f 645/929/644 593/4127/628 594/940/627
f 648/932/647 594/940/627 558/941/626
f 647/930/645 648/932/647 585/942/607
f 646/931/646 647/930/645 584/870/605
f 576/842/587 646/931/646 583/868/604
f 575/841/586 643/927/642 646/931/646
f 574/839/585 640/925/640 643/927/642
f 693/943/649 694/946/652 697/944/650
f 694/946/652 695/956/661 698/947/653
f 696/945/651 697/944/650 700/948/654
f 697/944/650 698/947/653 701/950/656
f 649/951/657 660/1068/659 693/952/649
f 660/954/659 661/955/660 694/946/652
f 661/955/660 662/4128/662 695/956/661
f 662/957/662 651/1043/720 663/958/663
f 695/956/661 663/4129/663 664/960/664
f 698/947/653 664/960/664 665/961/665
f 701/962/656 665/1055/665 652/963/666
f 700/948/654 701/950/656 668/965/667
f 699/949/655 700/948/654 667/966/668
f 659/968/670 699/949/655 666/967/669
f 658/970/672 696/945/651 699/949/655
f 657/971/658 693/943/649 696/945/651
f 702/972/673 703/983/676 706/973/674
f 703/975/676 704/987/682 707/976/677
f 705/978/675 706/977/674 709/979/678
f 706/977/674 707/976/677 710/981/680
f 649/951/657 657/953/658 702/972/673
f 657/953/658 658/984/672 703/983/676
f 658/984/672 659/4130/670 704/985/682
f 650/986/671 672/1090/745 704/987/682
f 704/987/682 672/1090/745 673/989/683
f 707/976/677 673/989/683 674/990/684
f 710/981/680 674/990/684 654/991/685
f 709/979/678 710/981/680 677/992/686
f 708/980/679 709/979/678 676/993/687
f 671/995/689 708/999/679 675/996/688
f 670/998/691 705/974/675 708/999/679
f 669/982/681 702/972/673 705/974/675
f 711/1000/692 712/1003/695 715/1001/693
f 712/1003/695 713/1012/701 716/1004/696
f 714/1002/694 715/1001/693 718/1005/697
f 715/1001/693 716/1004/696 719/1007/699
f 653/997/690 675/996/688 711/1008/692
f 675/1010/688 676/1011/687 712/1003/695
f 676/1011/687 677/1013/686 713/1012/701
f 677/1013/686 654/1098/685 681/1014/702
f 713/1012/701 681/1014/702 682/1015/703
f 716/1004/696 682/1015/703 683/1016/704
f 719/1017/699 683/1094/704 656/1018/705
f 718/1020/697 719/1017/699 686/1019/706
f 717/1006/698 718/1005/697 685/1022/707
f 717/1024/698 684/4131/708 655/1025/709
f 679/1027/711 714/1002/694 717/1006/698
f 678/1009/700 711/1008/692 714/1029/694
f 720/1031/712 721/4132/715 724/1032/713
f 721/1034/715 722/1048/724 725/1035/716
f 723/1037/714 724/4133/713 727/1038/717
f 724/1040/713 725/1050/716 728/1041/719
f 651/1043/720 687/1045/721 720/1044/712
f 687/1045/721 688/1047/723 721/1034/715
f 689/1046/722 722/1048/724 721/1034/715
f 655/1025/709 684/4131/708 722/1048/724
f 722/1049/724 684/4134/708 685/1021/707
f 725/1050/716 685/1021/707 686/1019/706
f 728/1041/719 686/1019/706 656/1018/705
f 727/1042/717 728/1041/719 692/1051/725
f 726/1053/718 727/1042/717 691/1052/726
f 665/1055/665 726/1053/718 690/1054/727
f 664/1056/664 723/1037/714 726/1039/718
f 663/1058/663 720/1031/712 723/1033/714
f 729/1060/728 730/1064/732 733/1061/729
f 731/1063/731 734/1069/736 733/1061/729
f 733/1061/729 736/1067/735 735/1065/733
f 733/1061/729 734/1069/736 737/1066/734
f 669/982/681 729/1060/728 660/1068/659
f 670/998/691 730/1064/732 729/1060/728
f 671/995/689 731/1063/731 730/1064/732
f 653/997/690 678/1009/700 731/1063/731
f 678/1009/700 679/1030/711 734/1069/736
f 734/1070/736 679/4135/711 680/1026/710
f 737/1071/734 680/1026/710 655/1025/709
f 736/1072/735 737/1071/734 689/1046/722
f 735/1073/733 736/1072/735 688/1047/723
f 735/1074/733 687/4136/721 651/1075/720
f 732/1077/730 735/4137/733 662/1078/662
f 729/1060/728 732/1062/730 661/1080/660
f 738/1081/737 739/1085/741 742/1082/738
f 740/1084/740 743/1087/743 742/1082/738
f 742/1082/738 745/1088/744 744/1086/742
f 743/1087/743 746/1093/746 745/1088/744
f 650/986/671 666/4138/669 738/1089/737
f 666/1091/669 667/1092/668 739/1085/741
f 668/964/667 740/1084/740 739/1085/741
f 652/963/666 690/1054/727 740/1084/740
f 690/1054/727 691/1052/726 743/1087/743
f 691/1052/726 692/1051/725 746/1093/746
f 746/1093/746 692/1051/725 656/1018/705
f 746/1093/746 683/1094/704 682/1095/703
f 745/1088/744 682/1095/703 681/1096/702
f 744/1097/742 681/1014/702 654/1098/685
f 673/989/683 741/1101/739 744/1100/742
f 672/1090/745 738/1089/737 741/1101/739
f 747/1102/747 756/4139/750 767/1103/748
f 756/1105/750 749/1141/766 757/1106/751
f 767/1103/748 757/4140/751 750/1108/752
f 755/1104/749 767/1103/748 758/1109/753
f 747/1111/747 755/4141/749 768/1112/755
f 748/1110/754 760/4142/772 768/1114/755
f 768/1112/755 760/4143/772 752/1115/757
f 759/1113/756 768/1112/755 761/1116/758
f 751/1117/759 761/1116/758 769/1118/760
f 761/1120/758 752/1147/757 763/1121/762
f 769/1122/760 763/1121/762 754/1123/763
f 762/1125/761 769/4144/760 764/1126/764
f 749/1128/766 765/1132/768 770/1129/767
f 753/1131/765 764/4145/764 770/1129/767
f 770/1129/767 764/4145/764 754/1133/763
f 770/1129/767 766/1134/769 750/1135/752
f 747/1111/747 759/1113/756 771/1136/770
f 751/1117/759 762/1119/761 771/1136/770
f 771/1138/770 762/4146/761 753/1139/765
f 771/1138/770 765/1140/768 749/1141/766
f 748/1142/754 758/4147/753 772/1143/771
f 750/1135/752 766/1134/769 772/1145/771
f 772/1143/771 766/4148/769 754/1123/763
f 772/1143/771 763/1121/762 752/1147/757
f 775/1148/773 776/4149/779 774/1149/774
f 774/1151/774 778/4150/777 777/1152/776
f 778/1154/777 780/4151/2498 779/1155/778
f 779/1157/778 780/4152/2498 776/1158/779
f 777/1160/776 779/4153/778 775/1161/773
f 776/1163/779 780/4154/2498 778/1164/777
f 781/1166/780 783/1175/786 784/1167/781
f 782/1169/782 786/4155/787 785/1170/783
f 785/1170/783 786/4155/787 788/1172/784
f 787/1174/785 788/4156/784 784/1167/781
f 785/1176/783 787/4157/785 783/1177/786
f 784/1179/781 788/4158/784 786/1180/787
f 881/1182/788 882/1186/792 889/1183/789
f 883/1185/791 890/1188/794 889/1183/789
f 883/1185/791 884/1189/795 891/1187/793
f 884/1189/795 885/1191/797 892/1190/796
f 885/1191/797 886/1193/799 893/1192/798
f 886/1193/799 887/1243/845 894/1194/800
f 889/1183/789 896/1196/802 895/1195/801
f 890/1188/794 897/1198/804 896/1196/802
f 890/1188/794 891/1187/793 898/1197/803
f 891/1187/793 892/1190/796 899/1199/805
f 892/1190/796 893/1192/798 900/1200/806
f 893/1192/798 894/1194/800 901/1201/807
f 895/1195/801 896/1196/802 903/1202/808
f 896/1196/802 897/1198/804 904/1204/810
f 897/1198/804 898/1197/803 905/1205/811
f 898/1197/803 899/1199/805 906/1206/812
f 899/1199/805 900/1200/806 907/1207/813
f 900/1200/806 901/1201/807 908/1208/814
f 902/1203/809 903/1202/808 910/1209/815
f 903/1202/808 904/1204/810 911/1211/817
f 904/1204/810 905/1205/811 912/1212/818
f 906/1206/812 913/1213/819 912/1212/818
f 907/1207/813 914/1221/820 913/1213/819
f 908/1214/814 915/1251/850 914/1215/820
f 909/1210/816 910/1209/815 917/1217/821
f 910/1209/815 911/1211/817 918/1219/823
f 911/1211/817 912/1212/818 919/1220/824
f 913/1213/819 920/1222/825 919/1220/824
f 914/1221/820 921/4159/827 920/1222/825
f 914/1215/820 915/1251/850 922/1223/826
f 917/1217/821 924/1226/829 923/1225/828
f 918/1219/823 925/1227/830 924/1226/829
f 919/1220/824 926/1228/831 925/1227/830
f 920/1222/825 927/1230/833 926/1228/831
f 920/1222/825 921/4159/827 928/1229/832
f 921/1224/827 922/1223/826 929/1231/834
f 789/1233/835 804/1236/838 881/1182/788
f 805/1235/837 882/1186/792 881/1182/788
f 806/1237/839 883/1185/791 882/1186/792
f 806/1237/839 807/1238/840 884/1189/795
f 807/1238/840 808/1239/841 885/1191/797
f 808/1239/841 809/1241/843 886/1193/799
f 810/1240/842 887/1243/845 886/1193/799
f 791/1242/844 811/4160/846 887/1243/845
f 811/1244/846 812/1247/847 894/1245/800
f 812/1247/847 813/1532/1073 901/1248/807
f 901/1248/807 813/1532/1073 814/1249/848
f 908/1214/814 814/1249/848 815/1250/849
f 815/1250/849 816/1531/1072 922/1223/826
f 922/1223/826 816/1531/1072 817/1252/851
f 929/1231/834 817/1252/851 792/1253/852
f 928/1232/832 929/1231/834 824/1254/853
f 927/1230/833 928/1229/832 823/1256/854
f 927/1230/833 822/1257/855 821/1258/856
f 926/1228/831 821/1258/856 820/1259/857
f 924/1226/829 925/1227/830 820/1259/857
f 924/1226/829 819/1260/858 818/1261/859
f 923/1225/828 818/1261/859 790/1262/860
f 916/1218/822 923/1225/828 803/1263/861
f 801/1265/863 909/1210/816 916/1218/822
f 800/1266/864 902/1203/809 909/1210/816
f 799/1267/865 895/1195/801 902/1203/809
f 798/1268/866 888/1184/790 895/1195/801
f 797/1234/836 881/1182/788 888/1184/790
f 931/1269/867 938/1273/871 937/1270/868
f 932/1272/870 939/1275/873 938/1273/871
f 933/1274/872 940/1277/875 939/1275/873
f 934/1276/874 941/4161/877 940/1277/875
f 935/1278/876 942/1282/879 941/1279/877
f 936/1281/878 943/1289/885 942/1282/879
f 938/1273/871 945/1284/881 944/1283/880
f 939/1275/873 946/1285/882 945/1284/881
f 940/1277/875 947/1293/883 946/1285/882
f 941/1279/877 948/1288/884 947/1286/883
f 942/1282/879 949/1290/886 948/1288/884
f 943/1289/885 950/1297/892 949/1290/886
f 944/1283/880 945/1284/881 952/1291/887
f 946/1285/882 953/1294/889 952/1291/887
f 947/1293/883 954/4162/890 953/1294/889
f 948/1288/884 955/1296/891 954/1295/890
f 949/1290/886 956/1298/893 955/1296/891
f 950/1297/892 957/1307/899 956/1298/893
f 952/1299/887 959/1303/895 958/1300/894
f 953/1302/889 960/1304/896 959/1303/895
f 954/1295/890 961/1305/897 960/1304/896
f 955/1296/891 962/1306/898 961/1305/897
f 956/1298/893 963/1308/900 962/1306/898
f 957/1307/899 964/1314/906 963/1308/900
f 959/1303/895 966/1310/902 965/1309/901
f 960/1304/896 967/1311/903 966/1310/902
f 961/1305/897 968/1312/904 967/1311/903
f 962/1306/898 969/1313/905 968/1312/904
f 963/1308/900 970/1315/907 969/1313/905
f 964/1314/906 971/1321/913 970/1315/907
f 966/1310/902 973/1317/909 972/1316/908
f 967/1311/903 974/1318/910 973/1317/909
f 968/1312/904 975/1319/911 974/1318/910
f 969/1313/905 976/1320/912 975/1319/911
f 970/1315/907 977/1322/914 976/1320/912
f 971/1321/913 978/4163/922 977/1322/914
f 797/1234/836 930/1271/869 825/1323/915
f 798/1268/866 931/1269/867 930/1271/869
f 799/1267/865 932/1272/870 931/1269/867
f 800/1266/864 933/1274/872 932/1272/870
f 801/1265/863 934/1276/874 933/1274/872
f 802/1264/862 935/1325/876 934/1276/874
f 802/1264/862 803/1263/861 936/1324/878
f 790/1326/860 832/1329/916 936/1327/878
f 832/1329/916 833/1331/917 943/1330/885
f 833/1331/917 834/1333/918 950/1332/892
f 834/1333/918 835/1335/919 957/1334/899
f 835/1335/919 836/1337/920 964/1336/906
f 836/1337/920 837/1682/921 971/1338/913
f 837/1339/921 838/1342/923 978/1340/922
f 838/1342/923 794/1415/987 845/1343/924
f 978/1340/922 845/1343/924 844/1344/925
f 977/1345/914 844/1344/925 843/1346/926
f 975/1319/911 976/1320/912 843/1348/926
f 975/1319/911 842/1349/927 841/1350/928
f 974/1318/910 841/1350/928 840/1351/929
f 973/1317/909 840/1351/929 839/1352/930
f 972/1316/908 839/1352/930 793/1353/931
f 965/1309/901 972/1316/908 831/1354/932
f 958/1300/894 965/1309/901 830/1355/933
f 951/1301/888 958/1300/894 829/1356/934
f 944/1283/880 951/1292/888 828/1358/935
f 937/1270/868 944/1283/880 827/1359/936
f 930/1271/869 937/1270/868 826/1360/937
f 979/1361/938 980/1364/941 987/1362/939
f 980/1364/941 981/1366/943 988/1365/942
f 981/1366/943 982/1369/946 989/1367/944
f 983/1368/945 990/1371/948 989/1367/944
f 984/1370/947 991/1373/950 990/1371/948
f 985/1372/949 992/1379/956 991/1373/950
f 986/1363/940 987/1362/939 994/1374/951
f 987/1362/939 988/1365/942 995/1376/953
f 988/1365/942 989/1367/944 996/1377/954
f 990/1371/948 997/1378/955 996/1377/954
f 991/1373/950 998/1380/957 997/1378/955
f 992/1379/956 999/1386/963 998/1380/957
f 994/1374/951 1001/1382/959 1000/1381/958
f 995/1376/953 1002/1383/960 1001/1382/959
f 996/1377/954 1003/1384/961 1002/1383/960
f 997/1378/955 1004/1385/962 1003/1384/961
f 998/1380/957 1005/1387/964 1004/1385/962
f 999/1386/963 1006/1419/991 1005/1387/964
f 1001/1382/959 1008/1389/966 1007/1388/965
f 1002/1383/960 1009/1391/968 1008/1389/966
f 1002/1383/960 1003/1384/961 1010/1390/967
f 1003/1384/961 1004/1385/962 1011/1392/969
f 1004/1385/962 1005/1387/964 1012/1393/970
f 1005/1387/964 1006/1419/991 1013/1394/971
f 1008/1389/966 1015/1396/973 1014/1395/972
f 1009/1391/968 1016/1398/975 1015/1396/973
f 1009/1391/968 1010/1390/967 1017/1397/974
f 1010/1390/967 1011/1392/969 1018/1399/976
f 1011/1392/969 1012/1393/970 1019/1400/977
f 1012/1393/970 1013/1394/971 1020/1401/978
f 1015/1396/973 1022/1403/980 1021/1402/979
f 1016/1398/975 1023/1405/982 1022/1403/980
f 1016/1398/975 1017/1397/974 1024/1404/981
f 1017/1397/974 1018/1399/976 1025/1406/983
f 1018/1399/976 1019/1400/977 1026/1407/984
f 1019/1400/977 1020/1401/978 1027/1408/985
f 793/1353/931 839/1352/930 979/1409/938
f 839/1352/930 840/1351/929 980/1411/941
f 840/1351/929 841/1350/928 981/1412/943
f 841/1350/928 842/1349/927 982/1413/946
f 842/1414/927 843/1346/926 983/1368/945
f 844/1344/925 984/1370/947 983/1368/945
f 845/1343/924 985/1372/949 984/1370/947
f 794/1415/987 853/1416/988 985/1372/949
f 853/1416/988 854/1417/989 992/1379/956
f 854/1417/989 855/1418/990 999/1386/963
f 855/1418/990 856/4164/1173 1006/1419/991
f 1006/1419/991 856/4164/1173 857/1420/992
f 1013/1394/971 857/1420/992 858/1421/993
f 858/1421/993 859/1673/1172 1027/1408/985
f 1027/1408/985 859/1673/1172 796/1422/994
f 1026/1407/984 1027/1408/985 866/1423/995
f 1025/1406/983 1026/1407/984 865/1424/996
f 1024/1404/981 1025/1406/983 864/1425/997
f 1023/1405/982 1024/1404/981 863/1426/998
f 1023/1405/982 862/1427/999 861/1428/1000
f 1022/1403/980 861/1428/1000 860/1429/1001
f 1021/1402/979 860/1429/1001 795/1430/1002
f 1014/1395/972 1021/1402/979 852/1431/1003
f 1007/1388/965 1014/1395/972 851/1432/1004
f 1000/1381/958 1007/1388/965 850/1433/1005
f 993/1375/952 1000/1381/958 849/1434/1006
f 986/1363/940 993/1375/952 848/1435/1007
f 846/1437/986 979/1361/938 986/1363/940
f 1029/1438/1009 1036/1454/1013 1035/1439/1010
f 1030/1441/1012 1037/1445/1015 1036/1442/1013
f 1031/1444/1014 1038/1457/1017 1037/1445/1015
f 1032/1446/1016 1039/1459/1019 1038/1447/1017
f 1033/1449/1018 1040/1453/1021 1039/1450/1019
f 1034/1452/1020 1041/1462/1027 1040/1453/1021
f 1036/1454/1013 1043/1464/1023 1042/1455/1022
f 1037/1445/1015 1044/1458/1024 1043/1456/1023
f 1038/1457/1017 1045/4165/1025 1044/1458/1024
f 1039/1459/1019 1046/4166/1026 1045/1460/1025
f 1040/1453/1021 1047/1463/1028 1046/1461/1026
f 1041/1462/1027 1048/1472/1034 1047/1463/1028
f 1043/1464/1023 1050/1467/1030 1049/1465/1029
f 1044/1466/1024 1051/1469/1031 1050/1467/1030
f 1045/1468/1025 1052/1470/1032 1051/1469/1031
f 1046/1461/1026 1053/1471/1033 1052/1470/1032
f 1047/1463/1028 1054/1473/1035 1053/1471/1033
f 1048/1472/1034 1055/4167/1041 1054/1473/1035
f 1050/1467/1030 1057/1475/1037 1056/1474/1036
f 1051/1469/1031 1058/1485/1038 1057/1475/1037
f 1052/1476/1032 1059/4168/1039 1058/1477/1038
f 1053/1471/1033 1060/1480/1040 1059/1479/1039
f 1054/1473/1035 1061/1489/1042 1060/1480/1040
f 1055/1481/1041 1062/1491/1048 1061/1482/1042
f 1057/1475/1037 1064/1486/1044 1063/1484/1043
f 1058/1485/1038 1065/1487/1045 1064/1486/1044
f 1059/1479/1039 1066/1488/1046 1065/1487/1045
f 1060/1480/1040 1067/1490/1047 1066/1488/1046
f 1061/1489/1042 1068/1500/1049 1067/1490/1047
f 1062/1491/1048 1069/1521/1056 1068/1492/1049
f 1064/1486/1044 1071/1494/1051 1070/1493/1050
f 1065/1487/1045 1072/1495/1052 1071/1494/1051
f 1066/1488/1046 1073/1497/1054 1072/1495/1052
f 1066/1488/1046 1067/1490/1047 1074/1496/1053
f 1067/1490/1047 1068/1500/1049 1075/1498/1055
f 1069/1499/1056 1076/1524/1064 1075/1498/1055
f 867/1501/1057 1028/1440/1011 811/1244/846
f 868/1503/1058 1029/4169/1009 1028/1504/1011
f 869/1506/1059 1030/1441/1012 1029/1443/1009
f 870/1508/1060 1031/1444/1014 1030/1441/1012
f 871/1509/1061 1032/1446/1016 1031/1448/1014
f 872/1511/1062 1033/1513/1018 1032/1446/1016
f 873/1512/1063 1034/4170/1020 1033/1513/1018
f 873/1514/1063 795/1430/1002 860/1429/1001
f 1034/1516/1020 860/4171/1001 861/1517/1000
f 1041/1519/1027 861/1428/1000 862/1427/999
f 862/1427/999 863/1426/998 1055/1481/1041
f 863/1426/998 864/1425/997 1062/1491/1048
f 864/1425/997 865/1424/996 1069/1521/1056
f 865/1424/996 866/1423/995 1076/1522/1064
f 866/1423/995 796/1422/994 880/1523/1065
f 1076/1524/1064 880/4172/1065 879/1525/1066
f 1074/1496/1053 1075/1498/1055 879/1525/1066
f 1073/1497/1054 1074/1496/1053 878/1526/1067
f 1073/1497/1054 877/1527/1068 876/1528/1069
f 1072/1495/1052 876/1528/1069 875/1529/1070
f 1071/1494/1051 875/1529/1070 874/1530/1071
f 1070/1493/1050 874/1530/1071 792/1253/852
f 1063/1484/1043 1070/1493/1050 817/1252/851
f 1056/1474/1036 1063/1484/1043 816/1531/1072
f 1049/1465/1029 1056/1474/1036 815/1250/849
f 813/1532/1073 1042/1455/1022 1049/1465/1029
f 1035/1439/1010 1042/1455/1022 813/1532/1073
f 1028/1440/1011 1035/1439/1010 812/1247/847
f 1077/1533/1074 1078/1536/1077 1085/1534/1075
f 1078/1536/1077 1079/1538/1079 1086/1537/1078
f 1079/1538/1079 1080/1541/1082 1087/1539/1080
f 1081/1540/1081 1088/4173/1084 1087/1539/1080
f 1082/1542/1083 1089/1546/1086 1088/1543/1084
f 1083/1545/1085 1090/1595/1092 1089/1546/1086
f 1085/1534/1075 1092/1548/1088 1091/1547/1087
f 1086/1537/1078 1093/1550/1090 1092/1548/1088
f 1086/1537/1078 1087/1539/1080 1094/1549/1089
f 1087/1539/1080 1088/4173/1084 1095/1551/1091
f 1089/1552/1086 1096/1556/1093 1095/1553/1091
f 1090/1555/1092 1097/1562/1099 1096/1556/1093
f 1092/1548/1088 1099/1558/1095 1098/1557/1094
f 1093/1550/1090 1100/1559/1096 1099/1558/1095
f 1094/1549/1089 1101/1560/1097 1100/1559/1096
f 1095/1551/1091 1102/1567/1098 1101/1560/1097
f 1096/1556/1093 1103/1563/1100 1102/1561/1098
f 1097/1562/1099 1104/1570/1106 1103/1563/1100
f 1099/1558/1095 1106/1565/1102 1105/1564/1101
f 1100/1559/1096 1107/1566/1103 1106/1565/1102
f 1101/1560/1097 1108/1568/1104 1107/1566/1103
f 1102/1567/1098 1109/1575/1105 1108/1568/1104
f 1103/1563/1100 1110/1571/1107 1109/1569/1105
f 1104/1570/1106 1111/1596/1122 1110/1571/1107
f 1106/1565/1102 1113/1573/1109 1112/1572/1108
f 1107/1566/1103 1114/1574/1110 1113/1573/1109
f 1108/1568/1104 1115/1576/1111 1114/1574/1110
f 1109/1575/1105 1116/1583/1113 1115/1576/1111
f 1109/1569/1105 1110/1571/1107 1117/1577/1112
f 1110/1571/1107 1111/1596/1122 1118/1579/1114
f 1113/1573/1109 1120/1581/1116 1119/1580/1115
f 1114/1574/1110 1121/1582/1117 1120/1581/1116
f 1115/1576/1111 1122/1584/1118 1121/1582/1117
f 1116/1583/1113 1123/1599/1120 1122/1584/1118
f 1116/1578/1113 1117/1577/1112 1124/1585/1119
f 1117/1577/1112 1118/1579/1114 1125/1587/1121
f 789/1233/835 825/1323/915 1077/1588/1074
f 825/1323/915 826/1360/937 1078/1589/1077
f 826/1360/937 827/1359/936 1079/1590/1079
f 827/1591/936 828/1357/935 1080/1592/1082
f 828/1357/935 829/1356/934 1081/1544/1081
f 829/1356/934 830/1355/933 1082/1542/1083
f 830/1355/933 831/1354/932 1083/1545/1085
f 831/1354/932 793/1353/931 846/1410/986
f 1083/1545/1085 846/1410/986 847/1594/1008
f 847/1436/1008 848/1435/1007 1097/1562/1099
f 848/1435/1007 849/1434/1006 1104/1570/1106
f 849/1434/1006 850/1433/1005 1111/1596/1122
f 850/1433/1005 851/1432/1004 1118/1579/1114
f 851/1432/1004 852/1431/1003 1125/1587/1121
f 1125/1587/1121 852/1431/1003 795/1430/1002
f 1124/1585/1119 1125/1587/1121 873/1514/1063
f 1124/1585/1119 872/1597/1062 871/1598/1061
f 1123/1599/1120 871/1509/1061 870/1510/1060
f 1122/1584/1118 870/1510/1060 869/1600/1059
f 1121/1582/1117 869/1600/1059 868/1503/1058
f 1120/1581/1116 868/1503/1058 867/1505/1057
f 1119/1580/1115 867/1505/1057 791/1601/844
f 809/1603/843 1112/1572/1108 1119/1580/1115
f 808/1604/841 1105/1564/1101 1112/1572/1108
f 1098/1557/1094 1105/1564/1101 808/1604/841
f 1091/1547/1087 1098/1557/1094 807/1605/840
f 805/1235/837 1084/1608/1076 1091/1607/1087
f 804/1236/838 1077/1588/1074 1084/1608/1076
f 1127/1609/1123 1134/1613/1127 1133/1610/1124
f 1128/1612/1126 1135/1615/1129 1134/1613/1127
f 1129/1614/1128 1136/1617/1131 1135/1615/1129
f 1130/1616/1130 1137/1619/1133 1136/1617/1131
f 1130/1616/1130 1131/4174/1134 1138/1618/1132
f 1131/1620/1134 1132/1670/1170 1139/1621/1135
f 1134/1613/1127 1141/1624/1137 1140/1623/1136
f 1135/1615/1129 1142/1625/1138 1141/1624/1137
f 1136/1617/1131 1143/1626/1139 1142/1625/1138
f 1137/1619/1133 1144/1634/1141 1143/1626/1139
f 1137/1627/1133 1138/1622/1132 1145/1628/1140
f 1138/1622/1132 1139/1621/1135 1146/1630/1142
f 1141/1624/1137 1148/1632/1144 1147/1631/1143
f 1142/1625/1138 1149/1633/1145 1148/1632/1144
f 1143/1626/1139 1150/1635/1146 1149/1633/1145
f 1144/1634/1141 1151/1642/1147 1150/1635/1146
f 1145/1628/1140 1152/1638/1149 1151/1636/1147
f 1145/1628/1140 1146/1630/1142 1153/1637/1148
f 1148/1632/1144 1155/1640/1151 1154/1639/1150
f 1149/1633/1145 1156/1641/1152 1155/1640/1151
f 1150/1635/1146 1157/1643/1153 1156/1641/1152
f 1151/1642/1147 1158/1650/1154 1157/1643/1153
f 1152/1638/1149 1159/1646/1156 1158/1644/1154
f 1152/1638/1149 1153/1637/1148 1160/1645/1155
f 1155/1640/1151 1162/1648/1158 1161/1647/1157
f 1156/1641/1152 1163/1649/1159 1162/1648/1158
f 1157/1643/1153 1164/1651/1160 1163/1649/1159
f 1158/1650/1154 1165/1653/1161 1164/1651/1160
f 1159/1652/1156 1166/1659/1162 1165/1653/1161
f 1160/1645/1155 1167/1671/1168 1166/1654/1162
f 1162/1648/1158 1169/1656/1164 1168/1655/1163
f 1163/1649/1159 1170/1657/1165 1169/1656/1164
f 1164/1651/1160 1171/1658/1166 1170/1657/1165
f 1165/1653/1161 1172/1660/1167 1171/1658/1166
f 1166/1659/1162 1173/1662/1169 1172/1660/1167
f 1167/1661/1168 1174/4175/1171 1173/1662/1169
f 818/1663/859 1126/1611/1125 832/1329/916
f 819/1260/858 1127/1665/1123 1126/1664/1125
f 820/1259/857 1128/1666/1126 1127/1665/1123
f 821/1258/856 1129/1667/1128 1128/1666/1126
f 822/1257/855 1130/4176/1130 1129/1667/1128
f 822/1668/855 823/1255/854 1131/1620/1134
f 823/1255/854 824/1254/853 1132/1670/1170
f 824/1254/853 792/1253/852 874/1530/1071
f 1132/1670/1170 874/1530/1071 875/1529/1070
f 1139/1621/1135 875/1529/1070 876/1528/1069
f 1146/1630/1142 876/1528/1069 877/1527/1068
f 877/1527/1068 878/1526/1067 1160/1645/1155
f 878/1526/1067 879/1525/1066 1167/1671/1168
f 879/1525/1066 880/4172/1065 1174/1672/1171
f 880/1523/1065 796/1422/994 859/1673/1172
f 1174/1674/1171 859/1673/1172 858/1421/993
f 1173/1675/1169 858/1421/993 857/1420/992
f 1172/1660/1167 857/4177/992 856/1677/1173
f 1170/1657/1165 1171/1658/1166 856/1677/1173
f 1169/1679/1164 1170/4178/1165 855/1418/990
f 1168/1680/1163 1169/1679/1164 854/1417/989
f 1168/1680/1163 853/1416/988 794/1415/987
f 1161/1681/1157 1168/1680/1163 838/1342/923
f 1154/1639/1150 1161/1647/1157 837/1682/921
f 1147/1631/1143 1154/1639/1150 836/1337/920
f 1140/1623/1136 1147/1631/1143 835/1335/919
f 1133/1610/1124 1140/1623/1136 834/1333/918
f 1126/1611/1125 1133/1610/1124 833/1331/917
f 1177/1683/1174 1178/4179/1180 1176/1684/1175
f 1176/1686/1175 1180/4180/1178 1179/1687/1177
f 1180/1689/1178 1182/4181/2499 1181/1690/1179
f 1181/1692/1179 1182/4182/2499 1178/1693/1180
f 1179/1695/1177 1181/4183/1179 1177/1696/1174
f 1178/1698/1180 1182/4184/2499 1180/1699/1178
f 1192/1701/1181 1203/1705/1185 1191/1702/1182
f 1185/1704/1184 1193/1706/1186 1203/1705/1185
f 1193/1706/1186 1186/4185/1204 1194/1707/1187
f 1203/1705/1185 1194/1707/1187 1184/1708/1188
f 1183/1703/1183 1191/1702/1182 1204/1709/1189
f 1191/1702/1182 1184/1708/1188 1196/1711/1191
f 1204/1709/1189 1196/1711/1191 1188/1712/1192
f 1195/1710/1190 1204/1709/1189 1197/1713/1193
f 1197/1715/1193 1205/1719/1196 1198/1716/1195
f 1188/1718/1192 1199/1720/1197 1205/1719/1196
f 1199/1720/1197 1190/1728/1202 1200/1721/1198
f 1205/1719/1196 1200/1721/1198 1189/1722/1199
f 1185/1723/1184 1201/4186/1201 1206/1724/1200
f 1201/1726/1201 1189/1722/1199 1200/1721/1198
f 1206/1727/1200 1200/1721/1198 1190/1728/1202
f 1193/1730/1186 1206/1727/1200 1202/1729/1203
f 1183/1732/1183 1195/1735/1190 1207/1733/1205
f 1195/1735/1190 1187/4187/1194 1198/1736/1195
f 1207/1733/1205 1198/1736/1195 1189/1737/1199
f 1192/1734/1181 1207/1733/1205 1201/1738/1201
f 1184/1740/1188 1194/1743/1187 1208/1741/1206
f 1194/1743/1187 1186/4188/1204 1202/1744/1203
f 1208/1741/1206 1202/1744/1203 1190/1745/1202
f 1196/1742/1191 1208/1741/1206 1199/1746/1197
f 1211/1748/1207 1212/4189/1213 1210/1749/1208
f 1210/1751/1208 1214/4190/1211 1213/1752/1210
f 1214/1754/1211 1216/4191/1214 1215/1755/1212
f 1215/1755/1212 1216/4191/1214 1212/1757/1213
f 1213/1756/1210 1215/1755/1212 1211/1758/1207
f 1210/1760/1208 1212/4192/1213 1216/1761/1214
f 1217/1763/1215 1219/4193/1221 1220/1764/1216
f 1218/1766/1217 1222/4194/1222 1221/1767/1218
f 1221/1769/1218 1222/4195/1222 1224/1770/1219
f 1219/1772/1221 1223/4196/1220 1224/1773/1219
f 1221/1775/1218 1223/4197/1220 1219/1776/1221
f 1218/1778/1217 1220/4198/1216 1224/1779/1219
f 1227/1781/1223 1228/4199/1229 1226/1782/1224
f 1226/1784/1224 1230/4200/1227 1229/1785/1226
f 1230/1787/1227 1232/4201/2500 1231/1788/1228
f 1231/1790/1228 1232/4202/2500 1228/1791/1229
f 1229/1793/1226 1231/4203/1228 1227/1794/1223
f 1228/1796/1229 1232/4204/2500 1230/1797/1227
f 1242/1799/1230 1253/4205/1234 1241/1800/1231
f 1235/1802/1233 1243/4206/1250 1253/1803/1234
f 1253/1803/1234 1243/4206/1250 1236/1805/1235
f 1241/1800/1231 1253/4205/1234 1244/1807/1236
f 1233/1801/1232 1241/1800/1231 1254/1809/1238
f 1241/1800/1231 1234/1808/1237 1246/1811/1240
f 1254/1812/1238 1246/4207/1240 1238/1813/1241
f 1254/1809/1238 1247/4208/1242 1237/1815/1243
f 1237/1816/1243 1247/1814/1242 1255/1817/1244
f 1238/1813/1241 1249/4209/1255 1255/1817/1244
f 1255/1817/1244 1249/4209/1255 1240/1819/1246
f 1255/1821/1244 1250/4210/1247 1239/1822/1248
f 1235/1824/1233 1251/1827/1251 1256/1825/1249
f 1239/1822/1248 1250/4210/1247 1256/1825/1249
f 1256/1825/1249 1250/4210/1247 1240/1828/1246
f 1256/1825/1249 1252/1829/1252 1236/1830/1235
f 1233/1831/1232 1245/1835/1239 1257/1832/1253
f 1237/1834/1243 1248/4211/1245 1257/1832/1253
f 1257/1832/1253 1248/4211/1245 1239/1836/1248
f 1257/1832/1253 1251/1837/1251 1235/1838/1233
f 1234/1839/1237 1244/1843/1236 1258/1840/1254
f 1236/1842/1235 1252/1844/1252 1258/1840/1254
f 1252/1844/1252 1240/4212/1246 1249/1845/1255
f 1258/1840/1254 1249/1845/1255 1238/1846/1241
f 1261/1847/1256 1262/4213/1262 1260/1848/1257
f 1260/1850/1257 1264/4214/1263 1263/1851/1259
f 1263/1853/1259 1264/1863/1263 1266/1854/1260
f 1261/1856/1256 1265/4215/1261 1266/1857/1260
f 1263/1859/1259 1265/4216/1261 1261/1860/1256
f 1260/1862/1257 1262/4217/1262 1266/1854/1260
f 1267/1864/1264 1269/4218/1271 1270/1865/1265
f 1267/1867/1264 1268/4219/1266 1272/1868/1267
f 1271/1869/1268 1272/1868/1267 1274/1870/1269
f 1269/1872/1271 1273/4220/1270 1274/1873/1269
f 1267/1875/1264 1271/2508/1268 1273/1876/1270
f 1270/1878/1265 1274/4221/1269 1272/1879/1267
f 1277/1881/1272 1278/4222/1278 1276/1882/1273
f 1276/1884/1273 1280/4223/1276 1279/1881/1275
f 1280/1886/1276 1282/4224/2501 1281/1887/1277
f 1281/1889/1277 1282/4225/2501 1278/1890/1278
f 1279/1892/1275 1281/4226/1277 1277/1893/1272
f 1278/1895/1278 1282/4227/2501 1280/1896/1276
f 1328/1898/1279 1331/1902/1283 1330/1899/1280
f 1329/1901/1282 1332/1913/1294 1331/1902/1283
f 1331/1902/1283 1334/1905/1286 1333/1903/1284
f 1331/1902/1283 1332/1913/1294 1335/1904/1285
f 1283/1906/1287 1294/1909/1290 1327/1900/1281
f 1295/1908/1289 1328/1898/1279 1327/1900/1281
f 1296/1910/1291 1329/1901/1282 1328/1898/1279
f 1285/1911/1292 1297/1912/1293 1329/1901/1282
f 1297/1912/1293 1298/4228/1356 1332/1913/1294
f 1332/1913/1294 1298/4228/1356 1299/1914/1295
f 1335/1904/1285 1299/1914/1295 1286/1915/1296
f 1335/1904/1285 1302/1916/1297 1301/1917/1298
f 1334/1905/1286 1301/1917/1298 1300/1918/1299
f 1333/1919/1284 1300/2029/1299 1284/1920/1300
f 1330/1922/1280 1333/1919/1284 1293/1921/1301
f 1327/1900/1281 1330/1899/1280 1292/1924/1302
f 1336/1925/1303 1337/1928/1306 1340/1926/1304
f 1337/1928/1306 1338/1937/1312 1341/1929/1307
f 1339/1927/1305 1340/1926/1304 1343/1930/1308
f 1340/1926/1304 1341/1929/1307 1344/1932/1310
f 1283/1933/1287 1291/1935/1288 1336/1925/1303
f 1291/1935/1288 1292/1936/1302 1337/1928/1306
f 1292/1936/1302 1293/1939/1301 1338/1937/1312
f 1284/1938/1300 1306/1940/1313 1338/1937/1312
f 1306/1940/1313 1307/4229/1376 1341/1929/1307
f 1341/1929/1307 1307/4229/1376 1308/1941/1314
f 1344/1942/1310 1308/2042/1314 1288/1943/1315
f 1343/1930/1308 1344/1932/1310 1311/1945/1316
f 1342/1931/1309 1343/1930/1308 1310/1946/1317
f 1342/1931/1309 1309/1947/1318 1287/1948/1319
f 1339/1927/1305 1342/1931/1309 1305/1949/1320
f 1303/1934/1311 1336/1925/1303 1339/1927/1305
f 1346/1951/1322 1349/1955/1326 1348/1952/1323
f 1347/1954/1325 1350/1965/1332 1349/1955/1326
f 1349/1955/1326 1352/1958/1329 1351/1956/1327
f 1349/1955/1326 1350/1965/1332 1353/1957/1328
f 1287/1959/1319 1309/4230/1318 1345/1960/1324
f 1310/1962/1317 1346/1951/1322 1345/1953/1324
f 1310/1962/1317 1311/1944/1316 1347/1954/1325
f 1288/1943/1315 1315/1964/1331 1347/1954/1325
f 1315/1964/1331 1316/2040/1375 1350/1965/1332
f 1350/1965/1332 1316/2040/1375 1317/1966/1333
f 1353/1967/1328 1317/2038/1333 1290/1968/1334
f 1352/1958/1329 1353/1957/1328 1320/1970/1335
f 1352/1972/1329 1319/4231/1336 1318/1973/1337
f 1351/1974/1327 1318/1973/1337 1289/1975/1338
f 1348/1977/1323 1351/1974/1327 1314/1976/1339
f 1312/1961/1330 1345/1960/1324 1348/1977/1323
f 1354/1979/1341 1355/1982/1344 1358/1980/1342
f 1355/1982/1344 1356/1990/1351 1359/1983/1345
f 1357/1981/1343 1358/1980/1342 1361/1984/1346
f 1358/1980/1342 1359/1983/1345 1362/1986/1348
f 1285/1911/1292 1321/4232/1349 1354/1987/1341
f 1321/1988/1349 1322/1989/1350 1355/1982/1344
f 1322/1989/1350 1323/4233/1352 1356/1990/1351
f 1289/1975/1338 1318/1973/1337 1356/1991/1351
f 1318/1993/1337 1319/4234/1336 1359/1983/1345
f 1359/1983/1345 1319/4234/1336 1320/1969/1335
f 1362/1986/1348 1320/1969/1335 1290/1968/1334
f 1361/1984/1346 1362/1986/1348 1326/1994/1353
f 1360/1985/1347 1361/1984/1346 1325/1995/1354
f 1360/1985/1347 1324/1996/1355 1286/1997/1296
f 1357/1981/1343 1360/1985/1347 1299/1998/1295
f 1297/2000/1293 1354/1979/1341 1357/1981/1343
f 1363/2001/1357 1364/2005/1361 1367/2002/1358
f 1365/2004/1360 1368/2008/1364 1367/2002/1358
f 1366/2003/1359 1367/2002/1358 1370/2006/1362
f 1368/2008/1364 1371/2014/1365 1370/2006/1362
f 1283/1933/1287 1303/1934/1311 1363/2009/1357
f 1303/1934/1311 1304/1950/1321 1364/2011/1361
f 1305/2012/1320 1365/2004/1360 1364/2005/1361
f 1287/1959/1319 1312/1961/1330 1365/2004/1360
f 1312/1961/1330 1313/1978/1340 1368/2008/1364
f 1368/2008/1364 1313/1978/1340 1314/1976/1339
f 1371/2014/1365 1314/1976/1339 1289/1975/1338
f 1370/2006/1362 1371/2014/1365 1323/1992/1352
f 1370/2006/1362 1322/2015/1350 1321/2016/1349
f 1369/2017/1363 1321/4232/1349 1285/1911/1292
f 1366/2018/1359 1369/2017/1363 1296/1910/1291
f 1294/1909/1290 1363/4235/1357 1366/2018/1359
f 1372/2019/1366 1373/2023/1370 1376/2020/1367
f 1374/2022/1369 1377/2033/1374 1376/2020/1367
f 1376/2020/1367 1379/2026/1373 1378/2024/1371
f 1376/2020/1367 1377/2033/1374 1380/2025/1372
f 1284/1920/1300 1300/2029/1299 1372/2019/1366
f 1301/2028/1298 1373/2023/1370 1372/2019/1366
f 1302/2030/1297 1374/2022/1369 1373/2023/1370
f 1286/2031/1296 1324/2032/1355 1374/2022/1369
f 1324/2032/1355 1325/4236/1354 1377/2033/1374
f 1377/2034/1374 1325/4237/1354 1326/2035/1353
f 1380/2037/1372 1326/1994/1353 1290/1968/1334
f 1379/2039/1373 1380/4238/1372 1317/1966/1333
f 1379/2039/1373 1316/2040/1375 1315/1964/1331
f 1378/2041/1371 1315/1964/1331 1288/1943/1315
f 1307/2043/1376 1375/2021/1368 1378/2024/1371
f 1306/2027/1313 1372/2019/1366 1375/2021/1368
f 1381/2045/1377 1390/2079/1380 1401/2046/1378
f 1390/2048/1380 1383/2072/1395 1391/2049/1381
f 1401/2050/1378 1391/2049/1381 1384/2051/1382
f 1401/2053/1378 1392/4239/1383 1382/2054/1384
f 1381/2045/1377 1389/2047/1379 1402/2056/1385
f 1382/2054/1384 1394/2084/1401 1402/2058/1385
f 1402/2059/1385 1394/4240/1401 1386/2060/1387
f 1393/2062/1386 1402/2059/1385 1395/2061/1388
f 1385/2063/1389 1395/2061/1388 1403/2064/1390
f 1386/2060/1387 1397/4241/1402 1403/2064/1390
f 1403/2066/1390 1397/2088/1402 1388/2067/1392
f 1403/2069/1390 1398/4242/1393 1387/2070/1394
f 1383/2072/1395 1399/4243/1397 1404/2073/1396
f 1387/2070/1394 1398/4242/1393 1404/2074/1396
f 1404/2076/1396 1398/2068/1393 1388/2067/1392
f 1404/2073/1396 1400/4244/1398 1384/2051/1382
f 1381/2045/1377 1393/2057/1386 1405/2078/1399
f 1385/2080/1389 1396/4245/1391 1405/2078/1399
f 1405/2081/1399 1396/2071/1391 1387/2070/1394
f 1405/2078/1399 1399/4246/1397 1383/2082/1395
f 1382/2054/1384 1392/4239/1383 1406/2083/1400
f 1384/2085/1382 1400/2077/1398 1406/2086/1400
f 1406/2086/1400 1400/2077/1398 1388/2067/1392
f 1406/2086/1400 1397/2088/1402 1386/2089/1387
f 1409/2091/1403 1410/4247/1409 1408/2092/1404
f 1408/2094/1404 1412/4248/1410 1411/2095/1406
f 1411/2097/1406 1412/4249/1410 1414/2098/1407
f 1409/2100/1403 1413/4250/1408 1414/2101/1407
f 1407/2103/1405 1411/4251/1406 1413/2104/1408
f 1408/2106/1404 1410/4252/1409 1414/2107/1407
f 1417/2109/1411 1418/4253/1417 1416/2110/1412
f 1416/2112/1412 1420/4254/1415 1419/2113/1414
f 1420/2115/1415 1422/4255/1418 1421/2116/1416
f 1421/2118/1416 1422/4256/1418 1418/2119/1417
f 1415/2121/1413 1419/4257/1414 1421/2118/1416
f 1416/2122/1412 1418/4258/1417 1422/2123/1418
f 1423/2125/1419 1432/2129/1423 1443/2126/1420
f 1425/2128/1422 1433/4259/1438 1443/2126/1420
f 1443/2130/1420 1433/4260/1438 1426/2131/1424
f 1443/2130/1420 1434/2132/1425 1424/2133/1426
f 1423/2135/1419 1431/2139/1421 1444/2136/1427
f 1424/2138/1426 1436/4261/1443 1444/2136/1427
f 1444/2136/1427 1436/4261/1443 1428/2140/1429
f 1444/2136/1427 1437/2141/1430 1427/2142/1431
f 1427/2143/1431 1437/2147/1430 1445/2144/1432
f 1428/2146/1429 1439/2170/1444 1445/2144/1432
f 1445/2144/1432 1439/2170/1444 1430/2148/1434
f 1445/2144/1432 1440/2149/1435 1429/2150/1436
f 1425/2151/1422 1441/2155/1439 1446/2152/1437
f 1429/2154/1436 1440/4262/1435 1446/2152/1437
f 1446/2152/1437 1440/4262/1435 1430/2156/1434
f 1446/2152/1437 1442/2157/1440 1426/2158/1424
f 1423/2125/1419 1435/4263/1428 1447/2159/1441
f 1427/2160/1431 1438/4264/1433 1447/2161/1441
f 1447/2161/1441 1438/4264/1433 1429/2163/1436
f 1447/2161/1441 1441/2164/1439 1425/2165/1422
f 1424/2133/1426 1434/2132/1425 1448/2167/1442
f 1426/2131/1424 1442/4265/1440 1448/2167/1442
f 1442/2169/1440 1430/2148/1434 1439/2170/1444
f 1448/2171/1442 1439/2170/1444 1428/2146/1429
f 1451/2173/1445 1452/4266/1452 1450/2174/1446
f 1449/2176/1447 1450/4267/1446 1454/2177/1448
f 1454/2179/1448 1456/4268/1451 1455/2180/1450
f 1451/2182/1445 1455/4269/1450 1456/2183/1451
f 1449/2175/1447 1453/4270/1449 1455/2185/1450
f 1452/2186/1452 1456/4268/1451 1454/2179/1448
f 1502/2188/1453 1505/2194/1457 1504/2189/1454
f 1503/2191/1456 1506/2207/1468 1505/2192/1457
f 1505/2194/1457 1508/2197/1460 1507/2195/1458
f 1505/2194/1457 1506/2208/1468 1509/2196/1459
f 1457/2198/1461 1468/4271/1464 1501/2199/1455
f 1469/2201/1463 1502/2188/1453 1501/2190/1455
f 1470/2203/1465 1503/2205/1456 1502/2188/1453
f 1459/2204/1466 1471/2279/1523 1503/2205/1456
f 1503/2191/1456 1471/4272/1523 1472/2206/1467
f 1506/2208/1468 1472/4273/1467 1473/2209/1469
f 1509/2210/1459 1473/4274/1469 1460/2211/1470
f 1509/2210/1459 1476/2212/1471 1475/2213/1472
f 1508/2214/1460 1475/2213/1472 1474/2215/1473
f 1507/2217/1458 1474/4275/1473 1458/2218/1474
f 1504/2220/1454 1507/2217/1458 1467/2219/1475
f 1501/2199/1455 1504/2220/1454 1466/2221/1476
f 1510/2222/1477 1511/2225/1480 1514/2223/1478
f 1511/2225/1480 1512/2231/1486 1515/2226/1481
f 1513/2224/1479 1514/2223/1478 1517/2227/1482
f 1514/2223/1478 1515/2226/1481 1518/2229/1484
f 1457/2198/1461 1465/2200/1462 1510/2222/1477
f 1465/2200/1462 1466/2221/1476 1511/2225/1480
f 1466/2221/1476 1467/2219/1475 1512/2231/1486
f 1458/2218/1474 1480/4276/1549 1512/2231/1486
f 1512/2231/1486 1480/4276/1549 1481/2232/1487
f 1515/2226/1481 1481/2232/1487 1482/2233/1488
f 1518/2229/1484 1482/2233/1488 1462/2234/1489
f 1517/2227/1482 1518/2229/1484 1485/2235/1490
f 1517/2227/1482 1484/2236/1491 1483/2237/1492
f 1516/2228/1483 1483/2237/1492 1461/2238/1493
f 1478/2240/1495 1513/2224/1479 1516/2228/1483
f 1477/2230/1485 1510/2222/1477 1513/2224/1479
f 1519/2241/1496 1520/2244/1499 1523/2242/1497
f 1520/2244/1499 1521/2256/1504 1524/2245/1500
f 1523/2242/1497 1526/2247/1502 1525/2246/1501
f 1524/2245/1500 1527/2259/1507 1526/2247/1502
f 1461/2248/1493 1483/2251/1492 1519/2249/1496
f 1483/2251/1492 1484/4277/1491 1520/2252/1499
f 1485/2253/1490 1521/2256/1504 1520/2244/1499
f 1462/2255/1489 1489/2257/1505 1521/2256/1504
f 1489/2257/1505 1490/2258/1506 1524/2245/1500
f 1490/2258/1506 1491/2260/1508 1527/2259/1507
f 1491/2260/1508 1464/2331/1528 1494/2261/1509
f 1527/2259/1507 1494/2261/1509 1493/2262/1510
f 1526/2247/1502 1493/2262/1510 1492/2263/1511
f 1525/2264/1501 1492/4278/1511 1463/2265/1512
f 1487/2267/1514 1522/4279/1498 1525/2268/1501
f 1519/2249/1496 1522/4279/1498 1487/2267/1514
f 1528/2270/1515 1529/2274/1519 1532/2271/1516
f 1530/2273/1518 1533/2284/1527 1532/2271/1516
f 1531/2272/1517 1532/2271/1516 1535/2275/1520
f 1532/2271/1516 1533/2284/1527 1536/2277/1522
f 1459/2204/1466 1495/2312/1524 1528/2278/1515
f 1495/2280/1524 1496/2281/1525 1529/2274/1519
f 1496/2281/1525 1497/2282/1526 1530/2273/1518
f 1463/2265/1512 1492/4278/1511 1530/2273/1518
f 1530/2273/1518 1492/4278/1511 1493/2283/1510
f 1533/2284/1527 1493/2283/1510 1494/2285/1509
f 1536/2277/1522 1494/2285/1509 1464/2286/1528
f 1535/2275/1520 1536/2277/1522 1500/2287/1529
f 1534/2276/1521 1535/2275/1520 1499/2288/1530
f 1473/2290/1469 1534/2276/1521 1498/2289/1531
f 1472/2292/1467 1531/2272/1517 1534/2276/1521
f 1471/2293/1523 1528/2270/1515 1531/2272/1517
f 1538/2294/1532 1541/2298/1536 1540/2295/1533
f 1539/2297/1535 1542/2307/1540 1541/2298/1536
f 1541/2298/1536 1544/2301/1539 1543/2299/1537
f 1541/2298/1536 1542/2307/1540 1545/2300/1538
f 1457/2302/1461 1477/4280/1485 1537/2303/1534
f 1477/2304/1485 1478/2305/1495 1538/2294/1532
f 1478/2305/1495 1479/2306/1494 1539/2297/1535
f 1461/2248/1493 1486/2250/1503 1539/2297/1535
f 1486/2250/1503 1487/2267/1514 1542/2307/1540
f 1542/2307/1540 1487/2267/1514 1488/2269/1513
f 1545/2308/1538 1488/2266/1513 1463/2265/1512
f 1544/2309/1539 1545/2308/1538 1497/2282/1526
f 1543/2310/1537 1544/4281/1539 1496/2311/1525
f 1543/2310/1537 1495/2312/1524 1459/2204/1466
f 1540/2313/1533 1543/2310/1537 1470/2203/1465
f 1537/2303/1534 1540/2313/1533 1469/2201/1463
f 1546/2314/1541 1547/2318/1545 1550/2315/1542
f 1548/2317/1544 1551/2327/1548 1550/2315/1542
f 1549/2319/1543 1550/2323/1542 1553/2320/1546
f 1551/2322/1548 1554/2330/1550 1553/2320/1546
f 1458/2324/1474 1474/2215/1473 1546/2314/1541
f 1474/2215/1473 1475/2213/1472 1547/2318/1545
f 1476/2212/1471 1548/2317/1544 1547/2318/1545
f 1460/2211/1470 1498/2326/1531 1548/2317/1544
f 1498/2326/1531 1499/4282/1530 1551/2327/1548
f 1551/2327/1548 1499/4282/1530 1500/2328/1529
f 1554/2330/1550 1500/4283/1529 1464/2331/1528
f 1553/2320/1546 1554/2330/1550 1491/2260/1508
f 1552/2321/1547 1553/2320/1546 1490/2258/1506
f 1552/2321/1547 1489/2257/1505 1462/2255/1489
f 1481/2333/1487 1549/2319/1543 1552/2321/1547
f 1480/2325/1549 1546/2314/1541 1549/2316/1543
f 1557/2335/1551 1558/4284/1558 1556/2336/1552
f 1555/2338/1553 1556/4285/1552 1560/2339/1554
f 1560/2341/1554 1562/4286/1557 1561/2342/1556
f 1557/2344/1551 1561/4287/1556 1562/2345/1557
f 1555/2347/1553 1559/4288/1555 1561/2348/1556
f 1556/2350/1552 1558/4289/1558 1562/2351/1557
f 1607/2353/1559 1608/2356/1562 1611/2354/1560
f 1608/2356/1562 1609/2367/1571 1612/2357/1563
f 1611/2358/1560 1614/2362/1566 1613/2359/1564
f 1611/2358/1560 1612/2372/1563 1615/2361/1565
f 1563/2363/1567 1574/2365/1569 1607/2353/1559
f 1574/2365/1569 1575/2366/1570 1608/2356/1562
f 1575/2366/1570 1576/2369/1573 1609/2367/1571
f 1565/2368/1572 1577/4290/1629 1609/2367/1571
f 1609/2370/1571 1577/2462/1629 1578/2371/1574
f 1612/2372/1563 1578/2371/1574 1579/2373/1575
f 1615/2361/1565 1579/2373/1575 1566/2374/1576
f 1614/2362/1566 1615/2361/1565 1582/2375/1577
f 1614/2377/1566 1581/4291/1578 1580/2378/1579
f 1613/2379/1564 1580/2378/1579 1564/2380/1580
f 1610/2382/1561 1613/2379/1564 1573/2381/1581
f 1571/2364/1568 1607/2353/1559 1610/2355/1561
f 1616/2385/1583 1617/2398/1587 1620/2386/1584
f 1618/2388/1586 1621/4292/1593 1620/2389/1584
f 1619/2391/1585 1620/2389/1584 1623/2392/1588
f 1620/2389/1584 1621/4292/1593 1624/2394/1590
f 1563/2363/1567 1571/2364/1568 1616/2395/1583
f 1572/2383/1582 1617/2398/1587 1616/2385/1583
f 1573/2381/1581 1618/2399/1586 1617/2398/1587
f 1564/2380/1580 1586/2400/1592 1618/2399/1586
f 1586/2400/1592 1587/2495/1656 1621/2401/1593
f 1621/2401/1593 1587/2495/1656 1588/2402/1594
f 1624/2394/1590 1588/4293/1594 1568/2404/1595
f 1623/2392/1588 1624/2394/1590 1591/2405/1596
f 1622/2393/1589 1623/2392/1588 1590/2406/1597
f 1622/2393/1589 1589/2407/1598 1567/2408/1599
f 1584/2410/1601 1619/2391/1585 1622/2393/1589
f 1583/2411/1591 1616/4294/1583 1619/2391/1585
f 1625/2412/1602 1626/2415/1605 1629/2413/1603
f 1626/2415/1605 1627/2424/1611 1630/2416/1606
f 1628/2414/1604 1629/2413/1603 1632/2417/1607
f 1629/2413/1603 1630/2416/1606 1633/2419/1609
f 1567/2408/1599 1589/2407/1598 1625/2420/1602
f 1589/2422/1598 1590/2423/1597 1626/2415/1605
f 1590/2423/1597 1591/2426/1596 1627/2424/1611
f 1568/2425/1595 1595/2493/1655 1627/2424/1611
f 1627/2424/1611 1595/2493/1655 1596/2427/1612
f 1630/2416/1606 1596/2427/1612 1597/2428/1613
f 1633/2419/1609 1597/2428/1613 1570/2429/1614
f 1632/2417/1607 1633/2419/1609 1600/2430/1615
f 1631/2418/1608 1632/2417/1607 1599/2431/1616
f 1631/2433/1608 1598/4295/1617 1569/2434/1618
f 1628/2436/1604 1631/2433/1608 1594/2435/1619
f 1592/2438/1610 1625/4296/1602 1628/2436/1604
f 1634/2439/1621 1635/4297/1625 1638/2440/1622
f 1636/2442/1624 1639/2455/1633 1638/2443/1622
f 1637/2441/1623 1638/2440/1622 1641/2445/1626
f 1638/2440/1622 1639/4298/1633 1642/2447/1628
f 1565/2448/1572 1601/2451/1630 1634/2449/1621
f 1601/2451/1630 1602/2453/1632 1635/2444/1625
f 1603/2452/1631 1636/2442/1624 1635/2444/1625
f 1569/2434/1618 1598/4295/1617 1636/2442/1624
f 1636/2442/1624 1598/4295/1617 1599/2454/1616
f 1599/2454/1616 1600/4299/1615 1642/2456/1628
f 1642/2457/1628 1600/2430/1615 1570/2429/1614
f 1641/2445/1626 1642/2447/1628 1606/2459/1634
f 1640/2446/1627 1641/2445/1626 1605/2460/1635
f 1640/2446/1627 1604/2461/1636 1566/2374/1576
f 1578/2371/1574 1637/2441/1623 1640/2446/1627
f 1577/2462/1629 1634/2439/1621 1637/2441/1623
f 1643/2463/1637 1644/4300/1641 1647/2464/1638
f 1645/2466/1640 1648/2475/1645 1647/2467/1638
f 1647/2464/1638 1650/2476/1644 1649/2469/1642
f 1647/2467/1638 1648/2475/1645 1651/2470/1643
f 1563/2363/1567 1583/2396/1591 1643/2463/1637
f 1584/2472/1601 1644/4300/1641 1643/2463/1637
f 1585/2409/1600 1645/2474/1640 1644/2473/1641
f 1567/2408/1599 1592/2421/1610 1645/2474/1640
f 1645/2466/1640 1592/2438/1610 1593/2437/1620
f 1648/2475/1645 1593/2437/1620 1594/2435/1619
f 1651/2470/1643 1594/2435/1619 1569/2434/1618
f 1650/2471/1644 1651/2470/1643 1603/2452/1631
f 1650/2476/1644 1602/4301/1632 1601/2477/1630
f 1649/2469/1642 1601/2477/1630 1565/2368/1572
f 1646/2465/1639 1649/2469/1642 1576/2369/1573
f 1643/2463/1637 1646/2465/1639 1575/2366/1570
f 1652/2478/1646 1653/2488/1650 1656/2479/1647
f 1654/2481/1649 1657/2486/1652 1656/2482/1647
f 1656/2482/1647 1659/2487/1653 1658/2484/1651
f 1657/2486/1652 1660/2492/1654 1659/2487/1653
f 1564/2380/1580 1580/2378/1579 1652/2478/1646
f 1580/2378/1579 1581/4291/1578 1653/2488/1650
f 1582/2375/1577 1654/2490/1649 1653/2489/1650
f 1566/2374/1576 1604/2461/1636 1654/2490/1649
f 1604/2461/1636 1605/2460/1635 1657/2491/1652
f 1657/2486/1652 1605/4302/1635 1606/2458/1634
f 1660/2492/1654 1606/2458/1634 1570/2429/1614
f 1660/2492/1654 1597/2428/1613 1596/2427/1612
f 1659/2487/1653 1596/2427/1612 1595/2493/1655
f 1658/2484/1651 1595/2493/1655 1568/2425/1595
f 1655/2480/1648 1658/4303/1651 1588/2402/1594
f 1586/2400/1592 1652/2478/1646 1655/2480/1648
f 1661/2496/1657 1663/4304/1664 1664/2497/1658
f 1661/2499/1657 1662/4305/1659 1666/2500/1660
f 1665/2502/1661 1666/4306/1660 1668/2503/1662
f 1663/2505/1664 1667/4307/1663 1668/2506/1662
f 1665/2508/1661 1667/4308/1663 1663/2509/1664
f 1664/2511/1658 1668/4309/1662 1666/2512/1660
f 1669/2514/1665 1678/2518/1669 1689/2515/1666
f 1671/2517/1668 1679/4310/1684 1689/2515/1666
f 1689/2515/1666 1679/4310/1684 1672/2519/1670
f 1689/2521/1666 1680/2554/1671 1670/2522/1672
f 1669/2524/1665 1677/2528/1667 1690/2525/1673
f 1670/2527/1672 1682/4311/1688 1690/2525/1673
f 1690/2525/1673 1682/4311/1688 1674/2529/1675
f 1690/2525/1673 1683/2530/1676 1673/2531/1677
f 1673/2532/1677 1683/4312/1676 1691/2533/1678
f 1674/2535/1675 1685/2559/1690 1691/2536/1678
f 1691/2536/1678 1685/2559/1690 1676/2538/1680
f 1691/2533/1678 1686/4313/1681 1675/2540/1682
f 1671/2541/1668 1687/2545/1685 1692/2542/1683
f 1675/2544/1682 1686/4314/1681 1692/2542/1683
f 1692/2542/1683 1686/4314/1681 1676/2546/1680
f 1692/2542/1683 1688/2547/1686 1672/2548/1670
f 1681/2549/1674 1693/2553/1687 1678/2518/1669
f 1673/2532/1677 1684/2534/1679 1693/2550/1687
f 1684/2534/1679 1675/2540/1682 1687/2552/1685
f 1693/2553/1687 1687/4315/1685 1671/2517/1668
f 1680/2554/1671 1694/2557/1689 1682/2555/1688
f 1672/2556/1670 1688/4316/1686 1694/2557/1689
f 1688/2558/1686 1676/2538/1680 1685/2559/1690
f 1694/2560/1689 1685/2559/1690 1674/2535/1675
f 1697/2562/1691 1698/2572/1697 1696/2563/1692
f 1695/2565/1693 1696/4317/1692 1700/2566/1694
f 1700/2568/1694 1702/4318/2502 1701/2569/1696
f 1701/2571/1696 1702/4319/2502 1698/2572/1697
f 1695/2573/1693 1699/4320/1695 1701/2574/1696
f 1698/2576/1697 1702/4321/2502 1700/2577/1694
f 1703/2579/1698 1705/4322/1704 1706/2580/1699
f 1704/2582/1700 1708/4323/1705 1707/2583/1701
f 1707/2585/1701 1708/4324/1705 1710/2586/1702
f 1709/2588/1703 1710/4325/1702 1706/2589/1699
f 1707/2583/1701 1709/4029/1703 1705/2591/1704
f 1706/2589/1699 1710/4325/1702 1708/2592/1705
f 1711/2594/1706 1720/2598/1710 1731/2595/1707
f 1713/2597/1709 1721/2599/1711 1731/2595/1707
f 1721/2599/1711 1714/4326/1728 1722/2600/1712
f 1731/2595/1707 1722/2600/1712 1712/2601/1713
f 1711/2602/1706 1719/2606/1708 1732/2603/1714
f 1712/2605/1713 1724/2635/1731 1732/2603/1714
f 1732/2603/1714 1724/2635/1731 1716/2607/1716
f 1732/2603/1714 1725/2608/1717 1715/2609/1718
f 1725/2610/1717 1733/2614/1720 1726/2611/1719
f 1716/2613/1716 1727/2615/1721 1733/2614/1720
f 1727/2615/1721 1718/4327/1726 1728/2616/1722
f 1733/2614/1720 1728/2616/1722 1717/2617/1723
f 1713/2618/1709 1729/2622/1725 1734/2619/1724
f 1717/2621/1723 1728/4328/1722 1734/2619/1724
f 1734/2619/1724 1728/4328/1722 1718/2623/1726
f 1721/2620/1711 1734/2619/1724 1730/2624/1727
f 1711/2626/1706 1723/2630/1715 1735/2627/1729
f 1715/2629/1718 1726/4329/1719 1735/2627/1729
f 1735/2627/1729 1726/4329/1719 1717/2631/1723
f 1735/2633/1729 1729/4330/1725 1713/2597/1709
f 1712/2605/1713 1722/4331/1712 1736/2634/1730
f 1714/2636/1728 1730/2639/1727 1736/2637/1730
f 1730/2639/1727 1718/4332/1726 1727/2640/1721
f 1736/2637/1730 1727/2640/1721 1716/2641/1716
f 1737/2643/1732 1746/2647/1736 1757/2644/1733
f 1739/2646/1735 1747/2669/1751 1757/2644/1733
f 1757/2644/1733 1747/2669/1751 1740/2648/1737
f 1757/2644/1733 1748/2649/1738 1738/2650/1739
f 1737/2651/1732 1745/4333/1734 1758/2652/1740
f 1738/2654/1739 1750/4334/1755 1758/2655/1740
f 1758/2655/1740 1750/4334/1755 1742/2657/1742
f 1758/2655/1740 1751/2658/1743 1741/2659/1744
f 1751/2658/1743 1759/2662/1746 1752/2661/1745
f 1742/2657/1742 1753/4335/1757 1759/2662/1746
f 1759/2663/1746 1753/4336/1757 1744/2664/1747
f 1752/2661/1745 1759/2662/1746 1754/2666/1748
f 1739/2646/1735 1755/4337/1752 1760/2668/1750
f 1743/2670/1749 1754/2665/1748 1760/2671/1750
f 1760/2671/1750 1754/2665/1748 1744/2664/1747
f 1760/2668/1750 1756/4338/1753 1740/2648/1737
f 1749/2674/1741 1761/2678/1754 1746/2675/1736
f 1741/2677/1744 1752/2679/1745 1761/2678/1754
f 1752/2679/1745 1743/4339/1749 1755/2680/1752
f 1761/2678/1754 1755/2680/1752 1739/2681/1735
f 1748/2682/1738 1762/2686/1756 1750/2683/1755
f 1740/2685/1737 1756/2687/1753 1762/2686/1756
f 1756/2687/1753 1744/4340/1747 1753/2688/1757
f 1762/2686/1756 1753/2688/1757 1742/2689/1742
f 1765/2690/1758 1766/4341/1764 1764/2691/1759
f 1764/2693/1759 1768/4342/1762 1767/2694/1761
f 1768/2696/1762 1770/4343/1765 1769/2697/1763
f 1769/2699/1763 1770/1878/1765 1766/2700/1764
f 1767/2702/1761 1769/4344/1763 1765/2703/1758
f 1764/2705/1759 1766/4345/1764 1770/2706/1765
f 1773/2708/1766 1774/4346/1772 1772/2709/1767
f 1771/2711/1768 1772/4347/1767 1776/2712/1769
f 1776/2714/1769 1778/4348/2503 1777/2715/1771
f 1777/2717/1771 1778/4349/2503 1774/2718/1772
f 1775/2720/1770 1777/4350/1771 1773/2721/1766
f 1774/2723/1772 1778/4351/2503 1776/2724/1769
f 1779/2726/1773 1781/4352/1780 1782/2727/1774
f 1779/2729/1773 1780/4353/1775 1784/2730/1776
f 1783/2732/1777 1784/4354/1776 1786/2733/1778
f 1781/2735/1780 1785/4355/1779 1786/2736/1778
f 1783/2738/1777 1785/4356/1779 1781/2739/1780
f 1782/2741/1774 1786/4357/1778 1784/2742/1776
f 1789/2744/1781 1790/4358/1787 1788/2745/1782
f 1788/2747/1782 1792/2758/1785 1791/2748/1784
f 1792/2750/1785 1794/4359/1788 1793/2751/1786
f 1793/2753/1786 1794/4360/1788 1790/2754/1787
f 1787/2756/1783 1791/4361/1784 1793/2753/1786
f 1788/2747/1782 1790/4362/1787 1794/2757/1788
f 1795/2759/1789 1797/4363/1795 1798/2760/1790
f 1796/2762/1791 1800/4364/1796 1799/2763/1792
f 1799/2765/1792 1800/4365/1796 1802/2766/1793
f 1801/2768/1794 1802/4366/1793 1798/2769/1790
f 1799/2771/1792 1801/4367/1794 1797/2772/1795
f 1798/2774/1790 1802/4368/1793 1800/2775/1796
f 1803/2777/1797 1812/2781/1801 1823/2778/1798
f 1805/2780/1800 1813/4369/1816 1823/2778/1798
f 1823/2778/1798 1813/4369/1816 1806/2782/1802
f 1823/2778/1798 1814/2783/1803 1804/2784/1804
f 1803/2785/1797 1811/2789/1799 1824/2786/1805
f 1804/2788/1804 1816/4370/1821 1824/2786/1805
f 1824/2786/1805 1816/4370/1821 1808/2790/1807
f 1824/2786/1805 1817/2791/1808 1807/2792/1809
f 1807/2793/1809 1817/2797/1808 1825/2794/1810
f 1808/2796/1807 1819/4371/1822 1825/2794/1810
f 1825/2794/1810 1819/4371/1822 1810/2798/1812
f 1825/2794/1810 1820/2799/1813 1809/2800/1814
f 1805/2801/1800 1821/2805/1817 1826/2802/1815
f 1809/2804/1814 1820/4372/1813 1826/2802/1815
f 1826/2802/1815 1820/4372/1813 1810/2806/1812
f 1826/2802/1815 1822/2807/1818 1806/2808/1802
f 1803/2809/1797 1815/2813/1806 1827/2810/1819
f 1807/2812/1809 1818/4373/1811 1827/2810/1819
f 1827/2810/1819 1818/4373/1811 1809/2814/1814
f 1827/2810/1819 1821/2815/1817 1805/2816/1800
f 1804/2817/1804 1814/2820/1803 1828/2818/1820
f 1814/2820/1803 1806/4374/1802 1822/2821/1818
f 1828/2818/1820 1822/2821/1818 1810/2822/1812
f 1816/2819/1821 1828/2818/1820 1819/2823/1822
f 1831/2825/1823 1832/4375/1830 1830/2826/1824
f 1829/2828/1825 1830/4376/1824 1834/2829/1826
f 1834/2831/1826 1836/4377/1829 1835/2832/1828
f 1831/2834/1823 1835/4378/1828 1836/2835/1829
f 1833/2837/1827 1835/4379/1828 1831/2838/1823
f 1832/2840/1830 1836/4377/1829 1834/2831/1826
f 1839/2842/1831 1840/2850/1838 1838/2843/1832
f 1837/2845/1833 1838/4380/1832 1842/2846/1834
f 1842/2846/1834 1844/4381/1837 1843/2848/1836
f 1839/2842/1831 1843/4382/1836 1844/2849/1837
f 1837/2851/1833 1841/4383/1835 1843/2852/1836
f 1838/2854/1832 1840/4384/1838 1844/2855/1837
f 1854/2857/1839 1865/2861/1843 1853/2858/1840
f 1847/2860/1842 1855/4385/1858 1865/2861/1843
f 1865/2861/1843 1855/4385/1858 1848/2862/1844
f 1865/2861/1843 1856/2863/1845 1846/2864/1846
f 1845/2865/1841 1853/2869/1840 1866/2866/1847
f 1846/2868/1846 1858/4386/1864 1866/2866/1847
f 1866/2870/1847 1858/2901/1864 1850/2871/1849
f 1866/2866/1847 1859/4387/1850 1849/2873/1851
f 1849/2874/1851 1859/2878/1850 1867/2875/1852
f 1850/2877/1849 1861/4388/1854 1867/2875/1852
f 1861/2879/1854 1852/2889/1860 1862/2880/1855
f 1867/2875/1852 1862/4389/1855 1851/2882/1856
f 1847/2883/1842 1863/2886/1859 1868/2884/1857
f 1863/2886/1859 1851/2898/1856 1862/2887/1855
f 1868/2888/1857 1862/2880/1855 1852/2889/1860
f 1868/2888/1857 1864/2890/1861 1848/2891/1844
f 1845/2893/1841 1857/2897/1848 1869/2894/1862
f 1849/2896/1851 1860/4390/1853 1869/2894/1862
f 1869/2894/1862 1860/4390/1853 1851/2898/1856
f 1854/2895/1839 1869/2894/1862 1863/2886/1859
f 1846/2899/1846 1856/2903/1845 1870/2900/1863
f 1848/2902/1844 1864/4391/1861 1870/2900/1863
f 1870/2900/1863 1864/4391/1861 1852/2904/1860
f 1870/2900/1863 1861/2905/1854 1850/2871/1849
f 1871/2906/1865 1880/2909/1868 1891/2907/1866
f 1880/2909/1868 1873/4392/1885 1881/2910/1869
f 1891/2907/1866 1881/2910/1869 1874/2911/1870
f 1891/2907/1866 1882/2912/1871 1872/2913/1872
f 1871/2914/1865 1879/2918/1867 1892/2915/1873
f 1872/2917/1872 1884/4393/1889 1892/2915/1873
f 1892/2915/1873 1884/4393/1889 1876/2919/1875
f 1892/2915/1873 1885/2920/1876 1875/2921/1877
f 1875/2922/1877 1885/2925/1876 1893/2923/1878
f 1885/2925/1876 1876/4394/1875 1887/2926/1880
f 1893/2923/1878 1887/2926/1880 1878/2927/1881
f 1893/2923/1878 1888/2928/1882 1877/2929/1883
f 1889/2930/1884 1894/2934/1886 1881/2931/1869
f 1877/2933/1883 1888/4395/1882 1894/2934/1886
f 1894/2934/1886 1888/4395/1882 1878/2935/1881
f 1894/2934/1886 1890/2936/1887 1874/2937/1870
f 1883/2938/1874 1895/2942/1888 1880/2939/1868
f 1875/2941/1877 1886/2943/1879 1895/2942/1888
f 1886/2943/1879 1877/4396/1883 1889/2944/1884
f 1895/2942/1888 1889/2944/1884 1873/2945/1885
f 1882/2946/1871 1896/2950/1890 1884/2947/1889
f 1874/2949/1870 1890/2951/1887 1896/2950/1890
f 1890/2951/1887 1878/4397/1881 1887/2952/1880
f 1896/2950/1890 1887/2952/1880 1876/2953/1875
f 1897/2954/1891 1906/2958/1895 1917/2955/1892
f 1899/2957/1894 1907/4398/1910 1917/2955/1892
f 1917/2955/1892 1907/4398/1910 1900/2959/1896
f 1917/2955/1892 1908/2960/1897 1898/2961/1898
f 1897/2962/1891 1905/4399/1893 1918/2963/1899
f 1898/2965/1898 1910/2994/1916 1918/2966/1899
f 1918/2966/1899 1910/2994/1916 1902/2968/1901
f 1918/2963/1899 1911/4400/1902 1901/2970/1903
f 1901/2971/1903 1911/2975/1902 1919/2972/1904
f 1902/2974/1901 1913/2976/1906 1919/2972/1904
f 1913/2976/1906 1904/4401/1912 1914/2977/1907
f 1919/2972/1904 1914/2977/1907 1903/2978/1908
f 1899/2979/1894 1915/2983/1911 1920/2980/1909
f 1903/2982/1908 1914/4402/1907 1920/2980/1909
f 1920/2984/1909 1914/4403/1907 1904/2985/1912
f 1920/2984/1909 1916/2986/1913 1900/2987/1896
f 1897/2962/1891 1909/2964/1900 1921/2989/1914
f 1901/2970/1903 1912/4404/1905 1921/2989/1914
f 1921/2991/1914 1912/4405/1905 1903/2982/1908
f 1921/2991/1914 1915/2983/1911 1899/2979/1894
f 1898/2965/1898 1908/4406/1897 1922/2993/1915
f 1900/2987/1896 1916/2986/1913 1922/2995/1915
f 1916/2986/1913 1904/2985/1912 1913/2997/1906
f 1922/2993/1915 1913/4407/1906 1902/2968/1901
f 1923/2998/1917 1925/4408/1923 1926/2999/1918
f 1924/3001/1919 1928/4409/1924 1927/3002/1920
f 1927/3004/1920 1928/4410/1924 1930/3005/1921
f 1929/3007/1922 1930/4411/1921 1926/3008/1918
f 1923/3010/1917 1927/4412/1920 1929/3011/1922
f 1924/3013/1919 1926/4413/1918 1930/3014/1921
f 1931/3016/1925 1940/3019/1928 1951/3017/1926
f 1940/3019/1928 1933/4414/1944 1941/3020/1929
f 1951/3017/1926 1941/3020/1929 1934/3021/1930
f 1939/3018/1927 1951/3017/1926 1942/3022/1931
f 1931/3024/1925 1939/3028/1927 1952/3025/1933
f 1932/3027/1932 1944/4415/1950 1952/3025/1933
f 1952/3025/1933 1944/4415/1950 1936/3029/1935
f 1952/3025/1933 1945/3030/1936 1935/3031/1937
f 1935/3032/1937 1945/3035/1936 1953/3033/1938
f 1945/3035/1936 1936/4416/1935 1947/3036/1940
f 1953/3033/1938 1947/3036/1940 1938/3037/1941
f 1953/3033/1938 1948/3038/1942 1937/3039/1943
f 1933/3040/1944 1949/4417/1946 1954/3041/1945
f 1937/3043/1943 1948/4418/1942 1954/3044/1945
f 1954/3044/1945 1948/4418/1942 1938/3046/1941
f 1954/3044/1945 1950/3047/1947 1934/3048/1930
f 1931/3024/1925 1943/3026/1934 1955/3050/1948
f 1935/3031/1937 1946/4419/1939 1955/3050/1948
f 1955/3052/1948 1946/3034/1939 1937/3039/1943
f 1955/3054/1948 1949/4417/1946 1933/3040/1944
f 1932/3023/1932 1942/3022/1931 1956/3056/1949
f 1934/3021/1930 1950/4420/1947 1956/3056/1949
f 1956/3058/1949 1950/3047/1947 1938/3046/1941
f 1956/3060/1949 1947/4421/1940 1936/3061/1935
f 1957/3063/1951 1959/3076/1957 1960/3064/1952
f 1957/3066/1951 1958/4422/1953 1962/3067/1954
f 1962/3069/1954 1964/3078/1958 1963/3070/1956
f 1959/3072/1957 1963/4423/1956 1964/3073/1958
f 1957/3063/1951 1961/4424/1955 1963/3075/1956
f 1958/3077/1953 1960/4425/1952 1964/3078/1958
f 1965/3079/1959 1967/4426/1965 1968/3080/1960
f 1965/3082/1959 1966/4427/1961 1970/3083/1962
f 1970/3085/1962 1972/4428/2504 1971/3086/1964
f 1971/3088/1964 1972/4429/2504 1968/3089/1960
f 1969/3091/1963 1971/4430/1964 1967/3092/1965
f 1968/3094/1960 1972/4431/2504 1970/3095/1962
f 1973/3097/1966 1975/4432/1972 1976/3098/1967
f 1973/3100/1966 1974/4433/1968 1978/3101/1969
f 1978/3103/1969 1980/4434/1973 1979/3104/1971
f 1975/3106/1972 1979/4435/1971 1980/3107/1973
f 1977/3109/1970 1979/4436/1971 1975/3110/1972
f 1976/3112/1967 1980/4434/1973 1978/3103/1969
f 1981/3114/1974 1990/3118/1978 2001/3115/1975
f 1983/3117/1977 1991/4437/1993 2001/3115/1975
f 2001/3119/1975 1991/4438/1993 1984/3120/1979
f 2001/3119/1975 1992/3121/1980 1982/3122/1981
f 1981/3124/1974 1989/3128/1976 2002/3125/1982
f 1982/3127/1981 1994/4439/1998 2002/3125/1982
f 2002/3125/1982 1994/4439/1998 1986/3129/1984
f 2002/3125/1982 1995/3130/1985 1985/3131/1986
f 1985/3132/1986 1995/4440/1985 2003/3133/1987
f 1986/3135/1984 1997/4441/1999 2003/3136/1987
f 2003/3136/1987 1997/4441/1999 1988/3138/1989
f 2003/3133/1987 1998/4442/1990 1987/3140/1991
f 1983/3141/1977 1999/3145/1994 2004/3142/1992
f 1987/3144/1991 1998/4443/1990 2004/3142/1992
f 2004/3142/1992 1998/4443/1990 1988/3146/1989
f 2004/3142/1992 2000/3147/1995 1984/3148/1979
f 1981/3149/1974 1993/3152/1983 2005/3150/1996
f 1993/3152/1983 1985/3132/1986 1996/3134/1988
f 2005/3150/1996 1996/3134/1988 1987/3140/1991
f 2005/3154/1996 1999/4444/1994 1983/3117/1977
f 1982/3122/1981 1992/3121/1980 2006/3155/1997
f 1984/3120/1979 2000/4445/1995 2006/3155/1997
f 2006/3155/1997 2000/4445/1995 1988/3157/1989
f 2006/3155/1997 1997/3158/1999 1986/3159/1984
f 2007/3160/2000 2016/3164/2004 2027/3161/2001
f 2009/3163/2003 2017/4446/2005 2027/3161/2001
f 2017/3165/2005 2010/3200/2021 2018/3166/2006
f 2027/3167/2001 2018/3166/2006 2008/3168/2007
f 2007/3170/2000 2015/4447/2002 2028/3171/2008
f 2008/3168/2007 2020/3199/2023 2028/3173/2008
f 2028/3171/2008 2020/4448/2023 2012/3174/2010
f 2028/3171/2008 2021/3175/2011 2011/3176/2012
f 2011/3177/2012 2021/4449/2011 2029/3178/2013
f 2012/3180/2010 2023/3203/2025 2029/3181/2013
f 2029/3181/2013 2023/3203/2025 2014/3183/2015
f 2029/3178/2013 2024/4450/2016 2013/3185/2017
f 2025/3186/2018 2030/3191/2019 2017/3187/2005
f 2013/3185/2017 2024/4450/2016 2030/3189/2019
f 2030/3191/2019 2024/4451/2016 2014/3192/2015
f 2030/3191/2019 2026/3193/2020 2010/3194/2021
f 2019/3195/2009 2031/3198/2022 2016/3164/2004
f 2011/3176/2012 2022/4452/2014 2031/3196/2022
f 2022/3179/2014 2013/3185/2017 2025/3190/2018
f 2031/3198/2022 2025/4453/2018 2009/3163/2003
f 2018/3166/2006 2032/3201/2024 2020/3199/2023
f 2010/3200/2021 2026/4454/2020 2032/3201/2024
f 2032/3202/2024 2026/4455/2020 2014/3183/2015
f 2032/3202/2024 2023/3203/2025 2012/3180/2010
f 2033/3205/2026 2042/3209/2030 2053/3206/2027
f 2035/3208/2029 2043/4456/2046 2053/3206/2027
f 2053/3206/2027 2043/4456/2046 2036/3210/2031
f 2041/3207/2028 2053/3206/2027 2044/3211/2032
f 2041/3213/2028 2054/3220/2035 2045/3214/2034
f 2034/3212/2033 2046/3248/2036 2054/3216/2035
f 2046/3217/2036 2038/3225/2041 2047/3218/2037
f 2054/3220/2035 2047/4457/2037 2037/3221/2038
f 2037/3222/2038 2047/4458/2037 2055/3223/2039
f 2038/3225/2041 2049/4459/2051 2055/3226/2039
f 2055/3223/2039 2049/4460/2051 2040/3227/2042
f 2055/3223/2039 2050/3228/2043 2039/3229/2044
f 2051/3230/2045 2056/3234/2047 2043/3231/2046
f 2039/3233/2044 2050/4461/2043 2056/3234/2047
f 2050/3235/2043 2040/3250/2042 2052/3236/2048
f 2056/3237/2047 2052/3236/2048 2036/3238/2031
f 2033/3215/2026 2045/3214/2034 2057/3240/2049
f 2045/3242/2034 2037/3222/2038 2048/3224/2040
f 2057/3243/2049 2048/3224/2040 2039/3229/2044
f 2057/3243/2049 2051/3244/2045 2035/3245/2029
f 2034/3212/2033 2044/3211/2032 2058/3247/2050
f 2036/3210/2031 2052/4462/2048 2058/3247/2050
f 2058/3249/2050 2052/3236/2048 2040/3250/2042
f 2058/3247/2050 2049/4463/2051 2038/3252/2041
f 2059/3253/2052 2061/4464/2058 2062/3254/2053
f 2060/3256/2054 2064/2759/2056 2063/3257/2055
f 2064/3259/2056 2066/4465/2505 2065/3260/2057
f 2065/3262/2057 2066/4466/2505 2062/3263/2053
f 2063/3265/2055 2065/4467/2057 2061/3266/2058
f 2062/3268/2053 2066/4468/2505 2064/3269/2056
f 2067/3271/2059 2069/4057/2065 2070/3272/2060
f 2068/3274/2061 2072/3285/2063 2071/3275/2062
f 2072/3277/2063 2074/4469/2506 2073/3278/2064
f 2073/3280/2064 2074/4470/2506 2070/3281/2060
f 2067/3283/2059 2071/4471/2062 2073/3280/2064
f 2070/3284/2060 2074/4472/2506 2072/3285/2063
f 2077/3286/2066 2078/4473/2072 2076/3287/2067
f 2075/3289/2068 2076/4474/2067 2080/3290/2069
f 2080/3292/2069 2082/4475/2073 2081/3293/2071
f 2081/3295/2071 2082/4476/2073 2078/3296/2072
f 2075/3298/2068 2079/4477/2070 2081/3299/2071
f 2076/3301/2067 2078/4478/2072 2082/3302/2073
f 2127/3304/2074 2128/3307/2077 2131/3305/2075
f 2128/3307/2077 2129/3323/2088 2132/3308/2078
f 2130/3306/2076 2131/3305/2075 2134/3309/2079
f 2131/3305/2075 2132/3308/2078 2135/3311/2081
f 2083/3312/2082 2094/3425/2085 2127/3313/2074
f 2095/3315/2084 2128/3307/2077 2127/3304/2074
f 2096/3317/2086 2129/3321/2088 2128/3318/2077
f 2085/3320/2087 2097/4479/2089 2129/3321/2088
f 2097/3322/2089 2098/3412/2151 2132/3308/2078
f 2132/3308/2078 2098/3412/2151 2099/3324/2090
f 2135/3311/2081 2099/3324/2090 2086/3325/2091
f 2134/3309/2079 2135/3311/2081 2102/3326/2092
f 2134/3309/2079 2101/3327/2093 2100/3328/2094
f 2133/3310/2080 2100/3328/2094 2084/3329/2095
f 2130/3306/2076 2133/3310/2080 2093/3330/2096
f 2091/3314/2083 2127/3313/2074 2130/3332/2076
f 2137/3334/2098 2140/3338/2102 2139/3335/2099
f 2138/3337/2101 2141/3340/2104 2140/3338/2102
f 2140/3338/2102 2143/3341/2105 2142/3339/2103
f 2141/3340/2104 2144/3349/2109 2143/3341/2105
f 2091/3314/2083 2136/4480/2100 2103/3342/2106
f 2091/3343/2083 2092/3345/2097 2137/3334/2098
f 2093/3344/2096 2138/3337/2101 2137/3334/2098
f 2084/3346/2095 2106/4481/2169 2138/3337/2101
f 2138/3337/2101 2106/4481/2169 2107/3347/2107
f 2141/3340/2104 2107/3347/2107 2108/3348/2108
f 2144/3350/2109 2108/3454/2108 2088/3351/2110
f 2144/3353/2109 2111/4482/2111 2110/3354/2112
f 2143/3355/2105 2110/3354/2112 2109/3356/2113
f 2142/3357/2103 2109/3356/2113 2087/3358/2114
f 2139/3360/2099 2142/3357/2103 2105/3359/2115
f 2136/3362/2100 2139/3360/2099 2104/3361/2116
f 2145/3364/2117 2146/3374/2121 2149/3365/2118
f 2147/3367/2120 2150/3377/2127 2149/3368/2118
f 2149/3365/2118 2152/4483/2124 2151/3370/2122
f 2149/3368/2118 2150/3377/2127 2153/3371/2123
f 2087/3358/2114 2109/3356/2113 2145/3364/2117
f 2109/3356/2113 2110/3354/2112 2146/3374/2121
f 2111/3352/2111 2147/3367/2120 2146/3369/2121
f 2088/3351/2110 2115/3376/2126 2147/3367/2120
f 2115/3376/2126 2116/3378/2128 2150/3377/2127
f 2116/3378/2128 2117/3453/2171 2153/3371/2123
f 2153/3371/2123 2117/3453/2171 2090/3379/2129
f 2152/3372/2124 2153/3371/2123 2120/3380/2130
f 2152/3382/2124 2119/4484/2131 2118/3383/2132
f 2151/3384/2122 2118/3383/2132 2089/3385/2133
f 2113/3387/2135 2148/3366/2119 2151/3370/2122
f 2112/3373/2125 2145/3364/2117 2148/3366/2119
f 2154/3389/2136 2155/3393/2140 2158/3390/2137
f 2156/3392/2139 2159/3395/2142 2158/3390/2137
f 2158/3390/2137 2161/3396/2143 2160/3394/2141
f 2159/3395/2142 2162/3403/2147 2161/3396/2143
f 2085/3397/2087 2121/3399/2144 2154/3389/2136
f 2121/3399/2144 2122/3401/2146 2155/3393/2140
f 2123/3400/2145 2156/3392/2139 2155/3393/2140
f 2089/3385/2133 2118/3383/2132 2156/3392/2139
f 2118/3383/2132 2119/4484/2131 2159/3395/2142
f 2159/3395/2142 2119/4484/2131 2120/3402/2130
f 2120/3380/2130 2090/3379/2129 2126/3404/2148
f 2162/3405/2147 2126/3404/2148 2125/3406/2149
f 2161/3396/2143 2125/4485/2149 2124/3408/2150
f 2160/3394/2141 2124/3408/2150 2086/3409/2091
f 2157/3411/2138 2160/4486/2141 2099/3324/2090
f 2097/3398/2089 2154/3389/2136 2157/3391/2138
f 2163/3414/2152 2164/3426/2155 2167/3415/2153
f 2164/3417/2155 2165/3428/2160 2168/3418/2156
f 2166/3420/2154 2167/3419/2153 2170/3421/2157
f 2167/3419/2153 2168/3418/2156 2171/3423/2159
f 2083/3312/2082 2103/3342/2106 2163/3424/2152
f 2103/3363/2106 2104/3361/2116 2164/3426/2155
f 2104/3427/2116 2105/3429/2115 2165/3428/2160
f 2105/3429/2115 2087/4487/2114 2112/3430/2125
f 2165/3431/2160 2112/3373/2125 2113/3387/2135
f 2168/3432/2156 2113/3387/2135 2114/3388/2134
f 2171/3434/2159 2114/3386/2134 2089/3385/2133
f 2170/3435/2157 2171/3434/2159 2123/3400/2145
f 2169/3422/2158 2170/3421/2157 2122/3436/2146
f 2169/3422/2158 2121/3437/2144 2085/3320/2087
f 2095/3319/2084 2166/3420/2154 2169/3422/2158
f 2094/3425/2085 2163/3424/2152 2166/3420/2154
f 2172/3438/2161 2173/3441/2164 2176/3439/2162
f 2173/3441/2164 2174/3452/2170 2177/3442/2165
f 2175/3440/2163 2176/3439/2162 2179/3443/2166
f 2176/3439/2162 2177/3442/2165 2180/3445/2168
f 2084/3446/2095 2100/3448/2094 2172/3438/2161
f 2100/3448/2094 2101/4488/2093 2173/3441/2164
f 2101/3327/2093 2102/3326/2092 2174/3449/2170
f 2102/3326/2092 2086/3325/2091 2124/3451/2150
f 2174/3452/2170 2124/4489/2150 2125/3406/2149
f 2177/3442/2165 2125/3406/2149 2126/3404/2148
f 2180/3445/2168 2126/3404/2148 2090/3379/2129
f 2179/3443/2166 2180/3445/2168 2117/3453/2171
f 2178/3444/2167 2179/3443/2166 2116/3378/2128
f 2108/3454/2108 2178/3444/2167 2115/3376/2126
f 2107/3455/2107 2175/3440/2163 2178/3444/2167
f 2106/3447/2169 2172/3438/2161 2175/3440/2163
f 2183/3456/2172 2184/4490/2178 2182/3457/2173
f 2182/3459/2173 2186/4491/2179 2185/3460/2175
f 2185/3462/2175 2186/4492/2179 2188/3463/2176
f 2183/3465/2172 2187/4493/2177 2188/3466/2176
f 2185/3468/2175 2187/4494/2177 2183/3469/2172
f 2182/3471/2173 2184/4495/2178 2188/3472/2176
f 2189/3474/2180 2191/4496/2187 2192/3475/2181
f 2189/3477/2180 2190/4497/2182 2194/3478/2183
f 2193/3480/2184 2194/4498/2183 2196/3481/2185
f 2191/3483/2187 2195/4499/2186 2196/3484/2185
f 2189/3486/2180 2193/4500/2184 2195/3487/2186
f 2190/3489/2182 2192/4501/2181 2196/3490/2185
f 2199/3492/2188 2200/4502/2195 2198/3493/2189
f 2197/3495/2190 2198/4503/2189 2202/3496/2191
f 2201/3498/2192 2202/4504/2191 2204/3499/2193
f 2199/3501/2188 2203/4505/2194 2204/3502/2193
f 2197/3504/2190 2201/4506/2192 2203/3505/2194
f 2198/3507/2189 2200/4507/2195 2204/3508/2193
f 2205/3510/2196 2207/3523/2202 2208/3511/2197
f 2206/3513/2198 2210/4225/2203 2209/3514/2199
f 2209/3516/2199 2210/3525/2203 2212/3517/2200
f 2207/3519/2202 2211/4508/2201 2212/3520/2200
f 2205/3510/2196 2209/4509/2199 2211/3522/2201
f 2206/3524/2198 2208/4510/2197 2212/3517/2200
f 2215/3526/2204 2216/4511/2211 2214/3527/2205
f 2214/3529/2205 2218/4512/2208 2217/3530/2207
f 2218/3532/2208 2220/4513/2210 2219/3533/2209
f 2215/3535/2204 2219/4514/2209 2220/3536/2210
f 2217/3538/2207 2219/4515/2209 2215/3539/2204
f 2214/3541/2205 2216/2512/2211 2220/3542/2210
f 2221/3544/2212 2230/3548/2216 2241/3545/2213
f 2223/3547/2215 2231/4516/2231 2241/3545/2213
f 2241/3545/2213 2231/4516/2231 2224/3549/2217
f 2241/3545/2213 2232/3550/2218 2222/3551/2219
f 2221/3552/2212 2229/3556/2214 2242/3553/2220
f 2222/3555/2219 2234/4517/2236 2242/3553/2220
f 2242/3553/2220 2234/4517/2236 2226/3557/2222
f 2242/3553/2220 2235/3558/2223 2225/3559/2224
f 2225/3560/2224 2235/3564/2223 2243/3561/2225
f 2226/3563/2222 2237/4518/2237 2243/3561/2225
f 2243/3561/2225 2237/4518/2237 2228/3565/2227
f 2243/3561/2225 2238/3566/2228 2227/3567/2229
f 2223/3568/2215 2239/3572/2232 2244/3569/2230
f 2227/3571/2229 2238/4519/2228 2244/3569/2230
f 2244/3569/2230 2238/4519/2228 2228/3573/2227
f 2231/3570/2231 2244/3569/2230 2240/3574/2233
f 2233/3576/2221 2245/3580/2234 2230/3577/2216
f 2225/3579/2224 2236/4520/2226 2245/3580/2234
f 2245/3580/2234 2236/4520/2226 2227/3581/2229
f 2245/3580/2234 2239/3582/2232 2223/3583/2215
f 2222/3584/2219 2232/3588/2218 2246/3585/2235
f 2224/3587/2217 2240/3589/2233 2246/3585/2235
f 2240/3589/2233 2228/4521/2227 2237/3590/2237
f 2246/3585/2235 2237/3590/2237 2226/3591/2222
f 2247/3592/2238 2249/4522/2245 2250/3593/2239
f 2247/3595/2238 2248/4523/2240 2252/3596/2241
f 2251/3598/2242 2252/3608/2241 2254/3599/2243
f 2249/3601/2245 2253/4524/2244 2254/3602/2243
f 2247/3604/2238 2251/4525/2242 2253/3605/2244
f 2248/3607/2240 2250/4526/2239 2254/3599/2243
f 2299/3609/2246 2300/3612/2249 2303/3610/2247
f 2300/3612/2249 2301/4527/2258 2304/3613/2250
f 2302/3611/2248 2303/3610/2247 2306/3614/2251
f 2303/3610/2247 2304/3613/2250 2307/3616/2253
f 2255/3617/2254 2266/4528/2256 2299/3609/2246
f 2266/3619/2256 2267/3622/2257 2300/3620/2249
f 2267/3622/2257 2268/3625/2260 2301/3623/2258
f 2257/3624/2259 2269/3626/2261 2301/3623/2258
f 2269/3626/2261 2270/4529/2324 2304/3627/2250
f 2304/3628/2250 2270/3720/2324 2271/3629/2262
f 2307/3630/2253 2271/3629/2262 2258/3631/2263
f 2306/3633/2251 2307/3630/2253 2274/3632/2264
f 2305/3635/2252 2306/4530/2251 2273/3636/2265
f 2265/3638/2267 2305/3615/2252 2272/3639/2266
f 2264/3641/2269 2302/3611/2248 2305/3615/2252
f 2263/3618/2255 2299/3609/2246 2302/3611/2248
f 2309/3642/2270 2312/3648/2274 2311/3643/2271
f 2310/3645/2273 2313/4531/2276 2312/3646/2274
f 2312/3648/2274 2315/3651/2277 2314/3649/2275
f 2313/3650/2276 2316/3661/2281 2315/3651/2277
f 2263/3618/2255 2308/3653/2272 2275/3652/2278
f 2264/3641/2269 2309/3647/2270 2308/3653/2272
f 2265/3638/2267 2310/3645/2273 2309/3647/2270
f 2256/3640/2268 2278/3747/2279 2310/3645/2273
f 2278/3654/2279 2279/3657/2280 2313/3655/2276
f 2279/3657/2280 2280/3659/2282 2316/3658/2281
f 2280/3659/2282 2260/3680/2298 2283/3660/2283
f 2316/3661/2281 2283/3679/2283 2282/3662/2284
f 2315/3651/2277 2282/3662/2284 2281/3663/2285
f 2314/3649/2275 2281/3663/2285 2259/3664/2286
f 2311/3643/2271 2314/3649/2275 2277/3665/2287
f 2308/3644/2272 2311/3643/2271 2276/3666/2288
f 2317/3668/2289 2318/3671/2292 2321/3669/2290
f 2318/3671/2292 2319/4532/2299 2322/3672/2293
f 2320/3673/2291 2321/3676/2290 2324/3674/2294
f 2321/3676/2290 2322/3684/2293 2325/3677/2296
f 2259/3664/2286 2281/3663/2285 2317/3668/2289
f 2281/3663/2285 2282/3662/2284 2318/3671/2292
f 2283/3679/2283 2319/4532/2299 2318/3671/2292
f 2260/3680/2298 2287/3754/2343 2319/3681/2299
f 2319/3681/2299 2287/3754/2343 2288/3682/2300
f 2322/3684/2293 2288/4533/2300 2289/3685/2301
f 2325/3677/2296 2289/3685/2301 2262/3686/2302
f 2324/3674/2294 2325/3677/2296 2292/3687/2303
f 2323/3675/2295 2324/3674/2294 2291/3688/2304
f 2286/3690/2306 2323/3675/2295 2290/3689/2305
f 2285/3692/2308 2320/3670/2291 2323/3693/2295
f 2284/3678/2297 2317/3668/2289 2320/3670/2291
f 2327/3695/2309 2330/3701/2313 2329/3696/2310
f 2328/3698/2312 2331/3712/2315 2330/3699/2313
f 2330/3701/2313 2333/3704/2316 2332/3702/2314
f 2331/3703/2315 2334/3717/2320 2333/3704/2316
f 2293/3705/2317 2326/3707/2311 2269/3626/2261
f 2294/3706/2318 2327/3709/2309 2326/3707/2311
f 2295/3708/2319 2328/3711/2312 2327/3709/2309
f 2261/3710/2307 2290/4534/2305 2328/3711/2312
f 2290/3689/2305 2291/3688/2304 2331/3712/2315
f 2291/3688/2304 2292/3687/2303 2334/3713/2320
f 2292/3714/2303 2262/3752/2302 2298/3715/2321
f 2334/3717/2320 2298/4535/2321 2297/3718/2322
f 2333/3704/2316 2297/3718/2322 2296/3719/2323
f 2332/3702/2314 2296/3719/2323 2258/3631/2263
f 2329/3696/2310 2332/3702/2314 2271/3629/2262
f 2326/3697/2311 2329/3696/2310 2270/3720/2324
f 2336/3722/2325 2339/3726/2329 2338/3723/2326
f 2337/3725/2328 2340/3728/2331 2339/3726/2329
f 2339/3726/2329 2342/3729/2332 2341/3727/2330
f 2340/3728/2331 2343/3737/2333 2342/3729/2332
f 2255/3730/2254 2275/3731/2278 2335/3724/2327
f 2275/3731/2278 2276/3733/2288 2336/3722/2325
f 2277/3732/2287 2337/3725/2328 2336/3722/2325
f 2259/3734/2286 2284/3735/2297 2337/3725/2328
f 2284/3735/2297 2285/4536/2308 2340/3728/2331
f 2340/3728/2331 2285/4536/2308 2286/3736/2306
f 2343/3737/2333 2286/3736/2306 2261/3710/2307
f 2343/3737/2333 2295/3708/2319 2294/3706/2318
f 2342/3729/2332 2294/3706/2318 2293/3705/2317
f 2341/3727/2330 2293/3705/2317 2257/3624/2259
f 2338/3723/2326 2341/3727/2330 2268/3625/2260
f 2335/3724/2327 2338/3723/2326 2267/3622/2257
f 2344/3738/2334 2345/3741/2337 2348/3739/2335
f 2345/3741/2337 2346/3750/2342 2349/3742/2338
f 2348/3739/2335 2351/3745/2341 2350/3743/2339
f 2348/3739/2335 2349/3742/2338 2352/3744/2340
f 2256/3640/2268 2272/3639/2266 2344/3746/2334
f 2272/3637/2266 2273/3636/2265 2345/3741/2337
f 2274/3748/2264 2346/3750/2342 2345/3741/2337
f 2258/3749/2263 2296/4537/2323 2346/3750/2342
f 2346/3750/2342 2296/4537/2323 2297/3751/2322
f 2349/3742/2338 2297/3751/2322 2298/3715/2321
f 2352/3744/2340 2298/3715/2321 2262/3752/2302
f 2351/3745/2341 2352/3744/2340 2289/3753/2301
f 2351/3745/2341 2288/3682/2300 2287/3754/2343
f 2350/3743/2339 2287/3754/2343 2260/3680/2298
f 2347/3740/2336 2350/3743/2339 2280/3659/2282
f 2344/3738/2334 2347/3740/2336 2279/3657/2280
f 2353/3755/2344 2362/3792/2348 2373/3756/2345
f 2355/3758/2347 2363/3784/2363 2373/3759/2345
f 2373/3761/2345 2363/4538/2363 2356/3762/2349
f 2373/3761/2345 2364/3763/2350 2354/3764/2351
f 2353/3755/2344 2361/3757/2346 2374/3766/2352
f 2354/3768/2351 2366/3797/2368 2374/3769/2352
f 2374/3769/2352 2366/3797/2368 2358/3771/2354
f 2374/3766/2352 2367/4539/2355 2357/3773/2356
f 2357/3774/2356 2367/3778/2355 2375/3775/2357
f 2358/3777/2354 2369/4540/2369 2375/3775/2357
f 2375/3779/2357 2369/3800/2369 2360/3780/2359
f 2375/3775/2357 2370/4541/2360 2359/3782/2361
f 2355/3758/2347 2371/3786/2364 2376/3783/2362
f 2359/3785/2361 2370/4542/2360 2376/3783/2362
f 2376/3787/2362 2370/3781/2360 2360/3780/2359
f 2376/3787/2362 2372/3788/2365 2356/3789/2349
f 2353/3755/2344 2365/3767/2353 2377/3791/2366
f 2357/3774/2356 2368/3776/2358 2377/3793/2366
f 2377/3795/2366 2368/4543/2358 2359/3785/2361
f 2377/3795/2366 2371/3786/2364 2355/3758/2347
f 2354/3768/2351 2364/4544/2350 2378/3796/2367
f 2356/3762/2349 2372/4545/2365 2378/3798/2367
f 2378/3799/2367 2372/3788/2365 2360/3780/2359
f 2378/3796/2367 2369/4546/2369 2358/3771/2354
f 2379/3801/2370 2381/4547/2377 2382/3802/2371
f 2379/3801/2370 2380/3803/2372 2384/3804/2373
f 2383/3806/2374 2384/4548/2373 2386/3807/2375
f 2385/3809/2376 2386/4549/2375 2382/3810/2371
f 2379/3812/2370 2383/4550/2374 2385/3813/2376
f 2380/3815/2372 2382/4551/2371 2386/3816/2375
f 2387/3818/2378 2396/3821/2381 2407/3819/2379
f 2396/3821/2381 2389/4552/2397 2397/3822/2382
f 2407/3819/2379 2397/3822/2382 2390/3823/2383
f 2407/3819/2379 2398/3824/2384 2388/3825/2385
f 2387/3826/2378 2395/3830/2380 2408/3827/2386
f 2388/3829/2385 2400/3831/2388 2408/3827/2386
f 2400/3831/2388 2392/4553/2403 2401/3832/2389
f 2408/3827/2386 2401/3832/2389 2391/3833/2390
f 2391/3834/2390 2401/3837/2389 2409/3835/2391
f 2401/3837/2389 2392/4554/2403 2403/3838/2393
f 2409/3835/2391 2403/3838/2393 2394/3839/2394
f 2409/3835/2391 2404/3840/2395 2393/3841/2396
f 2389/3842/2397 2405/3858/2399 2410/3843/2398
f 2393/3845/2396 2404/4555/2395 2410/3846/2398
f 2410/3846/2398 2404/4555/2395 2394/3848/2394
f 2397/3850/2382 2410/3846/2398 2406/3849/2400
f 2399/3852/2387 2411/3856/2401 2396/3853/2381
f 2391/3833/2390 2402/4556/2392 2411/3855/2401
f 2411/3856/2401 2402/4557/2392 2393/3857/2396
f 2411/3856/2401 2405/3858/2399 2389/3842/2397
f 2388/3859/2385 2398/4558/2384 2412/3860/2402
f 2390/3851/2383 2406/3849/2400 2412/3862/2402
f 2406/3864/2400 2394/4559/2394 2403/3865/2393
f 2412/3860/2402 2403/3865/2393 2392/3866/2403
f 2413/3867/2404 2422/3871/2408 2433/3868/2405
f 2415/3870/2407 2423/4560/2424 2433/3868/2405
f 2433/3868/2405 2423/4560/2424 2416/3872/2409
f 2433/3868/2405 2424/3873/2410 2414/3874/2411
f 2413/3875/2404 2421/4561/2406 2434/3876/2412
f 2421/3878/2406 2414/4562/2411 2426/3879/2414
f 2434/3880/2412 2426/3879/2414 2418/3881/2415
f 2425/3883/2413 2434/3880/2412 2427/3882/2416
f 2417/3885/2417 2427/3889/2416 2435/3886/2418
f 2418/3888/2415 2429/4563/2429 2435/3886/2418
f 2435/3886/2418 2429/4563/2429 2420/3890/2420
f 2435/3886/2418 2430/3891/2421 2419/3892/2422
f 2415/3893/2407 2431/3896/2425 2436/3894/2423
f 2431/3896/2425 2419/4564/2422 2430/3897/2421
f 2436/3898/2423 2430/4565/2421 2420/3899/2420
f 2423/3901/2424 2436/3898/2423 2432/3900/2426
f 2413/3875/2404 2425/3877/2413 2437/3903/2427
f 2425/3877/2413 2417/4566/2417 2428/3905/2419
f 2437/3903/2427 2428/3905/2419 2419/3906/2422
f 2422/3904/2408 2437/3903/2427 2431/3907/2425
f 2414/3909/2411 2424/3912/2410 2438/3910/2428
f 2424/3912/2410 2416/3902/2409 2432/3900/2426
f 2438/3910/2428 2432/3900/2426 2420/3899/2420
f 2426/3911/2414 2438/3910/2428 2429/3913/2429
f 2448/3915/2430 2459/3919/2434 2447/3916/2431
f 2441/3918/2433 2449/3920/2435 2459/3919/2434
f 2449/3920/2435 2442/3956/2453 2450/3921/2436
f 2459/3919/2434 2450/3921/2436 2440/3922/2437
f 2447/3923/2431 2460/3927/2439 2451/3924/2438
f 2440/3926/2437 2452/3928/2440 2460/3927/2439
f 2452/3928/2440 2444/3962/2444 2453/3929/2441
f 2460/3927/2439 2453/3929/2441 2443/3930/2442
f 2453/3931/2441 2461/3935/2445 2454/3932/2443
f 2444/3934/2444 2455/3936/2446 2461/3935/2445
f 2455/3936/2446 2446/4567/2451 2456/3937/2447
f 2461/3935/2445 2456/3937/2447 2445/3938/2448
f 2457/3939/2449 2462/3943/2450 2449/3940/2435
f 2445/3942/2448 2456/4568/2447 2462/3943/2450
f 2462/3943/2450 2456/4568/2447 2446/3944/2451
f 2462/3943/2450 2458/3945/2452 2442/3946/2453
f 2439/3947/2432 2451/3951/2438 2463/3948/2454
f 2443/3950/2442 2454/4569/2443 2463/3948/2454
f 2454/3952/2443 2445/3942/2448 2457/3939/2449
f 2463/3953/2454 2457/3939/2449 2441/3941/2433
f 2450/3955/2436 2464/3961/2455 2452/3928/2440
f 2442/3956/2453 2458/4570/2452 2464/3957/2455
f 2464/3958/2455 2458/4571/2452 2446/3959/2451
f 2464/3961/2455 2455/4572/2446 2444/3962/2444
f 2465/3963/2456 2474/3967/2460 2485/3964/2457
f 2467/3966/2459 2475/4573/2475 2485/3964/2457
f 2485/3968/2457 2475/4574/2475 2468/3969/2461
f 2485/3968/2457 2476/3970/2462 2466/3971/2463
f 2465/3973/2456 2473/3977/2458 2486/3974/2464
f 2466/3976/2463 2478/4575/2481 2486/3974/2464
f 2486/3974/2464 2478/4575/2481 2470/3978/2466
f 2486/3974/2464 2479/3979/2467 2469/3980/2468
f 2469/3981/2468 2479/4576/2467 2487/3982/2469
f 2470/3984/2466 2481/4009/2471 2487/3985/2469
f 2481/3987/2471 2472/3996/2477 2482/3988/2472
f 2487/3982/2469 2482/4577/2472 2471/3990/2473
f 2467/3991/2459 2483/3995/2476 2488/3992/2474
f 2471/3994/2473 2482/3988/2472 2488/3992/2474
f 2488/3992/2474 2482/3988/2472 2472/3996/2477
f 2488/3992/2474 2484/3997/2478 2468/3998/2461
f 2465/3963/2456 2477/4578/2465 2489/3999/2479
f 2477/4000/2465 2469/3981/2468 2480/3983/2470
f 2489/4001/2479 2480/3983/2470 2471/3990/2473
f 2474/3967/2460 2489/3999/2479 2483/4003/2476
f 2466/3971/2463 2476/3970/2462 2490/4004/2480
f 2476/3970/2462 2468/3969/2461 2484/4006/2478
f 2490/4007/2480 2484/4579/2478 2472/4008/2477
f 2478/4010/2481 2490/4007/2480 2481/4009/2471
f 2491/4011/2482 2493/4024/2488 2494/4012/2483
f 2491/4014/2482 2492/4580/2484 2496/4015/2485
f 2496/4017/2485 2498/4026/2489 2497/4018/2487
f 2493/4020/2488 2497/4581/2487 2498/4021/2489
f 2491/4011/2482 2495/4582/2486 2497/4023/2487
f 2492/4025/2484 2494/4583/2483 2498/4026/2489
f 2499/4027/2490 2501/4584/2497 2502/4028/2491
f 2499/4030/2490 2500/4585/2492 2504/4031/2493
f 2503/4033/2494 2504/4586/2493 2506/4034/2495
f 2501/4036/2497 2505/4587/2496 2506/4037/2495
f 2503/4039/2494 2505/4588/2496 2501/4040/2497
f 2502/4042/2491 2506/4589/2495 2504/4043/2493
